requestType,queueLength,netthreadTime,queueTime,workerPreTime,memcachedRTT,workerPostTime, totalRequests
GET,1.2410398836176766,25259.19439721136,100035.78512724594,30876.181247520264,803061.0398316613,23745.61618394453,211716
