requestType,queueLength,netthreadTime,queueTime,workerPreTime,memcachedRTT,workerPostTime, totalRequests
GET,1.2706839402517294,22971.147519386694,107123.85065236846,19967.11219892533,813225.7444374883,21664.841196194484,260359
