{"configuration": {"ratio": "1:0"}, "ALL STATS": {"Sets": {"Latency": 23.513333333333332, "Ops/sec": 1361.6666666666667}}}