{"configuration": {"ratio": "1:0"}, "ALL STATS": {"Sets": {"Ops/sec": 1297.3333333333333, "Latency": 24.63166666666667}}}