{"ALL STATS": {"Gets": {"Ops/sec": 1387.1666666666667, "Latency": 24.441666666666666}}, "configuration": {"ratio": "0:1"}}