{"configuration": {"ratio": "1:0"}, "ALL STATS": {"Sets": {"Ops/sec": 1392.857142857143, "Latency": 22.978571428571428}}}