{"ALL STATS": {"Gets": {"Latency": 22.828571428571426, "Ops/sec": 1406.4285714285713}}, "configuration": {"ratio": "0:1"}}