{"ALL STATS": {"Sets": {"Ops/sec": 1402.6666666666667, "Latency": 22.816666666666663}}, "configuration": {"ratio": "1:0"}}