{"ALL STATS": {"Gets": {"Latency": 23.604285714285716, "Ops/sec": 1382.4285714285713}}, "configuration": {"ratio": "0:1"}}