{"ALL STATS": {"Gets": {"Latency": 23.845714285714287, "Ops/sec": 1342.142857142857}}, "configuration": {"ratio": "0:1"}}