{"configuration": {"ratio": "1:0"}, "ALL STATS": {"Sets": {"Ops/sec": 1345.2857142857142, "Latency": 23.821428571428566}}}