{"ALL STATS": {"Sets": {"Ops/sec": 1362.1666666666667, "Latency": 23.49666666666667}}, "configuration": {"ratio": "1:0"}}