{"configuration": {"ratio": "0:1"}, "ALL STATS": {"Gets": {"Latency": 24.506666666666664, "Ops/sec": 1333.6666666666667}}}