{"configuration": {"ratio": "0:1"}, "ALL STATS": {"Gets": {"Latency": 23.68285714285714, "Ops/sec": 1348.857142857143}}}