{"ALL STATS": {"Gets": {"Ops/sec": 1396.2857142857142, "Latency": 23.832857142857144}}, "configuration": {"ratio": "0:1"}}