{"ALL STATS": {"Gets": {"Latency": 23.25666666666667, "Ops/sec": 1395.3333333333333}}, "configuration": {"ratio": "0:1"}}