{"ALL STATS": {"Sets": {"Latency": 22.933333333333337, "Ops/sec": 1394.3333333333333}}, "configuration": {"ratio": "1:0"}}