{"ALL STATS": {"Sets": {"Ops/sec": 2564.347222222222, "Latency": 25.186527777777783}}, "configuration": {"ratio": "1:0"}}