{"ALL STATS": {"Gets": {"Latency": 21.79527777777778, "Ops/sec": 2935.5833333333335}}, "configuration": {"ratio": "0:1"}}