{"ALL STATS": {"Sets": {"Latency": 25.54887323943662, "Ops/sec": 2508.323943661972}}, "configuration": {"ratio": "1:0"}}