{"configuration": {"ratio": "0:1"}, "ALL STATS": {"Gets": {"Latency": 21.987323943661973, "Ops/sec": 2909.6901408450703}}}