{"configuration": {"ratio": "0:1"}, "ALL STATS": {"Gets": {"Ops/sec": 2926.0675675675675, "Latency": 21.862297297297292}}}