{"configuration": {"ratio": "1:0"}, "ALL STATS": {"Sets": {"Latency": 23.762361111111108, "Ops/sec": 2692.3888888888887}}}