{"ALL STATS": {"Gets": {"Ops/sec": 2924.0555555555557, "Latency": 21.878888888888888}}, "configuration": {"ratio": "0:1"}}