{"configuration": {"ratio": "0:1"}, "ALL STATS": {"Gets": {"Latency": 21.723243243243243, "Ops/sec": 2944.9189189189187}}}