{"ALL STATS": {"Gets": {"Latency": 21.739324324324325, "Ops/sec": 2942.527027027027}}, "configuration": {"ratio": "0:1"}}