{"ALL STATS": {"Sets": {"Ops/sec": 2568.777777777778, "Latency": 24.986527777777777}}, "configuration": {"ratio": "1:0"}}