{"ALL STATS": {"Sets": {"Latency": 25.49408450704225, "Ops/sec": 2514.042253521127}}, "configuration": {"ratio": "1:0"}}