{"ALL STATS": {"Gets": {"Latency": 21.71605633802817, "Ops/sec": 2946.042253521127}}, "configuration": {"ratio": "0:1"}}