{"ALL STATS": {"Gets": {"Latency": 21.860694444444444, "Ops/sec": 2926.3194444444443}}, "configuration": {"ratio": "0:1"}}