{"ALL STATS": {"Sets": {"Ops/sec": 2656.2535211267605, "Latency": 24.087464788732397}}, "configuration": {"ratio": "1:0"}}