{"configuration": {"ratio": "0:1"}, "ALL STATS": {"Gets": {"Ops/sec": 2905.9054054054054, "Latency": 22.01662162162162}}}