{"ALL STATS": {"Sets": {"Latency": 24.520405405405405, "Ops/sec": 2608.891891891892}}, "configuration": {"ratio": "1:0"}}