{"configuration": {"ratio": "1:0"}, "ALL STATS": {"Sets": {"Ops/sec": 2550.042253521127, "Latency": 25.109295774647887}}}