{"configuration": {"ratio": "0:1"}, "ALL STATS": {"Gets": {"Ops/sec": 2929.347222222222, "Latency": 21.839166666666667}}}