{"configuration": {"ratio": "1:0"}, "ALL STATS": {"Sets": {"Ops/sec": 2567.760563380282, "Latency": 25.003380281690145}}}