{"ALL STATS": {"Gets": {"Latency": 21.901111111111113, "Ops/sec": 2921.597222222222}}, "configuration": {"ratio": "0:1"}}