{"ALL STATS": {"Gets": {"Ops/sec": 2936.3783783783783, "Latency": 21.78581081081081}}, "configuration": {"ratio": "0:1"}}