{"ALL STATS": {"Sets": {"Ops/sec": 2537.652777777778, "Latency": 25.246111111111112}}, "configuration": {"ratio": "1:0"}}