{"configuration": {"ratio": "1:0"}, "ALL STATS": {"Sets": {"Ops/sec": 2547.054054054054, "Latency": 25.1422972972973}}}