{"configuration": {"ratio": "0:1"}, "ALL STATS": {"Gets": {"Latency": 21.862253521126757, "Ops/sec": 2926.394366197183}}}