{"ALL STATS": {"Sets": {"Latency": 24.233472222222222, "Ops/sec": 2639.7638888888887}}, "configuration": {"ratio": "1:0"}}