{"configuration": {"ratio": "1:0"}, "ALL STATS": {"Sets": {"Latency": 24.484507042253522, "Ops/sec": 2612.830985915493}}}