{"configuration": {"ratio": "1:0"}, "ALL STATS": {"Sets": {"Ops/sec": 2594.527777777778, "Latency": 24.65138888888889}}}