{"configuration": {"ratio": "0:1"}, "ALL STATS": {"Gets": {"Ops/sec": 2903.5833333333335, "Latency": 22.029722222222222}}}