{"ALL STATS": {"Gets": {"Ops/sec": 2983.8028169014083, "Latency": 21.439014084507033}}, "configuration": {"ratio": "0:1"}}