{"configuration": {"ratio": "1:0"}, "ALL STATS": {"Sets": {"Ops/sec": 2614.7567567567567, "Latency": 24.467567567567563}}}