{"configuration": {"ratio": "1:0"}, "ALL STATS": {"Sets": {"Latency": 24.609305555555558, "Ops/sec": 2477.6666666666665}}}