{"configuration": {"ratio": "0:1"}, "ALL STATS": {"Gets": {"Latency": 21.845890410958905, "Ops/sec": 2928.3150684931506}}}