{"configuration": {"ratio": "1:0"}, "ALL STATS": {"Sets": {"Latency": 7.451267605633802, "Ops/sec": 2147.5915492957747}}}