{"configuration": {"ratio": "1:0"}, "ALL STATS": {"Sets": {"Ops/sec": 1867.056338028169, "Latency": 25.711971830985913}}}