{"configuration": {"ratio": "1:0"}, "ALL STATS": {"Sets": {"Latency": 2.892571428571428, "Ops/sec": 1384.1571428571428}}}