{"configuration": {"ratio": "1:0"}, "ALL STATS": {"Sets": {"Latency": 1.8052857142857144, "Ops/sec": 552.8571428571429}}}