{"configuration": {"ratio": "1:0"}, "ALL STATS": {"Sets": {"Latency": 15.071690140845073, "Ops/sec": 2123.492957746479}}}