{"configuration": {"ratio": "1:0"}, "ALL STATS": {"Sets": {"Latency": 29.88436619718309, "Ops/sec": 1607.7323943661972}}}