{"ALL STATS": {"Sets": {"Latency": 10.915142857142857, "Ops/sec": 1466.1571428571428}}, "configuration": {"ratio": "1:0"}}