{"ALL STATS": {"Sets": {"Ops/sec": 2212.0285714285715, "Latency": 14.474857142857143}}, "configuration": {"ratio": "1:0"}}