{"configuration": {"ratio": "1:0"}, "ALL STATS": {"Sets": {"Latency": 1.782857142857143, "Ops/sec": 564.7571428571429}}}