{"configuration": {"ratio": "1:0"}, "ALL STATS": {"Sets": {"Ops/sec": 1579.5070422535211, "Latency": 20.276056338028166}}}