{"ALL STATS": {"Sets": {"Ops/sec": 566.4571428571429, "Latency": 1.7595714285714288}}, "configuration": {"ratio": "1:0"}}