{"configuration": {"ratio": "1:0"}, "ALL STATS": {"Sets": {"Latency": 21.879154929577467, "Ops/sec": 1464.0985915492959}}}