{"ALL STATS": {"Sets": {"Ops/sec": 1466.9285714285713, "Latency": 21.84228571428572}}, "configuration": {"ratio": "1:0"}}