{"ALL STATS": {"Sets": {"Latency": 2.8467142857142864, "Ops/sec": 1407.6857142857143}}, "configuration": {"ratio": "1:0"}}