{"ALL STATS": {"Sets": {"Latency": 20.63535211267606, "Ops/sec": 1551.3239436619717}}, "configuration": {"ratio": "1:0"}}