{"configuration": {"ratio": "1:0"}, "ALL STATS": {"Sets": {"Latency": 25.77929577464789, "Ops/sec": 1863.0140845070423}}}