{"configuration": {"ratio": "1:0"}, "ALL STATS": {"Sets": {"Ops/sec": 2174.4084507042253, "Latency": 11.03732394366197}}}