{"ALL STATS": {"Sets": {"Ops/sec": 2194.169014084507, "Latency": 14.593802816901409}}, "configuration": {"ratio": "1:0"}}