{"ALL STATS": {"Sets": {"Ops/sec": 1664.557142857143, "Latency": 4.804571428571429}}, "configuration": {"ratio": "1:0"}}