{"ALL STATS": {"Sets": {"Latency": 18.687222222222218, "Ops/sec": 2570.7083333333335}}, "configuration": {"ratio": "1:0"}}