{"ALL STATS": {"Sets": {"Ops/sec": 1737.2571428571428, "Latency": 9.209285714285716}}, "configuration": {"ratio": "1:0"}}