{"configuration": {"ratio": "1:0"}, "ALL STATS": {"Sets": {"Ops/sec": 2516.211267605634, "Latency": 19.076619718309857}}}