{"configuration": {"ratio": "1:0"}, "ALL STATS": {"Sets": {"Latency": 2.8755714285714284, "Ops/sec": 1390.9142857142858}}}