{"configuration": {"ratio": "1:0"}, "ALL STATS": {"Sets": {"Ops/sec": 1464.338028169014, "Latency": 21.871126760563374}}}