{"configuration": {"ratio": "1:0"}, "ALL STATS": {"Sets": {"Ops/sec": 2204.042253521127, "Latency": 14.523943661971831}}}