{"configuration": {"ratio": "1:0"}, "ALL STATS": {"Sets": {"Ops/sec": 1459.442857142857, "Latency": 5.481000000000001}}}