{"ALL STATS": {"Sets": {"Ops/sec": 537.4285714285714, "Latency": 1.8557142857142859}}, "configuration": {"ratio": "1:0"}}