{"configuration": {"ratio": "1:0"}, "ALL STATS": {"Sets": {"Latency": 1.7930000000000001, "Ops/sec": 555.5285714285715}}}