{"configuration": {"ratio": "1:0"}, "ALL STATS": {"Sets": {"Latency": 13.970416666666667, "Ops/sec": 1717.6527777777778}}}