{"configuration": {"ratio": "1:0"}, "ALL STATS": {"Sets": {"Latency": 3.892714285714286, "Ops/sec": 2054.9285714285716}}}