{"ALL STATS": {"Sets": {"Latency": 18.66154929577465, "Ops/sec": 2573.0140845070423}}, "configuration": {"ratio": "1:0"}}