{"configuration": {"ratio": "1:0"}, "ALL STATS": {"Sets": {"Ops/sec": 1474.5070422535211, "Latency": 32.56985915492958}}}