{"ALL STATS": {"Sets": {"Ops/sec": 1760.1830985915492, "Latency": 4.542394366197182}}, "configuration": {"ratio": "1:0"}}