{"configuration": {"ratio": "1:0"}, "ALL STATS": {"Sets": {"Ops/sec": 1705.9014084507041, "Latency": 14.068028169014086}}}