{"configuration": {"ratio": "1:0"}, "ALL STATS": {"Sets": {"Latency": 1.8754285714285714, "Ops/sec": 535.2428571428571}}}