{"ALL STATS": {"Sets": {"Latency": 7.128714285714286, "Ops/sec": 2244.1714285714284}}, "configuration": {"ratio": "1:0"}}