{"ALL STATS": {"Sets": {"Latency": 2.8890000000000002, "Ops/sec": 1384.2714285714285}}, "configuration": {"ratio": "1:0"}}