{"ALL STATS": {"Sets": {"Latency": 23.68676056338028, "Ops/sec": 2026.2957746478874}}, "configuration": {"ratio": "1:0"}}