{"ALL STATS": {"Sets": {"Ops/sec": 1412.6714285714286, "Latency": 2.831285714285714}}, "configuration": {"ratio": "1:0"}}