{"ALL STATS": {"Sets": {"Latency": 4.614857142857143, "Ops/sec": 1734.2571428571428}}, "configuration": {"ratio": "1:0"}}