{"configuration": {"ratio": "1:0"}, "ALL STATS": {"Sets": {"Ops/sec": 2276.2957746478874, "Latency": 21.090704225352113}}}