{"configuration": {"ratio": "1:0"}, "ALL STATS": {"Sets": {"Latency": 10.51257142857143, "Ops/sec": 1522.642857142857}}}