{"configuration": {"ratio": "1:0"}, "ALL STATS": {"Sets": {"Latency": 1.7654285714285713, "Ops/sec": 565.0428571428571}}}