{"ALL STATS": {"Sets": {"Ops/sec": 1588.5833333333333, "Latency": 30.24694444444444}}, "configuration": {"ratio": "1:0"}}