{"configuration": {"ratio": "1:0"}, "ALL STATS": {"Sets": {"Latency": 1.7930000000000001, "Ops/sec": 556.6428571428571}}}