{"ALL STATS": {"Sets": {"Ops/sec": 1397.3428571428572, "Latency": 2.8645714285714288}}, "configuration": {"ratio": "1:0"}}