{"ALL STATS": {"Sets": {"Latency": 2.8402857142857143, "Ops/sec": 1407.6714285714286}}, "configuration": {"ratio": "1:0"}}