{"configuration": {"ratio": "1:0"}, "ALL STATS": {"Sets": {"Latency": 2.956428571428571, "Ops/sec": 1353.442857142857}}}