{"configuration": {"ratio": "1:0"}, "ALL STATS": {"Sets": {"Latency": 2.7791428571428565, "Ops/sec": 1441.7142857142858}}}