{"ALL STATS": {"Sets": {"Latency": 16.722394366197186, "Ops/sec": 1435.661971830986}}, "configuration": {"ratio": "1:0"}}