{"configuration": {"ratio": "1:0"}, "ALL STATS": {"Sets": {"Latency": 7.277183098591548, "Ops/sec": 2198.6338028169016}}}