{"configuration": {"ratio": "1:0"}, "ALL STATS": {"Sets": {"Latency": 27.442394366197185, "Ops/sec": 1639.8591549295775}}}