{"ALL STATS": {"Sets": {"Ops/sec": 2162.6285714285714, "Latency": 7.395857142857142}}, "configuration": {"ratio": "1:0"}}