{"configuration": {"ratio": "1:0"}, "ALL STATS": {"Sets": {"Ops/sec": 2111.4285714285716, "Latency": 7.575857142857142}}}