{"configuration": {"ratio": "1:0"}, "ALL STATS": {"Sets": {"Latency": 27.503194444444446, "Ops/sec": 1745.138888888889}}}