{"configuration": {"ratio": "1:0"}, "ALL STATS": {"Sets": {"Ops/sec": 1472.888888888889, "Latency": 32.60319444444445}}}