{"ALL STATS": {"Sets": {"Ops/sec": 1450.1142857142856, "Latency": 2.759428571428572}}, "configuration": {"ratio": "1:0"}}