{"configuration": {"ratio": "1:0"}, "ALL STATS": {"Sets": {"Latency": 14.524366197183099, "Ops/sec": 2206.478873239437}}}