{"configuration": {"ratio": "1:0"}, "ALL STATS": {"Sets": {"Latency": 8.712676056338028, "Ops/sec": 1836.4084507042253}}}