{"configuration": {"ratio": "1:0"}, "ALL STATS": {"Sets": {"Ops/sec": 1432.7571428571428, "Latency": 2.7917142857142863}}}