{"ALL STATS": {"Sets": {"Ops/sec": 2396.788732394366, "Latency": 10.01338028169014}}, "configuration": {"ratio": "1:0"}}