{"ALL STATS": {"Sets": {"Ops/sec": 2209.942857142857, "Latency": 21.721714285714285}}, "configuration": {"ratio": "1:0"}}