{"ALL STATS": {"Sets": {"Ops/sec": 541.7428571428571, "Latency": 1.840857142857143}}, "configuration": {"ratio": "1:0"}}