{"configuration": {"ratio": "1:0"}, "ALL STATS": {"Sets": {"Latency": 9.98057142857143, "Ops/sec": 2406.557142857143}}}