{"configuration": {"ratio": "1:0"}, "ALL STATS": {"Sets": {"Latency": 1.8301428571428568, "Ops/sec": 544.9857142857143}}}