{"ALL STATS": {"Sets": {"Latency": 4.295285714285716, "Ops/sec": 1861.5142857142857}}, "configuration": {"ratio": "1:0"}}