{"configuration": {"ratio": "1:0"}, "ALL STATS": {"Sets": {"Ops/sec": 1410.3285714285714, "Latency": 2.837285714285714}}}