{"configuration": {"ratio": "1:0"}, "ALL STATS": {"Sets": {"Ops/sec": 564.6714285714286, "Latency": 1.7698571428571428}}}