{"ALL STATS": {"Sets": {"Latency": 13.050281690140842, "Ops/sec": 1838.8450704225352}}, "configuration": {"ratio": "1:0"}}