{"configuration": {"ratio": "1:0"}, "ALL STATS": {"Sets": {"Ops/sec": 2178.7285714285713, "Latency": 7.343571428571428}}}