{"ALL STATS": {"Sets": {"Latency": 5.222428571428571, "Ops/sec": 1531.8285714285714}}, "configuration": {"ratio": "1:0"}}