{"ALL STATS": {"Sets": {"Ops/sec": 1459.4225352112676, "Latency": 21.934929577464786}}, "configuration": {"ratio": "1:0"}}