{"configuration": {"ratio": "1:0"}, "ALL STATS": {"Sets": {"Ops/sec": 1786.2535211267605, "Latency": 8.96169014084507}}}