{"configuration": {"ratio": "1:0"}, "ALL STATS": {"Sets": {"Latency": 9.274857142857144, "Ops/sec": 1728.2142857142858}}}