{"ALL STATS": {"Sets": {"Latency": 2.7962857142857143, "Ops/sec": 1433.5285714285715}}, "configuration": {"ratio": "1:0"}}