{"configuration": {"ratio": "1:0"}, "ALL STATS": {"Sets": {"Ops/sec": 1749.7571428571428, "Latency": 9.145428571428571}}}