{"ALL STATS": {"Sets": {"Ops/sec": 1468.6142857142856, "Latency": 10.90214285714286}}, "configuration": {"ratio": "1:0"}}