{"ALL STATS": {"Sets": {"Ops/sec": 1846.4714285714285, "Latency": 13.004714285714288}}, "configuration": {"ratio": "1:0"}}