{"ALL STATS": {"Sets": {"Latency": 1.8681428571428573, "Ops/sec": 534.0428571428571}}, "configuration": {"ratio": "1:0"}}