{"ALL STATS": {"Sets": {"Latency": 31.48901408450704, "Ops/sec": 1525.7323943661972}}, "configuration": {"ratio": "1:0"}}