{"ALL STATS": {"Sets": {"Ops/sec": 1346.357142857143, "Latency": 2.972285714285714}}, "configuration": {"ratio": "1:0"}}