{"ALL STATS": {"Sets": {"Latency": 1.799714285714286, "Ops/sec": 554.0285714285715}}, "configuration": {"ratio": "1:0"}}