{"ALL STATS": {"Sets": {"Ops/sec": 1561.5352112676057, "Latency": 20.500281690140845}}, "configuration": {"ratio": "1:0"}}