{"ALL STATS": {"Sets": {"Latency": 5.301571428571428, "Ops/sec": 1510.3142857142857}}, "configuration": {"ratio": "1:0"}}