{"configuration": {"ratio": "1:0"}, "ALL STATS": {"Sets": {"Ops/sec": 2181.972222222222, "Latency": 22.003333333333334}}}