{"configuration": {"ratio": "1:0"}, "ALL STATS": {"Sets": {"Ops/sec": 2347.2571428571428, "Latency": 10.226000000000003}}}