{"ALL STATS": {"Sets": {"Ops/sec": 1720.4285714285713, "Latency": 13.947142857142858}}, "configuration": {"ratio": "1:0"}}