{"configuration": {"ratio": "1:0"}, "ALL STATS": {"Sets": {"Latency": 8.755714285714285, "Ops/sec": 1826.8285714285714}}}