{"configuration": {"ratio": "1:0"}, "ALL STATS": {"Sets": {"Latency": 2.8338571428571435, "Ops/sec": 1411.8285714285714}}}