{"configuration": {"ratio": "1:0"}, "ALL STATS": {"Sets": {"Latency": 2.9932857142857134, "Ops/sec": 1338.0714285714287}}}