{"configuration": {"ratio": "1:0"}, "ALL STATS": {"Sets": {"Ops/sec": 1721.0714285714287, "Latency": 9.294285714285715}}}