{"ALL STATS": {"Sets": {"Latency": 12.772083333333333, "Ops/sec": 2505.972222222222}}, "configuration": {"ratio": "1:0"}}