{"ALL STATS": {"Sets": {"Latency": 12.990704225352111, "Ops/sec": 1848.1971830985915}}, "configuration": {"ratio": "1:0"}}