{"ALL STATS": {"Sets": {"Latency": 5.195571428571427, "Ops/sec": 1540.357142857143}}, "configuration": {"ratio": "1:0"}}