{"configuration": {"ratio": "1:0"}, "ALL STATS": {"Sets": {"Latency": 2.8965714285714284, "Ops/sec": 1381.1142857142856}}}