{"configuration": {"ratio": "1:0"}, "ALL STATS": {"Sets": {"Ops/sec": 1414.1830985915492, "Latency": 2.829014084507042}}}