{"configuration": {"ratio": "1:0"}, "ALL STATS": {"Sets": {"Ops/sec": 2463.1857142857143, "Latency": 9.747571428571428}}}