{"ALL STATS": {"Sets": {"Latency": 1.909857142857143, "Ops/sec": 523.2714285714286}}, "configuration": {"ratio": "1:0"}}