{"configuration": {"ratio": "1:0"}, "ALL STATS": {"Sets": {"Latency": 9.135285714285713, "Ops/sec": 1751.6142857142856}}}