{"ALL STATS": {"Sets": {"Latency": 7.468142857142856, "Ops/sec": 2145.1857142857143}}, "configuration": {"ratio": "1:0"}}