{"ALL STATS": {"Sets": {"Latency": 10.080428571428573, "Ops/sec": 2381.885714285714}}, "configuration": {"ratio": "1:0"}}