{"ALL STATS": {"Sets": {"Latency": 10.319142857142857, "Ops/sec": 1551.2285714285715}}, "configuration": {"ratio": "1:0"}}