{"ALL STATS": {"Sets": {"Latency": 3.631285714285714, "Ops/sec": 2202.885714285714}}, "configuration": {"ratio": "1:0"}}