{"configuration": {"ratio": "1:0"}, "ALL STATS": {"Sets": {"Ops/sec": 1824.7857142857142, "Latency": 13.151142857142856}}}