{"configuration": {"ratio": "1:0"}, "ALL STATS": {"Sets": {"Ops/sec": 1442.3285714285714, "Latency": 2.7748571428571434}}}