{"configuration": {"ratio": "1:0"}, "ALL STATS": {"Sets": {"Latency": 10.831549295774648, "Ops/sec": 2216.56338028169}}}