{"configuration": {"ratio": "1:0"}, "ALL STATS": {"Sets": {"Latency": 18.383428571428574, "Ops/sec": 2613.442857142857}}}