{"ALL STATS": {"Sets": {"Latency": 21.719154929577467, "Ops/sec": 2210.6478873239435}}, "configuration": {"ratio": "1:0"}}