{"configuration": {"ratio": "1:0"}, "ALL STATS": {"Sets": {"Latency": 3.1044285714285715, "Ops/sec": 1295.2714285714285}}}