{"configuration": {"ratio": "1:0"}, "ALL STATS": {"Sets": {"Latency": 4.511428571428571, "Ops/sec": 1772.7714285714285}}}