{"configuration": {"ratio": "1:0"}, "ALL STATS": {"Sets": {"Latency": 15.789577464788731, "Ops/sec": 1520.7605633802816}}}