{"configuration": {"ratio": "1:0"}, "ALL STATS": {"Sets": {"Ops/sec": 2165.8285714285716, "Latency": 7.387714285714286}}}