{"configuration": {"ratio": "1:0"}, "ALL STATS": {"Sets": {"Ops/sec": 1541.8450704225352, "Latency": 31.146760563380283}}}