{"ALL STATS": {"Sets": {"Ops/sec": 1407.6285714285714, "Latency": 2.8448571428571428}}, "configuration": {"ratio": "1:0"}}