{"ALL STATS": {"Sets": {"Latency": 10.395633802816901, "Ops/sec": 1540.0985915492959}}, "configuration": {"ratio": "1:0"}}