{"ALL STATS": {"Sets": {"Ops/sec": 2423.5714285714284, "Latency": 9.926285714285713}}, "configuration": {"ratio": "1:0"}}