{"ALL STATS": {"Sets": {"Latency": 21.84788732394366, "Ops/sec": 2197.3802816901407}}, "configuration": {"ratio": "1:0"}}