{"configuration": {"ratio": "1:0"}, "ALL STATS": {"Sets": {"Ops/sec": 2408.6805555555557, "Latency": 13.288055555555555}}}