{"configuration": {"ratio": "1:0"}, "ALL STATS": {"Sets": {"Latency": 18.727638888888887, "Ops/sec": 2563.777777777778}}}