{"configuration": {"ratio": "1:0"}, "ALL STATS": {"Sets": {"Ops/sec": 554.5774647887324, "Latency": 1.797887323943662}}}