{"ALL STATS": {"Sets": {"Ops/sec": 2129.9142857142856, "Latency": 7.5114285714285725}}, "configuration": {"ratio": "1:0"}}