{"ALL STATS": {"Sets": {"Ops/sec": 2466.342857142857, "Latency": 9.732999999999999}}, "configuration": {"ratio": "1:0"}}