{"configuration": {"ratio": "1:0"}, "ALL STATS": {"Sets": {"Ops/sec": 1703.6142857142856, "Latency": 4.695857142857142}}}