{"ALL STATS": {"Sets": {"Latency": 2.928285714285714, "Ops/sec": 1366.442857142857}}, "configuration": {"ratio": "1:0"}}