{"configuration": {"ratio": "1:0"}, "ALL STATS": {"Sets": {"Ops/sec": 1827.1571428571428, "Latency": 17.512857142857143}}}