{"ALL STATS": {"Sets": {"Ops/sec": 2606.4861111111113, "Latency": 18.424166666666668}}, "configuration": {"ratio": "1:0"}}