{"ALL STATS": {"Sets": {"Latency": 4.390428571428572, "Ops/sec": 1821.5714285714287}}, "configuration": {"ratio": "1:0"}}