{"configuration": {"ratio": "1:0"}, "ALL STATS": {"Sets": {"Ops/sec": 2353.323943661972, "Latency": 10.198732394366198}}}