{"configuration": {"ratio": "1:0"}, "ALL STATS": {"Sets": {"Latency": 12.811267605633805, "Ops/sec": 2498.394366197183}}}