{"ALL STATS": {"Sets": {"Ops/sec": 2425.9285714285716, "Latency": 9.898428571428568}}, "configuration": {"ratio": "1:0"}}