{"ALL STATS": {"Sets": {"Ops/sec": 2506.9142857142856, "Latency": 12.76785714285714}}, "configuration": {"ratio": "1:0"}}