{"ALL STATS": {"Sets": {"Latency": 11.242142857142857, "Ops/sec": 2135.9714285714285}}, "configuration": {"ratio": "1:0"}}