{"configuration": {"ratio": "1:0"}, "ALL STATS": {"Sets": {"Ops/sec": 2146.652777777778, "Latency": 22.368472222222223}}}