{"ALL STATS": {"Sets": {"Ops/sec": 1709.357142857143, "Latency": 14.06757142857143}}, "configuration": {"ratio": "1:0"}}