{"configuration": {"ratio": "1:0"}, "ALL STATS": {"Sets": {"Ops/sec": 2230.845070422535, "Latency": 21.516760563380284}}}