{"configuration": {"ratio": "1:0"}, "ALL STATS": {"Sets": {"Latency": 18.572816901408448, "Ops/sec": 2585.056338028169}}}