{"configuration": {"ratio": "1:0"}, "ALL STATS": {"Sets": {"Latency": 2.894571428571428, "Ops/sec": 1382.7857142857142}}}