{"ALL STATS": {"Sets": {"Latency": 1.8068571428571427, "Ops/sec": 551.6428571428571}}, "configuration": {"ratio": "1:0"}}