{"ALL STATS": {"Sets": {"Ops/sec": 1303.4444444444443, "Latency": 29.935833333333335}}, "configuration": {"ratio": "1:0"}}