{"configuration": {"ratio": "1:0"}, "ALL STATS": {"Sets": {"Latency": 12.367605633802816, "Ops/sec": 2588.112676056338}}}