{"configuration": {"ratio": "1:0"}, "ALL STATS": {"Sets": {"Latency": 7.491408450704225, "Ops/sec": 2136.042253521127}}}