{"configuration": {"ratio": "1:0"}, "ALL STATS": {"Sets": {"Ops/sec": 1741.513888888889, "Latency": 27.561944444444446}}}