{"configuration": {"ratio": "1:0"}, "ALL STATS": {"Sets": {"Ops/sec": 555.6857142857143, "Latency": 1.796714285714286}}}