{"ALL STATS": {"Sets": {"Ops/sec": 2113.0140845070423, "Latency": 11.358591549295774}}, "configuration": {"ratio": "1:0"}}