{"configuration": {"ratio": "1:0"}, "ALL STATS": {"Sets": {"Ops/sec": 558.4571428571429, "Latency": 1.7852857142857141}}}