{"ALL STATS": {"Sets": {"Ops/sec": 1504.5428571428572, "Latency": 2.659285714285714}}, "configuration": {"ratio": "1:0"}}