{"ALL STATS": {"Sets": {"Ops/sec": 1500.9714285714285, "Latency": 31.34099999999999}}, "configuration": {"ratio": "1:0"}}