{"configuration": {"ratio": "1:0"}, "ALL STATS": {"Sets": {"Latency": 4.4071428571428575, "Ops/sec": 1814.7428571428572}}}