{"configuration": {"ratio": "1:0"}, "ALL STATS": {"Sets": {"Latency": 7.574428571428572, "Ops/sec": 2112.2571428571428}}}