{"ALL STATS": {"Sets": {"Latency": 14.935774647887325, "Ops/sec": 2142.8591549295775}}, "configuration": {"ratio": "1:0"}}