{"ALL STATS": {"Sets": {"Ops/sec": 553.7428571428571, "Latency": 1.8002857142857145}}, "configuration": {"ratio": "1:0"}}