{"ALL STATS": {"Sets": {"Latency": 4.575857142857144, "Ops/sec": 1748.4285714285713}}, "configuration": {"ratio": "1:0"}}