{"ALL STATS": {"Sets": {"Ops/sec": 2535.097222222222, "Latency": 18.938333333333333}}, "configuration": {"ratio": "1:0"}}