{"ALL STATS": {"Sets": {"Latency": 21.89777777777778, "Ops/sec": 2192.5555555555557}}, "configuration": {"ratio": "1:0"}}