{"configuration": {"ratio": "1:0"}, "ALL STATS": {"Sets": {"Latency": 1.8388571428571427, "Ops/sec": 542.9285714285714}}}