{"configuration": {"ratio": "1:0"}, "ALL STATS": {"Sets": {"Latency": 16.788591549295774, "Ops/sec": 1430.0140845070423}}}