{"ALL STATS": {"Sets": {"Latency": 11.392394366197182, "Ops/sec": 2107.3521126760565}}, "configuration": {"ratio": "1:0"}}