{"ALL STATS": {"Sets": {"Latency": 1.7595714285714286, "Ops/sec": 566.4857142857143}}, "configuration": {"ratio": "1:0"}}