{"configuration": {"ratio": "1:0"}, "ALL STATS": {"Sets": {"Latency": 13.951857142857145, "Ops/sec": 1720.4857142857143}}}