{"ALL STATS": {"Sets": {"Ops/sec": 527.6571428571428, "Latency": 1.8984285714285716}}, "configuration": {"ratio": "1:0"}}