{"ALL STATS": {"Sets": {"Ops/sec": 2115.56338028169, "Latency": 11.345633802816899}}, "configuration": {"ratio": "1:0"}}