{"ALL STATS": {"Sets": {"Latency": 4.518857142857143, "Ops/sec": 1770.2571428571428}}, "configuration": {"ratio": "1:0"}}