{"ALL STATS": {"Sets": {"Latency": 14.05676056338028, "Ops/sec": 1707.1690140845071}}, "configuration": {"ratio": "1:0"}}