{"configuration": {"ratio": "1:0"}, "ALL STATS": {"Sets": {"Ops/sec": 1739.4929577464789, "Latency": 27.598309859154934}}}