{"ALL STATS": {"Sets": {"Ops/sec": 1864.4285714285713, "Latency": 4.289857142857143}}, "configuration": {"ratio": "1:0"}}