{"ALL STATS": {"Sets": {"Latency": 2.9839999999999995, "Ops/sec": 1340.1714285714286}}, "configuration": {"ratio": "1:0"}}