{"configuration": {"ratio": "1:0"}, "ALL STATS": {"Sets": {"Latency": 2.9252857142857143, "Ops/sec": 1368.0285714285715}}}