{"ALL STATS": {"Sets": {"Ops/sec": 1873.057142857143, "Latency": 4.268428571428572}}, "configuration": {"ratio": "1:0"}}