{"configuration": {"ratio": "1:0"}, "ALL STATS": {"Sets": {"Ops/sec": 1842.1857142857143, "Latency": 4.340285714285715}}}