{"ALL STATS": {"Sets": {"Ops/sec": 1754.7571428571428, "Latency": 4.558285714285714}}, "configuration": {"ratio": "1:0"}}