{"configuration": {"ratio": "1:0"}, "ALL STATS": {"Sets": {"Latency": 12.84718309859155, "Ops/sec": 2491.154929577465}}}