{"configuration": {"ratio": "1:0"}, "ALL STATS": {"Sets": {"Latency": 4.637142857142857, "Ops/sec": 1724.7285714285715}}}