{"ALL STATS": {"Sets": {"Ops/sec": 1715.0694444444443, "Latency": 13.99152777777778}}, "configuration": {"ratio": "1:0"}}