{"ALL STATS": {"Sets": {"Ops/sec": 1528.5070422535211, "Latency": 15.708028169014085}}, "configuration": {"ratio": "1:0"}}