{"configuration": {"ratio": "1:0"}, "ALL STATS": {"Sets": {"Ops/sec": 1350.1971830985915, "Latency": 2.966760563380282}}}