{"configuration": {"ratio": "1:0"}, "ALL STATS": {"Sets": {"Ops/sec": 544.8142857142857, "Latency": 1.843857142857143}}}