{"ALL STATS": {"Sets": {"Latency": 7.495714285714285, "Ops/sec": 2134.5857142857144}}, "configuration": {"ratio": "1:0"}}