{"configuration": {"ratio": "1:0"}, "ALL STATS": {"Sets": {"Latency": 1.7771428571428571, "Ops/sec": 560.9857142857143}}}