{"ALL STATS": {"Sets": {"Latency": 27.350422535211262, "Ops/sec": 1755.2112676056338}}, "configuration": {"ratio": "1:0"}}