{"ALL STATS": {"Sets": {"Latency": 1.899285714285714, "Ops/sec": 525.1857142857143}}, "configuration": {"ratio": "1:0"}}