{"configuration": {"ratio": "1:0"}, "ALL STATS": {"Sets": {"Ops/sec": 1857.4647887323943, "Latency": 4.304084507042254}}}