{"ALL STATS": {"Sets": {"Latency": 22.258450704225353, "Ops/sec": 2156.7464788732395}}, "configuration": {"ratio": "1:0"}}