{"ALL STATS": {"Sets": {"Ops/sec": 1393.0428571428572, "Latency": 2.870714285714286}}, "configuration": {"ratio": "1:0"}}