{"ALL STATS": {"Sets": {"Ops/sec": 2120.785714285714, "Latency": 11.318714285714286}}, "configuration": {"ratio": "1:0"}}