{"ALL STATS": {"Sets": {"Ops/sec": 1793.7142857142858, "Latency": 8.919142857142857}}, "configuration": {"ratio": "1:0"}}