{"ALL STATS": {"Sets": {"Ops/sec": 2588.714285714286, "Latency": 18.553571428571427}}, "configuration": {"ratio": "1:0"}}