{"ALL STATS": {"Sets": {"Latency": 12.875915492957745, "Ops/sec": 2486.0845070422533}}, "configuration": {"ratio": "1:0"}}