{"configuration": {"ratio": "1:0"}, "ALL STATS": {"Sets": {"Ops/sec": 1806.2142857142858, "Latency": 4.4278571428571425}}}