{"configuration": {"ratio": "1:0"}, "ALL STATS": {"Sets": {"Ops/sec": 1538.7571428571428, "Latency": 20.819571428571425}}}