{"ALL STATS": {"Sets": {"Ops/sec": 1394.557142857143, "Latency": 2.872428571428572}}, "configuration": {"ratio": "1:0"}}