{"configuration": {"ratio": "1:0"}, "ALL STATS": {"Sets": {"Ops/sec": 1510.7285714285715, "Latency": 5.298000000000001}}}