{"ALL STATS": {"Sets": {"Ops/sec": 2554.5352112676055, "Latency": 12.527605633802818}}, "configuration": {"ratio": "1:0"}}