{"configuration": {"ratio": "1:0"}, "ALL STATS": {"Sets": {"Ops/sec": 1742.943661971831, "Latency": 9.177887323943663}}}