{"configuration": {"ratio": "1:0"}, "ALL STATS": {"Sets": {"Ops/sec": 1466.9571428571428, "Latency": 16.412428571428574}}}