{"configuration": {"ratio": "1:0"}, "ALL STATS": {"Sets": {"Ops/sec": 560.5857142857143, "Latency": 1.7890000000000004}}}