{"ALL STATS": {"Sets": {"Latency": 21.912253521126765, "Ops/sec": 2191.0140845070423}}, "configuration": {"ratio": "1:0"}}