{"ALL STATS": {"Sets": {"Ops/sec": 1557.661971830986, "Latency": 20.559014084507044}}, "configuration": {"ratio": "1:0"}}