{"ALL STATS": {"Sets": {"Ops/sec": 1721.7887323943662, "Latency": 18.586338028169017}}, "configuration": {"ratio": "1:0"}}