{"ALL STATS": {"Sets": {"Ops/sec": 1554.4507042253522, "Latency": 10.299295774647888}}, "configuration": {"ratio": "1:0"}}