{"configuration": {"ratio": "1:0"}, "ALL STATS": {"Sets": {"Latency": 4.661428571428572, "Ops/sec": 1716.2285714285715}}}