{"configuration": {"ratio": "1:0"}, "ALL STATS": {"Sets": {"Ops/sec": 2145.7571428571428, "Latency": 7.455285714285714}}}