{"configuration": {"ratio": "1:0"}, "ALL STATS": {"Sets": {"Latency": 17.315915492957743, "Ops/sec": 1847.7042253521126}}}