{"ALL STATS": {"Sets": {"Latency": 9.138169014084509, "Ops/sec": 1750.9718309859154}}, "configuration": {"ratio": "1:0"}}