{"configuration": {"ratio": "1:0"}, "ALL STATS": {"Sets": {"Latency": 1.9431428571428573, "Ops/sec": 513.4857142857143}}}