{"ALL STATS": {"Sets": {"Ops/sec": 540.9285714285714, "Latency": 1.8594285714285714}}, "configuration": {"ratio": "1:0"}}