{"configuration": {"ratio": "1:0"}, "ALL STATS": {"Sets": {"Ops/sec": 1747.4428571429, "Latency": 4.5792142857}}}