{"configuration": {"ratio": "1:0"}, "ALL STATS": {"Sets": {"Latency": 14.976666666666667, "Ops/sec": 2137.1805555555557}}}