{"configuration": {"ratio": "1:0"}, "ALL STATS": {"Sets": {"Latency": 1.9020000000000001, "Ops/sec": 527.5857142857143}}}