{"configuration": {"ratio": "1:0"}, "ALL STATS": {"Sets": {"Latency": 18.504142857142856, "Ops/sec": 1729.4285714285713}}}