{"ALL STATS": {"Sets": {"Latency": 10.845633802816899, "Ops/sec": 2214.5352112676055}}, "configuration": {"ratio": "1:0"}}