{"configuration": {"ratio": "1:0"}, "ALL STATS": {"Sets": {"Ops/sec": 2582.1944444444443, "Latency": 18.592916666666667}}}