{"configuration": {"ratio": "1:0"}, "ALL STATS": {"Sets": {"Ops/sec": 2144.0857142857144, "Latency": 7.460285714285715}}}