{"ALL STATS": {"Sets": {"Latency": 8.890571428571429, "Ops/sec": 1799.2428571428572}}, "configuration": {"ratio": "1:0"}}