{"ALL STATS": {"Sets": {"Latency": 29.969305555555554, "Ops/sec": 1202.0416666666667}}, "configuration": {"ratio": "1:0"}}