{"configuration": {"ratio": "1:0"}, "ALL STATS": {"Sets": {"Ops/sec": 1741.1408450704225, "Latency": 18.37492957746479}}}