{"configuration": {"ratio": "1:0"}, "ALL STATS": {"Sets": {"Ops/sec": 1291.5142857142857, "Latency": 3.1115714285714287}}}