{"configuration": {"ratio": "1:0"}, "ALL STATS": {"Sets": {"Ops/sec": 1411.2571428571428, "Latency": 2.8348571428571425}}}