{"configuration": {"ratio": "1:0"}, "ALL STATS": {"Sets": {"Latency": 2.720428571428572, "Ops/sec": 1470.5857142857142}}}