{"configuration": {"ratio": "1:0"}, "ALL STATS": {"Sets": {"Ops/sec": 2245.442857142857, "Latency": 7.126142857142856}}}