{"configuration": {"ratio": "1:0"}, "ALL STATS": {"Sets": {"Ops/sec": 1885.0714285714287, "Latency": 4.242000000000001}}}