{"ALL STATS": {"Sets": {"Latency": 17.519444444444446, "Ops/sec": 1826.513888888889}}, "configuration": {"ratio": "1:0"}}