{"configuration": {"ratio": "1:0"}, "ALL STATS": {"Sets": {"Latency": 21.784647887323942, "Ops/sec": 2203.507042253521}}}