{"configuration": {"ratio": "1:0"}, "ALL STATS": {"Sets": {"Latency": 1.7794285714285714, "Ops/sec": 559.9714285714285}}}