{"ALL STATS": {"Sets": {"Ops/sec": 548.4285714285714, "Latency": 1.8192857142857142}}, "configuration": {"ratio": "1:0"}}