{"configuration": {"ratio": "1:0"}, "ALL STATS": {"Sets": {"Ops/sec": 2443.8611111111113, "Latency": 13.099583333333333}}}