{"configuration": {"ratio": "1:0"}, "ALL STATS": {"Sets": {"Latency": 2.842142857142857, "Ops/sec": 1407.8857142857144}}}