{"configuration": {"ratio": "1:0"}, "ALL STATS": {"Sets": {"Ops/sec": 1384.8732394366198, "Latency": 2.888169014084507}}}