{"configuration": {"ratio": "1:0"}, "ALL STATS": {"Sets": {"Latency": 1.8282857142857138, "Ops/sec": 546.0285714285715}}}