{"configuration": {"ratio": "1:0"}, "ALL STATS": {"Sets": {"Latency": 21.76478873239436, "Ops/sec": 1470.7605633802816}}}