{"configuration": {"ratio": "1:0"}, "ALL STATS": {"Sets": {"Ops/sec": 1577.943661971831, "Latency": 20.317042253521134}}}