{"ALL STATS": {"Sets": {"Ops/sec": 1607.763888888889, "Latency": 29.870277777777776}}, "configuration": {"ratio": "1:0"}}