{"configuration": {"ratio": "1:0"}, "ALL STATS": {"Sets": {"Latency": 18.46597222222222, "Ops/sec": 1732.6527777777778}}}