{"ALL STATS": {"Sets": {"Ops/sec": 1516.5774647887324, "Latency": 15.840845070422539}}, "configuration": {"ratio": "1:0"}}