{"configuration": {"ratio": "1:0"}, "ALL STATS": {"Sets": {"Latency": 11.061267605633804, "Ops/sec": 2170.154929577465}}}