{"ALL STATS": {"Sets": {"Latency": 25.928857142857144, "Ops/sec": 1851.6857142857143}}, "configuration": {"ratio": "1:0"}}