{"configuration": {"ratio": "1:0"}, "ALL STATS": {"Sets": {"Latency": 12.595774647887325, "Ops/sec": 2545.3661971830984}}}