{"configuration": {"ratio": "1:0"}, "ALL STATS": {"Sets": {"Latency": 10.760571428571428, "Ops/sec": 1487.7571428571428}}}