{"ALL STATS": {"Sets": {"Latency": 14.967042253521125, "Ops/sec": 2138.9295774647885}}, "configuration": {"ratio": "1:0"}}