{"configuration": {"ratio": "1:0"}, "ALL STATS": {"Sets": {"Ops/sec": 524.8857142857142, "Latency": 1.9014285714285712}}}