{"ALL STATS": {"Sets": {"Ops/sec": 1638.5416666666667, "Latency": 25.641388888888887}}, "configuration": {"ratio": "1:0"}}