{"configuration": {"ratio": "1:0"}, "ALL STATS": {"Sets": {"Latency": 5.182571428571429, "Ops/sec": 1544.7142857142858}}}