{"ALL STATS": {"Sets": {"Latency": 2.883285714285714, "Ops/sec": 1387.0714285714287}}, "configuration": {"ratio": "1:0"}}