{"configuration": {"ratio": "1:0"}, "ALL STATS": {"Sets": {"Ops/sec": 2139.0857142857144, "Latency": 7.479571428571431}}}