{"configuration": {"ratio": "1:0"}, "ALL STATS": {"Sets": {"Latency": 15.14549295774648, "Ops/sec": 2113.0845070422533}}}