{"configuration": {"ratio": "1:0"}, "ALL STATS": {"Sets": {"Ops/sec": 1482.9718309859154, "Latency": 32.37901408450704}}}