{"ALL STATS": {"Sets": {"Ops/sec": 2404.0985915492956, "Latency": 9.983661971830985}}, "configuration": {"ratio": "1:0"}}