{"ALL STATS": {"Sets": {"Ops/sec": 1684.0857142857, "Latency": 4.7502142857}}, "configuration": {"ratio": "1:0"}}