{"configuration": {"ratio": "1:0"}, "ALL STATS": {"Sets": {"Ops/sec": 1442.6714285714286, "Latency": 2.783714285714285}}}