{"ALL STATS": {"Sets": {"Latency": 10.016805555555557, "Ops/sec": 2397.3333333333335}}, "configuration": {"ratio": "1:0"}}