{"configuration": {"ratio": "1:0"}, "ALL STATS": {"Sets": {"Latency": 4.753428571428572, "Ops/sec": 1683.142857142857}}}