{"ALL STATS": {"Sets": {"Latency": 8.788714285714287, "Ops/sec": 1820.2428571428572}}, "configuration": {"ratio": "1:0"}}