{"ALL STATS": {"Sets": {"Ops/sec": 574.2285714285714, "Latency": 1.7361428571428574}}, "configuration": {"ratio": "1:0"}}