{"configuration": {"ratio": "1:0"}, "ALL STATS": {"Sets": {"Ops/sec": 2168.6428571428573, "Latency": 7.375857142857144}}}