{"configuration": {"ratio": "1:0"}, "ALL STATS": {"Sets": {"Ops/sec": 535.3571428571429, "Latency": 1.8672857142857144}}}