{"configuration": {"ratio": "1:0"}, "ALL STATS": {"Sets": {"Latency": 1.921714285714286, "Ops/sec": 523.5142857142857}}}