{"configuration": {"ratio": "1:0"}, "ALL STATS": {"Sets": {"Latency": 4.317142857142858, "Ops/sec": 1852.2142857142858}}}