{"configuration": {"ratio": "1:0"}, "ALL STATS": {"Sets": {"Latency": 2.755142857142856, "Ops/sec": 1453.9714285714285}}}