{"configuration": {"ratio": "1:0"}, "ALL STATS": {"Sets": {"Ops/sec": 2184.785714285714, "Latency": 7.322714285714285}}}