{"configuration": {"ratio": "1:0"}, "ALL STATS": {"Sets": {"Ops/sec": 1543.6901408450703, "Latency": 15.559295774647891}}}