{"configuration": {"ratio": "1:0"}, "ALL STATS": {"Sets": {"Latency": 10.132535211267605, "Ops/sec": 2369.3380281690143}}}