{"ALL STATS": {"Sets": {"Ops/sec": 1468.1714285714286, "Latency": 5.449571428571429}}, "configuration": {"ratio": "1:0"}}