{"ALL STATS": {"Sets": {"Ops/sec": 577.4142857142857, "Latency": 1.7245714285714286}}, "configuration": {"ratio": "1:0"}}