{"configuration": {"ratio": "1:0"}, "ALL STATS": {"Sets": {"Latency": 10.677428571428573, "Ops/sec": 1499.7714285714285}}}