{"ALL STATS": {"Sets": {"Ops/sec": 1442.6142857142856, "Latency": 2.775857142857143}}, "configuration": {"ratio": "1:0"}}