{"configuration": {"ratio": "1:0"}, "ALL STATS": {"Sets": {"Latency": 11.119142857142858, "Ops/sec": 2159.8714285714286}}}