{"configuration": {"ratio": "1:0"}, "ALL STATS": {"Sets": {"Ops/sec": 1488.5633802816901, "Latency": 5.380281690140845}}}