{"configuration": {"ratio": "1:0"}, "ALL STATS": {"Sets": {"Ops/sec": 1453.8285714285714, "Latency": 5.505571428571429}}}