{"configuration": {"ratio": "1:0"}, "ALL STATS": {"Sets": {"Ops/sec": 524.3714285714286, "Latency": 1.913857142857143}}}