{"configuration": {"ratio": "1:0"}, "ALL STATS": {"Sets": {"Latency": 4.568285714285714, "Ops/sec": 1750.9857142857143}}}