{"configuration": {"ratio": "1:0"}, "ALL STATS": {"Sets": {"Latency": 8.796857142857142, "Ops/sec": 1818.6285714285714}}}