{"ALL STATS": {"Sets": {"Ops/sec": 2113.785714285714, "Latency": 11.354857142857146}}, "configuration": {"ratio": "1:0"}}