{"ALL STATS": {"Sets": {"Latency": 1.9060000000000001, "Ops/sec": 526.9857142857143}}, "configuration": {"ratio": "1:0"}}