{"ALL STATS": {"Sets": {"Ops/sec": 1381.857142857143, "Latency": 2.8954285714285715}}, "configuration": {"ratio": "1:0"}}