{"ALL STATS": {"Sets": {"Ops/sec": 2554.1805555555557, "Latency": 18.803472222222222}}, "configuration": {"ratio": "1:0"}}