{"configuration": {"ratio": "1:0"}, "ALL STATS": {"Sets": {"Latency": 15.747571428571428, "Ops/sec": 1528.1857142857143}}}