{"configuration": {"ratio": "1:0"}, "ALL STATS": {"Sets": {"Ops/sec": 2401.774647887324, "Latency": 13.330281690140845}}}