{"configuration": {"ratio": "1:0"}, "ALL STATS": {"Sets": {"Ops/sec": 2571.3521126760565, "Latency": 18.689014084507047}}}