{"configuration": {"ratio": "1:0"}, "ALL STATS": {"Sets": {"Ops/sec": 2519.7571428571428, "Latency": 3.177571428571428}}}