{"configuration": {"ratio": "1:0"}, "ALL STATS": {"Sets": {"Latency": 12.622535211267605, "Ops/sec": 2538.0140845070423}}}