{"configuration": {"ratio": "1:0"}, "ALL STATS": {"Sets": {"Latency": 11.206338028169016, "Ops/sec": 2142.211267605634}}}