{"configuration": {"ratio": "1:0"}, "ALL STATS": {"Sets": {"Ops/sec": 1807.0714285714287, "Latency": 4.426142857142857}}}