{"configuration": {"ratio": "1:0"}, "ALL STATS": {"Sets": {"Latency": 13.932535211267606, "Ops/sec": 1723.338028169014}}}