{"configuration": {"ratio": "1:0"}, "ALL STATS": {"Sets": {"Ops/sec": 1845.9571428571428, "Latency": 4.331571428571428}}}