{"ALL STATS": {"Sets": {"Ops/sec": 1701.7323943661972, "Latency": 14.108028169014084}}, "configuration": {"ratio": "1:0"}}