{"ALL STATS": {"Sets": {"Ops/sec": 1332.4285714285713, "Latency": 3.0211428571428565}}, "configuration": {"ratio": "1:0"}}