{"configuration": {"ratio": "1:0"}, "ALL STATS": {"Sets": {"Ops/sec": 1348.6142857142856, "Latency": 2.966428571428572}}}