{"configuration": {"ratio": "1:0"}, "ALL STATS": {"Sets": {"Latency": 15.841111111111111, "Ops/sec": 1516.5555555555557}}}