{"configuration": {"ratio": "1:0"}, "ALL STATS": {"Sets": {"Latency": 10.25542857142857, "Ops/sec": 1560.642857142857}}}