{"ALL STATS": {"Sets": {"Ops/sec": 1436.1571428571428, "Latency": 2.786714285714286}}, "configuration": {"ratio": "1:0"}}