{"ALL STATS": {"Sets": {"Ops/sec": 542.7428571428571, "Latency": 1.8439999999999999}}, "configuration": {"ratio": "1:0"}}