{"configuration": {"ratio": "1:0"}, "ALL STATS": {"Sets": {"Ops/sec": 2143.057142857143, "Latency": 7.473428571428571}}}