{"ALL STATS": {"Sets": {"Latency": 10.999142857142855, "Ops/sec": 2182.1714285714284}}, "configuration": {"ratio": "1:0"}}