{"ALL STATS": {"Sets": {"Latency": 13.02057142857143, "Ops/sec": 1843.2428571428572}}, "configuration": {"ratio": "1:0"}}