{"ALL STATS": {"Sets": {"Ops/sec": 2153.0140845070423, "Latency": 14.866619718309861}}, "configuration": {"ratio": "1:0"}}