{"ALL STATS": {"Sets": {"Ops/sec": 2175.8285714285716, "Latency": 11.030142857142858}}, "configuration": {"ratio": "1:0"}}