{"ALL STATS": {"Sets": {"Latency": 2.835000000000001, "Ops/sec": 1411.7714285714285}}, "configuration": {"ratio": "1:0"}}