{"ALL STATS": {"Sets": {"Latency": 31.34055555555556, "Ops/sec": 1532.486111111111}}, "configuration": {"ratio": "1:0"}}