{"configuration": {"ratio": "1:0"}, "ALL STATS": {"Sets": {"Latency": 15.033661971830988, "Ops/sec": 2129.8591549295775}}}