{"ALL STATS": {"Sets": {"Latency": 1.7700000000000005, "Ops/sec": 564.0428571428571}}, "configuration": {"ratio": "1:0"}}