{"ALL STATS": {"Sets": {"Ops/sec": 2233.4142857142856, "Latency": 7.1654285714285715}}, "configuration": {"ratio": "1:0"}}