{"ALL STATS": {"Sets": {"Ops/sec": 1877.4444444444443, "Latency": 25.575277777777778}}, "configuration": {"ratio": "1:0"}}