{"ALL STATS": {"Sets": {"Ops/sec": 546.7428571428571, "Latency": 1.8375714285714284}}, "configuration": {"ratio": "1:0"}}