{"ALL STATS": {"Sets": {"Ops/sec": 2524.9166666666665, "Latency": 12.676527777777778}}, "configuration": {"ratio": "1:0"}}