{"configuration": {"ratio": "1:0"}, "ALL STATS": {"Sets": {"Ops/sec": 1739.4142857142858, "Latency": 18.396428571428572}}}