{"configuration": {"ratio": "1:0"}, "ALL STATS": {"Sets": {"Ops/sec": 2543.6197183098593, "Latency": 12.58830985915493}}}