{"ALL STATS": {"Sets": {"Latency": 18.639436619718307, "Ops/sec": 1716.774647887324}}, "configuration": {"ratio": "1:0"}}