{"ALL STATS": {"Sets": {"Latency": 1.8844285714285713, "Ops/sec": 531.2714285714286}}, "configuration": {"ratio": "1:0"}}