{"ALL STATS": {"Sets": {"Latency": 4.4945714285714295, "Ops/sec": 1779.2142857142858}}, "configuration": {"ratio": "1:0"}}