{"ALL STATS": {"Sets": {"Latency": 2.8510000000000004, "Ops/sec": 1403.057142857143}}, "configuration": {"ratio": "1:0"}}