{"ALL STATS": {"Sets": {"Ops/sec": 523.0142857142857, "Latency": 1.9069999999999994}}, "configuration": {"ratio": "1:0"}}