{"ALL STATS": {"Sets": {"Ops/sec": 1358.5714285714287, "Latency": 2.9470000000000005}}, "configuration": {"ratio": "1:0"}}