{"ALL STATS": {"Sets": {"Ops/sec": 1762.4571428571428, "Latency": 4.536571428571429}}, "configuration": {"ratio": "1:0"}}