{"configuration": {"ratio": "1:0"}, "ALL STATS": {"Sets": {"Ops/sec": 2122.281690140845, "Latency": 15.09267605633803}}}