{"configuration": {"ratio": "1:0"}, "ALL STATS": {"Sets": {"Ops/sec": 2198.9565217391305, "Latency": 14.554492753623189}}}