{"ALL STATS": {"Sets": {"Latency": 19.503055555555555, "Ops/sec": 1435.6944444444443}}, "configuration": {"ratio": "1:0"}}