{"configuration": {"ratio": "1:0"}, "ALL STATS": {"Sets": {"Ops/sec": 2541.8028169014083, "Latency": 12.591830985915495}}}