{"ALL STATS": {"Sets": {"Ops/sec": 2133.2676056338028, "Latency": 11.254507042253522}}, "configuration": {"ratio": "1:0"}}