{"configuration": {"ratio": "1:0"}, "ALL STATS": {"Sets": {"Ops/sec": 1695.5714285714287, "Latency": 4.717714285714285}}}