{"ALL STATS": {"Sets": {"Latency": 7.356285714285715, "Ops/sec": 2174.4714285714285}}, "configuration": {"ratio": "1:0"}}