{"configuration": {"ratio": "1:0"}, "ALL STATS": {"Sets": {"Ops/sec": 1388.2714285714285, "Latency": 2.8814285714285717}}}