{"ALL STATS": {"Sets": {"Latency": 10.875714285714286, "Ops/sec": 2209.5285714285715}}, "configuration": {"ratio": "1:0"}}