{"configuration": {"ratio": "1:0"}, "ALL STATS": {"Sets": {"Ops/sec": 539.1285714285714, "Latency": 1.854142857142857}}}