{"configuration": {"ratio": "1:0"}, "ALL STATS": {"Sets": {"Latency": 17.657323943661968, "Ops/sec": 1812.1549295774648}}}