{"configuration": {"ratio": "1:0"}, "ALL STATS": {"Sets": {"Latency": 11.018169014084508, "Ops/sec": 1452.6760563380283}}}