{"configuration": {"ratio": "1:0"}, "ALL STATS": {"Sets": {"Latency": 1.881549295774648, "Ops/sec": 533.2816901408451}}}