{"ALL STATS": {"Sets": {"Latency": 2.9611428571428573, "Ops/sec": 1357.3714285714286}}, "configuration": {"ratio": "1:0"}}