{"configuration": {"ratio": "1:0"}, "ALL STATS": {"Sets": {"Ops/sec": 543.4857142857143, "Latency": 1.837285714285714}}}