{"ALL STATS": {"Sets": {"Ops/sec": 2457.0704225352115, "Latency": 13.024366197183099}}, "configuration": {"ratio": "1:0"}}