{"ALL STATS": {"Sets": {"Ops/sec": 2172.902777777778, "Latency": 22.094027777777782}}, "configuration": {"ratio": "1:0"}}