{"ALL STATS": {"Sets": {"Ops/sec": 1491.361111111111, "Latency": 30.198611111111113}}, "configuration": {"ratio": "1:0"}}