{"configuration": {"ratio": "1:0"}, "ALL STATS": {"Sets": {"Latency": 10.807428571428572, "Ops/sec": 1481.2285714285715}}}