{"ALL STATS": {"Sets": {"Latency": 22.545833333333334, "Ops/sec": 2129.4444444444443}}, "configuration": {"ratio": "1:0"}}