{"ALL STATS": {"Sets": {"Latency": 4.692714285714286, "Ops/sec": 1704.642857142857}}, "configuration": {"ratio": "1:0"}}