{"ALL STATS": {"Sets": {"Ops/sec": 2577.1971830985917, "Latency": 18.642957746478874}}, "configuration": {"ratio": "1:0"}}