{"ALL STATS": {"Sets": {"Ops/sec": 1498.3857142857144, "Latency": 5.3425714285714285}}, "configuration": {"ratio": "1:0"}}