{"configuration": {"ratio": "1:0"}, "ALL STATS": {"Sets": {"Ops/sec": 511.6857142857143, "Latency": 1.9564285714285712}}}