{"configuration": {"ratio": "1:0"}, "ALL STATS": {"Sets": {"Ops/sec": 1485.8714285714286, "Latency": 21.570000000000004}}}