{"ALL STATS": {"Sets": {"Latency": 21.41619718309859, "Ops/sec": 2241.5352112676055}}, "configuration": {"ratio": "1:0"}}