{"ALL STATS": {"Sets": {"Ops/sec": 1730.7464788732395, "Latency": 27.73197183098592}}, "configuration": {"ratio": "1:0"}}