{"ALL STATS": {"Sets": {"Ops/sec": 560.2428571428571, "Latency": 1.7798571428571428}}, "configuration": {"ratio": "1:0"}}