{"ALL STATS": {"Sets": {"Ops/sec": 547.9142857142857, "Latency": 1.820142857142857}}, "configuration": {"ratio": "1:0"}}