{"configuration": {"ratio": "1:0"}, "ALL STATS": {"Sets": {"Ops/sec": 1755.3857142857144, "Latency": 4.561142857142857}}}