{"configuration": {"ratio": "1:0"}, "ALL STATS": {"Sets": {"Latency": 1.7881428571428573, "Ops/sec": 557.9285714285714}}}