{"ALL STATS": {"Sets": {"Ops/sec": 528.1857142857143, "Latency": 1.9008571428571428}}, "configuration": {"ratio": "1:0"}}