{"configuration": {"ratio": "1:0"}, "ALL STATS": {"Sets": {"Latency": 20.872394366197184, "Ops/sec": 1534.8450704225352}}}