{"configuration": {"ratio": "1:0"}, "ALL STATS": {"Sets": {"Latency": 7.490714285714285, "Ops/sec": 2136.7571428571428}}}