{"configuration": {"ratio": "1:0"}, "ALL STATS": {"Sets": {"Ops/sec": 2134.9295774647885, "Latency": 14.992112676056339}}}