{"configuration": {"ratio": "1:0"}, "ALL STATS": {"Sets": {"Latency": 1.8309999999999997, "Ops/sec": 544.9571428571429}}}