{"ALL STATS": {"Sets": {"Ops/sec": 2484.7464788732395, "Latency": 19.324366197183092}}, "configuration": {"ratio": "1:0"}}