{"configuration": {"ratio": "1:0"}, "ALL STATS": {"Sets": {"Ops/sec": 551.3285714285714, "Latency": 1.8194285714285714}}}