{"ALL STATS": {"Sets": {"Ops/sec": 1474.557142857143, "Latency": 10.854857142857142}}, "configuration": {"ratio": "1:0"}}