{"configuration": {"ratio": "1:0"}, "ALL STATS": {"Sets": {"Latency": 9.753428571428573, "Ops/sec": 2461.0142857142855}}}