{"configuration": {"ratio": "1:0"}, "ALL STATS": {"Sets": {"Latency": 8.752857142857142, "Ops/sec": 1827.8285714285714}}}