{"ALL STATS": {"Sets": {"Ops/sec": 554.8571428571429, "Latency": 1.7958571428571428}}, "configuration": {"ratio": "1:0"}}