{"configuration": {"ratio": "1:0"}, "ALL STATS": {"Sets": {"Latency": 18.44070422535211, "Ops/sec": 1735.380281690141}}}