{"configuration": {"ratio": "1:0"}, "ALL STATS": {"Sets": {"Latency": 9.085857142857142, "Ops/sec": 1761.3428571428572}}}