{"configuration": {"ratio": "1:0"}, "ALL STATS": {"Sets": {"Ops/sec": 1400.2142857142858, "Latency": 2.8572857142857138}}}