{"ALL STATS": {"Sets": {"Ops/sec": 2220.7361111111113, "Latency": 14.407222222222224}}, "configuration": {"ratio": "1:0"}}