{"ALL STATS": {"Sets": {"Latency": 30.111549295774644, "Ops/sec": 1595.1830985915492}}, "configuration": {"ratio": "1:0"}}