{"ALL STATS": {"Sets": {"Ops/sec": 2568.9154929577467, "Latency": 18.707042253521127}}, "configuration": {"ratio": "1:0"}}