{"ALL STATS": {"Sets": {"Ops/sec": 1537.8732394366198, "Latency": 20.829577464788734}}, "configuration": {"ratio": "1:0"}}