{"ALL STATS": {"Sets": {"Latency": 18.871267605633793, "Ops/sec": 2546.154929577465}}, "configuration": {"ratio": "1:0"}}