{"ALL STATS": {"Sets": {"Latency": 10.204507042253523, "Ops/sec": 1569.0140845070423}}, "configuration": {"ratio": "1:0"}}