{"configuration": {"ratio": "1:0"}, "ALL STATS": {"Sets": {"Ops/sec": 2414.9285714285716, "Latency": 9.94214285714286}}}