{"ALL STATS": {"Sets": {"Ops/sec": 1490.5428571428572, "Latency": 5.368857142857142}}, "configuration": {"ratio": "1:0"}}