{"ALL STATS": {"Sets": {"Ops/sec": 1750.2428571428572, "Latency": 4.569571428571428}}, "configuration": {"ratio": "1:0"}}