{"ALL STATS": {"Sets": {"Latency": 7.389859154929577, "Ops/sec": 2164.5774647887324}}, "configuration": {"ratio": "1:0"}}