{"configuration": {"ratio": "1:0"}, "ALL STATS": {"Sets": {"Ops/sec": 2196.0142857142855, "Latency": 10.93785714285714}}}