{"configuration": {"ratio": "1:0"}, "ALL STATS": {"Sets": {"Latency": 16.302957746478878, "Ops/sec": 1472.619718309859}}}