{"configuration": {"ratio": "1:0"}, "ALL STATS": {"Sets": {"Latency": 10.646197183098591, "Ops/sec": 1504.1690140845071}}}