{"ALL STATS": {"Sets": {"Latency": 2.8771428571428572, "Ops/sec": 1390.4285714285713}}, "configuration": {"ratio": "1:0"}}