{"configuration": {"ratio": "1:0"}, "ALL STATS": {"Sets": {"Latency": 15.867222222222223, "Ops/sec": 1514.013888888889}}}