{"ALL STATS": {"Sets": {"Latency": 1.8558571428571429, "Ops/sec": 538.2714285714286}}, "configuration": {"ratio": "1:0"}}