{"configuration": {"ratio": "1:0"}, "ALL STATS": {"Sets": {"Latency": 31.394166666666667, "Ops/sec": 1529.7222222222222}}}