{"configuration": {"ratio": "1:0"}, "ALL STATS": {"Sets": {"Ops/sec": 2537.457142857143, "Latency": 18.92328571428572}}}