{"configuration": {"ratio": "1:0"}, "ALL STATS": {"Sets": {"Ops/sec": 2135.0714285714284, "Latency": 7.492428571428571}}}