{"configuration": {"ratio": "1:0"}, "ALL STATS": {"Sets": {"Ops/sec": 1441.2285714285715, "Latency": 2.775428571428571}}}