{"ALL STATS": {"Sets": {"Ops/sec": 2456.8285714285716, "Latency": 9.770857142857144}}, "configuration": {"ratio": "1:0"}}