{"configuration": {"ratio": "1:0"}, "ALL STATS": {"Sets": {"Ops/sec": 1783.1714285714286, "Latency": 4.484857142857143}}}