{"ALL STATS": {"Sets": {"Ops/sec": 1491.6285714285714, "Latency": 5.363428571428571}}, "configuration": {"ratio": "1:0"}}