{"configuration": {"ratio": "1:0"}, "ALL STATS": {"Sets": {"Latency": 7.439571428571428, "Ops/sec": 2150.3714285714286}}}