{"configuration": {"ratio": "1:0"}, "ALL STATS": {"Sets": {"Ops/sec": 1771.8285714285714, "Latency": 4.512428571428571}}}