{"ALL STATS": {"Sets": {"Latency": 4.477142857142858, "Ops/sec": 1786.5285714285715}}, "configuration": {"ratio": "1:0"}}