{"ALL STATS": {"Sets": {"Latency": 30.082714285714285, "Ops/sec": 1596.8714285714286}}, "configuration": {"ratio": "1:0"}}