{"configuration": {"ratio": "1:0"}, "ALL STATS": {"Sets": {"Latency": 15.751714285714284, "Ops/sec": 1524.4142857142858}}}