{"ALL STATS": {"Sets": {"Latency": 1.9091428571428573, "Ops/sec": 523.7571428571429}}, "configuration": {"ratio": "1:0"}}