{"configuration": {"ratio": "1:0"}, "ALL STATS": {"Sets": {"Ops/sec": 1816.057142857143, "Latency": 13.214714285714283}}}