{"ALL STATS": {"Sets": {"Ops/sec": 1600.3661971830986, "Latency": 30.015492957746478}}, "configuration": {"ratio": "1:0"}}