{"configuration": {"ratio": "1:0"}, "ALL STATS": {"Sets": {"Ops/sec": 1437.142857142857, "Latency": 2.785142857142857}}}