{"ALL STATS": {"Sets": {"Ops/sec": 1816.9142857142858, "Latency": 13.21157142857143}}, "configuration": {"ratio": "1:0"}}