{"configuration": {"ratio": "1:0"}, "ALL STATS": {"Sets": {"Ops/sec": 2245.605633802817, "Latency": 7.123239436619717}}}