{"ALL STATS": {"Sets": {"Ops/sec": 2493.0985915492956, "Latency": 12.843380281690141}}, "configuration": {"ratio": "1:0"}}