{"ALL STATS": {"Sets": {"Ops/sec": 1718.1944444444443, "Latency": 27.93652777777778}}, "configuration": {"ratio": "1:0"}}