{"ALL STATS": {"Sets": {"Latency": 17.389436619718314, "Ops/sec": 1839.9718309859154}}, "configuration": {"ratio": "1:0"}}