{"configuration": {"ratio": "1:0"}, "ALL STATS": {"Sets": {"Latency": 5.384571428571428, "Ops/sec": 1485.9571428571428}}}