{"ALL STATS": {"Sets": {"Ops/sec": 1475.605633802817, "Latency": 21.728732394366194}}, "configuration": {"ratio": "1:0"}}