{"configuration": {"ratio": "1:0"}, "ALL STATS": {"Sets": {"Latency": 13.07542857142857, "Ops/sec": 1835.6857142857143}}}