{"configuration": {"ratio": "1:0"}, "ALL STATS": {"Sets": {"Ops/sec": 1418.7857142857142, "Latency": 2.8212857142857146}}}