{"configuration": {"ratio": "1:0"}, "ALL STATS": {"Sets": {"Latency": 4.349285714285713, "Ops/sec": 1838.5142857142857}}}