{"configuration": {"ratio": "1:0"}, "ALL STATS": {"Sets": {"Latency": 14.446760563380282, "Ops/sec": 2214.6901408450703}}}