{"configuration": {"ratio": "1:0"}, "ALL STATS": {"Sets": {"Latency": 1.878428571428572, "Ops/sec": 531.2571428571429}}}