{"ALL STATS": {"Sets": {"Latency": 9.84394366197183, "Ops/sec": 2439.4084507042253}}, "configuration": {"ratio": "1:0"}}