{"ALL STATS": {"Sets": {"Latency": 4.6245714285714286, "Ops/sec": 1729.3857142857144}}, "configuration": {"ratio": "1:0"}}