{"configuration": {"ratio": "1:0"}, "ALL STATS": {"Sets": {"Latency": 21.167183098591554, "Ops/sec": 1936.943661971831}}}