{"configuration": {"ratio": "1:0"}, "ALL STATS": {"Sets": {"Ops/sec": 567.0571428571428, "Latency": 1.758285714285714}}}