{"ALL STATS": {"Sets": {"Latency": 1.831857142857143, "Ops/sec": 544.7571428571429}}, "configuration": {"ratio": "1:0"}}