{"configuration": {"ratio": "1:0"}, "ALL STATS": {"Sets": {"Ops/sec": 1381.7464788732395, "Latency": 2.8936619718309857}}}