{"configuration": {"ratio": "1:0"}, "ALL STATS": {"Sets": {"Ops/sec": 1467.357142857143, "Latency": 5.452571428571428}}}