{"configuration": {"ratio": "1:0"}, "ALL STATS": {"Sets": {"Ops/sec": 549.2571428571429, "Latency": 1.8165714285714287}}}