{"ALL STATS": {"Sets": {"Latency": 2.8617142857142857, "Ops/sec": 1399.5714285714287}}, "configuration": {"ratio": "1:0"}}