{"ALL STATS": {"Sets": {"Ops/sec": 2359.1285714285714, "Latency": 18.657714285714288}}, "configuration": {"ratio": "1:0"}}