{"configuration": {"ratio": "1:0"}, "ALL STATS": {"Sets": {"Ops/sec": 1722.7285714285715, "Latency": 9.288000000000002}}}