{"configuration": {"ratio": "1:0"}, "ALL STATS": {"Sets": {"Latency": 11.397571428571428, "Ops/sec": 2105.5142857142855}}}