{"ALL STATS": {"Sets": {"Ops/sec": 1725.3472222222222, "Latency": 18.54638888888889}}, "configuration": {"ratio": "1:0"}}