{"configuration": {"ratio": "1:0"}, "ALL STATS": {"Sets": {"Latency": 21.802535211267603, "Ops/sec": 1469.3521126760563}}}