{"ALL STATS": {"Sets": {"Ops/sec": 1477.5352112676057, "Latency": 21.68718309859155}}, "configuration": {"ratio": "1:0"}}