{"ALL STATS": {"Sets": {"Latency": 8.843521126760564, "Ops/sec": 1811.3098591549297}}, "configuration": {"ratio": "1:0"}}