{"ALL STATS": {"Sets": {"Ops/sec": 1850.6760563380283, "Latency": 17.290845070422538}}, "configuration": {"ratio": "1:0"}}