{"configuration": {"ratio": "1:0"}, "ALL STATS": {"Sets": {"Latency": 16.760140845070424, "Ops/sec": 1432.9154929577464}}}