{"configuration": {"ratio": "1:0"}, "ALL STATS": {"Sets": {"Ops/sec": 1835.0428571428572, "Latency": 4.357714285714285}}}