{"configuration": {"ratio": "1:0"}, "ALL STATS": {"Sets": {"Ops/sec": 1848.8732394366198, "Latency": 12.98239436619718}}}