{"ALL STATS": {"Sets": {"Ops/sec": 1841.0422535211267, "Latency": 17.37802816901408}}, "configuration": {"ratio": "1:0"}}