{"ALL STATS": {"Sets": {"Latency": 23.647464788732396, "Ops/sec": 1437.5633802816901}}, "configuration": {"ratio": "1:0"}}