{"ALL STATS": {"Sets": {"Latency": 10.052428571428571, "Ops/sec": 2392.342857142857}}, "configuration": {"ratio": "1:0"}}