{"ALL STATS": {"Sets": {"Latency": 2.957714285714286, "Ops/sec": 1352.4857142857143}}, "configuration": {"ratio": "1:0"}}