{"ALL STATS": {"Sets": {"Latency": 17.600416666666668, "Ops/sec": 1817.9027777777778}}, "configuration": {"ratio": "1:0"}}