{"configuration": {"ratio": "1:0"}, "ALL STATS": {"Sets": {"Latency": 7.393380281690142, "Ops/sec": 2163.5352112676055}}}