{"ALL STATS": {"Sets": {"Ops/sec": 1733.9577464788733, "Latency": 27.68281690140845}}, "configuration": {"ratio": "1:0"}}