{"configuration": {"ratio": "1:0"}, "ALL STATS": {"Sets": {"Latency": 4.403661971830985, "Ops/sec": 1817.7323943661972}}}