{"ALL STATS": {"Sets": {"Ops/sec": 1408.2571428571428, "Latency": 2.8424285714285715}}, "configuration": {"ratio": "1:0"}}