{"ALL STATS": {"Sets": {"Latency": 10.77642857142857, "Ops/sec": 1486.2142857142858}}, "configuration": {"ratio": "1:0"}}