{"ALL STATS": {"Sets": {"Latency": 16.294929577464792, "Ops/sec": 1474.2112676056338}}, "configuration": {"ratio": "1:0"}}