{"configuration": {"ratio": "1:0"}, "ALL STATS": {"Sets": {"Latency": 20.180428571428575, "Ops/sec": 1587.5714285714287}}}