{"configuration": {"ratio": "1:0"}, "ALL STATS": {"Sets": {"Ops/sec": 1382.5714285714287, "Latency": 2.892142857142857}}}