requestType,queueLength,netthreadTime,queueTime,workerPreTime,memcachedRTT,workerPostTime, totalRequests
SET,24.213673829273073,26237.76272483835,5050238.839085625,18254.91430474822,2840625.242131801,51761.771090065966,382775
