requestType,queueLength,netthreadTime,queueTime,workerPreTime,memcachedRTT,workerPostTime, totalRequests
SET,83.49053412508205,22362.39388480972,18107051.904345967,11759.194901463921,1643957.1899403136,40175.2866476362,327545
