requestType,queueLength,netthreadTime,queueTime,workerPreTime,memcachedRTT,workerPostTime, totalRequests
SET,2.2085864708286933,24987.53395683859,158602.74058751392,16915.697197045516,2041801.5910942587,37766.695470307146,283772
