requestType,queueLength,netthreadTime,queueTime,workerPreTime,memcachedRTT,workerPostTime, totalRequests
SET,1.3177917797081982,23057.655590805858,76526.18270751774,11925.03243224136,1072628.900034465,27311.094619075815,113159
