requestType,queueLength,netthreadTime,queueTime,workerPreTime,memcachedRTT,workerPostTime, totalRequests
SET,59.963362116911966,18245.345247213543,13814098.86303699,9851.842684023684,1750038.1852011937,32683.84390443894,314647
