requestType,queueLength,netthreadTime,queueTime,workerPreTime,memcachedRTT,workerPostTime, totalRequests
SET,24.735340136975175,23055.79027909369,5401295.84744322,21495.914279526813,2952005.602395712,49252.05712081427,369410
