client,worker,cpu_mean,cpu_std
12,8,3.7821250000000024,2.272125000000001
12,16,7.051749999999998,0.23899999999999721
24,8,10.543124999999998,0.6491249999999997
24,16,11.95375,1.503499999999999
