client,worker,cpu_mean,cpu_std
12,8,5.553500000000001,0.1122500000000013
12,16,5.125500000000002,0.42749999999999844
24,8,8.426874999999999,0.16212499999999963
24,16,9.118375,0.6253749999999982
