client,worker,cpu_mean,cpu_std
12,8,10.606250000000005,9.073499999999997
12,16,23.167125,0.08962499999999984
24,8,28.704375,1.2486249999999988
24,16,30.9935,0.7357499999999995
