client,worker,cpu_mean,cpu_std
12,8,19.789750000000005,1.967750000000004
12,16,22.112,0.24024999999999963
24,8,29.87325,0.5947499999999977
24,16,30.094500000000004,0.4792499999999986
