client,worker,write_rt_mean,write_rt_std,read_rt_mean,read_rt_std
2,8,1577902.8769060182,144321.89926251362,1499809.582620884,24315.681899929186
2,16,1621820.3689500503,43513.89190863026,1504576.2328232552,25600.752092554
4,8,1714626.1799749245,40074.23094835249,1572479.6603694367,45015.832457513665
4,16,1717014.497812707,42245.56498120725,1655553.0859181671,10635.04359533207
