client,worker,rep,write_tp,read_tp
192,8,1,4995.785714285714,7053.857142857143
192,8,2,4870.285714285714,7211.428571428571
