client,worker,rep,write_rt,read_rt
192,8,1,38.49626984126984,27.231984126984127
192,8,2,33.11285714285714,26.650476190476187
