client,worker,rep,write_rt,read_rt
192,8,1,26.604470899470897,65.28925925925925
192,8,2,27.708042328042325,65.33857142857143
