client,worker,rep,write_tp,read_tp
192,8,1,7105.9047619047615,2938.3650793650795
192,8,2,6933.182539682541,2935.4285714285716
