client,worker,rep,write_tp,read_tp
192,8,1,9263.07142857143,2948.595238095238
192,8,2,9110.595238095239,2933.9761904761904
