client,worker,rep,write_rt,read_rt
192,8,1,20.720555555555553,64.99555555555555
192,8,2,21.125753968253967,65.35210317460317
