client,worker,rep,write_rt,read_rt
192,8,1,23.627738095238097,24.004809523809527
192,8,2,23.821150793650798,23.626071428571432
