client,worker,rep,write_tp,read_tp
192,8,1,8131.785714285714,8158.323809523809
192,8,2,8067.119047619048,8219.285714285714
