requestType,queueLength,netthreadTime,queueTime,workerPreTime,memcachedRTT,workerPostTime, totalRequests
GET,1.4696058784235138,13876.408691779694,100157.7118584996,19281.03727261286,724188.4171434657,15692.25506084633,103293
