requestType,queueLength,netthreadTime,queueTime,workerPreTime,memcachedRTT,workerPostTime, totalRequests
GET,1.5079923694250756,12974.359327720036,82835.07311537955,13191.679581633996,4708823.48552822,28548.920207867384,30404
