requestType,queueLength,netthreadTime,queueTime,workerPreTime,memcachedRTT,workerPostTime, totalRequests
GET,1.5193825556998701,11724.114122289939,81673.66183767942,10660.428922303261,611566.3044343424,12868.16915609285,120108
