{"configuration": {"ratio": "1:0"}, "ALL STATS": {"Sets": {"Ops/sec": 2566.8627450980393, "Latency": 18.90156862745098}}}