{"ALL STATS": {"Sets": {"Latency": 17.314038461538463, "Ops/sec": 2776.403846153846}}, "configuration": {"ratio": "1:0"}}