{"ALL STATS": {"Gets": {"Latency": 35.942115384615384, "Ops/sec": 1335.5961538461538}}, "configuration": {"ratio": "0:1"}}