{"ALL STATS": {"Sets": {"Ops/sec": 3076.1153846153848, "Latency": 14.306538461538462}}, "configuration": {"ratio": "1:0"}}