{"configuration": {"ratio": "0:1"}, "ALL STATS": {"Gets": {"Latency": 36.47807692307692, "Ops/sec": 1316.3461538461538}}}