{"configuration": {"ratio": "0:1"}, "ALL STATS": {"Gets": {"Latency": 39.75903846153846, "Ops/sec": 1206.8846153846155}}}