{"configuration": {"ratio": "0:1"}, "ALL STATS": {"Gets": {"Latency": 35.456274509803926, "Ops/sec": 1353.7254901960785}}}