{"configuration": {"ratio": "1:0"}, "ALL STATS": {"Sets": {"Ops/sec": 3185.903846153846, "Latency": 14.124807692307694}}}