{"ALL STATS": {"Sets": {"Latency": 15.000192307692307, "Ops/sec": 3199.653846153846}}, "configuration": {"ratio": "1:0"}}