{"configuration": {"ratio": "0:1"}, "ALL STATS": {"Gets": {"Ops/sec": 1333.7058823529412, "Latency": 36.01333333333334}}}