{"ALL STATS": {"Sets": {"Ops/sec": 2796.098039215686, "Latency": 17.19549019607843}}, "configuration": {"ratio": "1:0"}}