{"configuration": {"ratio": "1:0"}, "ALL STATS": {"Sets": {"Latency": 10.850845070422533, "Ops/sec": 2948.6478873239435}}}