{"ALL STATS": {"Sets": {"Latency": 10.781805555555556, "Ops/sec": 2968.8888888888887}}, "configuration": {"ratio": "1:0"}}