{"ALL STATS": {"Gets": {"Latency": 66.48070422535211, "Ops/sec": 480.9718309859155}}, "configuration": {"ratio": "0:1"}}