{"ALL STATS": {"Sets": {"Latency": 10.899861111111111, "Ops/sec": 2935.6805555555557}}, "configuration": {"ratio": "1:0"}}