{"ALL STATS": {"Gets": {"Latency": 66.02957746478874, "Ops/sec": 484.19718309859155}}, "configuration": {"ratio": "0:1"}}