{"ALL STATS": {"Sets": {"Ops/sec": 2367.942857142857, "Latency": 13.512142857142857}}, "configuration": {"ratio": "1:0"}}