{"configuration": {"ratio": "1:0"}, "ALL STATS": {"Sets": {"Ops/sec": 2932.4647887323945, "Latency": 10.912957746478874}}}