{"configuration": {"ratio": "1:0"}, "ALL STATS": {"Sets": {"Latency": 10.781971830985913, "Ops/sec": 2968.323943661972}}}