{"ALL STATS": {"Gets": {"Latency": 67.19577464788733, "Ops/sec": 475.3521126760563}}, "configuration": {"ratio": "0:1"}}