{"configuration": {"ratio": "1:0"}, "ALL STATS": {"Sets": {"Latency": 13.487857142857143, "Ops/sec": 2372.1857142857143}}}