{"ALL STATS": {"Gets": {"Latency": 67.07098591549297, "Ops/sec": 476.22535211267603}}, "configuration": {"ratio": "0:1"}}