{"ALL STATS": {"Sets": {"Latency": 13.529999999999998, "Ops/sec": 2364.788732394366}}, "configuration": {"ratio": "1:0"}}