{"configuration": {"ratio": "0:1"}, "ALL STATS": {"Gets": {"Ops/sec": 501.01408450704224, "Latency": 63.74507042253522}}}