{"configuration": {"ratio": "1:0"}, "ALL STATS": {"Sets": {"Latency": 10.882535211267607, "Ops/sec": 2940.6338028169016}}}