{"ALL STATS": {"Sets": {"Ops/sec": 2415.2676056338028, "Latency": 13.258591549295772}}, "configuration": {"ratio": "1:0"}}