{"configuration": {"ratio": "1:0"}, "ALL STATS": {"Sets": {"Ops/sec": 2949.1971830985917, "Latency": 10.850281690140845}}}