{"ALL STATS": {"Gets": {"Ops/sec": 487.9583333333333, "Latency": 65.51458333333332}}, "configuration": {"ratio": "0:1"}}