{"ALL STATS": {"Gets": {"Ops/sec": 483.6478873239437, "Latency": 66.11323943661974}}, "configuration": {"ratio": "0:1"}}