{"ALL STATS": {"Gets": {"Ops/sec": 483.27777777777777, "Latency": 66.08458333333333}}, "configuration": {"ratio": "0:1"}}