{"configuration": {"ratio": "0:1"}, "ALL STATS": {"Gets": {"Latency": 65.7080281690141, "Ops/sec": 486.15492957746477}}}