{"configuration": {"ratio": "0:1"}, "ALL STATS": {"Gets": {"Ops/sec": 499.9577464788732, "Latency": 63.89239436619718}}}