{"ALL STATS": {"Gets": {"Latency": 65.09013888888889, "Ops/sec": 490.80555555555554}}, "configuration": {"ratio": "0:1"}}