{"ALL STATS": {"Sets": {"Latency": 10.725070422535211, "Ops/sec": 2983.492957746479}}, "configuration": {"ratio": "1:0"}}