{"ALL STATS": {"Sets": {"Latency": 10.989718309859157, "Ops/sec": 2912.169014084507}}, "configuration": {"ratio": "1:0"}}