{"configuration": {"ratio": "0:1"}, "ALL STATS": {"Gets": {"Latency": 64.00611111111111, "Ops/sec": 498.97222222222223}}}