{"configuration": {"ratio": "1:0"}, "ALL STATS": {"Sets": {"Ops/sec": 3008.56338028169, "Latency": 10.636760563380278}}}