{"ALL STATS": {"Gets": {"Ops/sec": 495.63380281690144, "Latency": 64.51309859154931}}, "configuration": {"ratio": "0:1"}}