{"ALL STATS": {"Gets": {"Latency": 64.16250000000001, "Ops/sec": 497.72222222222223}}, "configuration": {"ratio": "0:1"}}