{"ALL STATS": {"Gets": {"Ops/sec": 503.943661971831, "Latency": 63.43084507042253}}, "configuration": {"ratio": "0:1"}}