{"configuration": {"ratio": "1:0"}, "ALL STATS": {"Sets": {"Ops/sec": 2336.211267605634, "Latency": 13.696901408450705}}}