{"ALL STATS": {"Sets": {"Latency": 13.716285714285712, "Ops/sec": 2332.8285714285716}}, "configuration": {"ratio": "1:0"}}