{"configuration": {"ratio": "0:1"}, "ALL STATS": {"Gets": {"Ops/sec": 478.90140845070425, "Latency": 66.74774647887324}}}