{"configuration": {"ratio": "1:0"}, "ALL STATS": {"Sets": {"Ops/sec": 2384.4305555555557, "Latency": 13.421527777777778}}}