{"ALL STATS": {"Sets": {"Latency": 10.715714285714283, "Ops/sec": 2987.2571428571428}}, "configuration": {"ratio": "1:0"}}