{"ALL STATS": {"Gets": {"Ops/sec": 493.09859154929575, "Latency": 64.80661971830985}}, "configuration": {"ratio": "0:1"}}