{"configuration": {"ratio": "0:1"}, "ALL STATS": {"Gets": {"Ops/sec": 476.5633802816901, "Latency": 67.0374647887324}}}