{"configuration": {"ratio": "0:1"}, "ALL STATS": {"Gets": {"Latency": 65.27507042253521, "Ops/sec": 489.5492957746479}}}