{"configuration": {"ratio": "0:1"}, "ALL STATS": {"Gets": {"Latency": 64.9330985915493, "Ops/sec": 491.98591549295776}}}