{"ALL STATS": {"Gets": {"Latency": 65.51492957746481, "Ops/sec": 487.90140845070425}}, "configuration": {"ratio": "0:1"}}