{"ALL STATS": {"Sets": {"Latency": 13.740138888888888, "Ops/sec": 2328.847222222222}}, "configuration": {"ratio": "1:0"}}