{"ALL STATS": {"Gets": {"Ops/sec": 483.19718309859155, "Latency": 66.10366197183099}}, "configuration": {"ratio": "0:1"}}