{"ALL STATS": {"Gets": {"Latency": 66.64805555555556, "Ops/sec": 479.19444444444446}}, "configuration": {"ratio": "0:1"}}