{"configuration": {"ratio": "1:0"}, "ALL STATS": {"Sets": {"Latency": 10.793000000000001, "Ops/sec": 2965.2285714285713}}}