{"ALL STATS": {"Sets": {"Ops/sec": 2382.057142857143, "Latency": 13.432571428571428}}, "configuration": {"ratio": "1:0"}}