{"configuration": {"ratio": "1:0"}, "ALL STATS": {"Sets": {"Latency": 10.934861111111111, "Ops/sec": 2926.3333333333335}}}