{"configuration": {"ratio": "0:1"}, "ALL STATS": {"Gets": {"Ops/sec": 498.88732394366195, "Latency": 64.03042253521127}}}