{"ALL STATS": {"Sets": {"Latency": 10.939714285714286, "Ops/sec": 2925.342857142857}}, "configuration": {"ratio": "1:0"}}