{"configuration": {"ratio": "1:0"}, "ALL STATS": {"Sets": {"Ops/sec": 2400.6338028169016, "Latency": 13.331267605633807}}}