{"configuration": {"ratio": "1:0"}, "ALL STATS": {"Sets": {"Ops/sec": 2321.3802816901407, "Latency": 12.92098591549296}}}