{"ALL STATS": {"Sets": {"Ops/sec": 2420.1805555555557, "Latency": 13.221944444444444}}, "configuration": {"ratio": "1:0"}}