{"configuration": {"ratio": "0:1"}, "ALL STATS": {"Gets": {"Ops/sec": 478.46478873239437, "Latency": 66.74647887323944}}}