{"ALL STATS": {"Sets": {"Ops/sec": 2989.722222222222, "Latency": 10.704444444444444}}, "configuration": {"ratio": "1:0"}}