{"configuration": {"ratio": "0:1"}, "ALL STATS": {"Gets": {"Latency": 65.91422535211268, "Ops/sec": 484.98591549295776}}}