{"configuration": {"ratio": "0:1"}, "ALL STATS": {"Gets": {"Ops/sec": 497.63380281690144, "Latency": 64.17619718309861}}}