{"configuration": {"ratio": "0:1"}, "ALL STATS": {"Gets": {"Ops/sec": 497.55555555555554, "Latency": 64.21944444444443}}}