{"ALL STATS": {"Sets": {"Ops/sec": 2958.492957746479, "Latency": 10.817464788732394}}, "configuration": {"ratio": "1:0"}}