{"ALL STATS": {"Sets": {"Ops/sec": 2960.521126760563, "Latency": 10.810422535211266}}, "configuration": {"ratio": "1:0"}}