{"configuration": {"ratio": "0:1"}, "ALL STATS": {"Gets": {"Latency": 65.00591549295775, "Ops/sec": 491.3098591549296}}}