{"configuration": {"ratio": "0:1"}, "ALL STATS": {"Gets": {"Ops/sec": 473.31944444444446, "Latency": 67.53958333333334}}}