{"ALL STATS": {"Sets": {"Ops/sec": 2372.492957746479, "Latency": 13.497042253521126}}, "configuration": {"ratio": "1:0"}}