{"ALL STATS": {"Sets": {"Latency": 13.420428571428573, "Ops/sec": 2384.114285714286}}, "configuration": {"ratio": "1:0"}}