{"configuration": {"ratio": "1:0"}, "ALL STATS": {"Sets": {"Latency": 10.678055555555556, "Ops/sec": 2997.2361111111113}}}