{"ALL STATS": {"Gets": {"Latency": 65.60901408450704, "Ops/sec": 487.2957746478873}}, "configuration": {"ratio": "0:1"}}