{"configuration": {"ratio": "1:0"}, "ALL STATS": {"Sets": {"Ops/sec": 2485.169014084507, "Latency": 12.875352112676058}}}