{"configuration": {"ratio": "1:0"}, "ALL STATS": {"Sets": {"Ops/sec": 2376.714285714286, "Latency": 13.462428571428571}}}