{"configuration": {"ratio": "0:1"}, "ALL STATS": {"Gets": {"Latency": 65.03704225352114, "Ops/sec": 491.61971830985914}}}