{"configuration": {"ratio": "1:0"}, "ALL STATS": {"Sets": {"Ops/sec": 2756.0555555555557, "Latency": 23.262222222222224}}}