{"configuration": {"ratio": "1:0"}, "ALL STATS": {"Sets": {"Latency": 22.650281690140847, "Ops/sec": 2698.0704225352115}}}