{"configuration": {"ratio": "1:0"}, "ALL STATS": {"Sets": {"Ops/sec": 2638.2162162162163, "Latency": 22.003108108108105}}}