{"ALL STATS": {"Gets": {"Latency": 64.18746478873238, "Ops/sec": 996.3661971830986}}, "configuration": {"ratio": "0:1"}}