{"configuration": {"ratio": "0:1"}, "ALL STATS": {"Gets": {"Ops/sec": 984.3802816901408, "Latency": 64.96492957746477}}}