{"ALL STATS": {"Gets": {"Latency": 66.85338028169015, "Ops/sec": 956.4084507042254}}, "configuration": {"ratio": "0:1"}}