{"ALL STATS": {"Gets": {"Ops/sec": 982.9027777777778, "Latency": 65.06597222222223}}, "configuration": {"ratio": "0:1"}}