{"configuration": {"ratio": "1:0"}, "ALL STATS": {"Sets": {"Latency": 24.604225352112675, "Ops/sec": 2320.718309859155}}}