{"configuration": {"ratio": "1:0"}, "ALL STATS": {"Sets": {"Ops/sec": 2081.549295774648, "Latency": 30.76971830985916}}}