{"ALL STATS": {"Sets": {"Ops/sec": 2663.1216216216217, "Latency": 24.052972972972977}}, "configuration": {"ratio": "1:0"}}