{"ALL STATS": {"Gets": {"Latency": 64.99943661971831, "Ops/sec": 983.887323943662}}, "configuration": {"ratio": "0:1"}}