{"configuration": {"ratio": "1:0"}, "ALL STATS": {"Sets": {"Latency": 31.87569444444445, "Ops/sec": 2009.0694444444443}}}