{"ALL STATS": {"Sets": {"Latency": 24.670563380281695, "Ops/sec": 1867.6901408450703}}, "configuration": {"ratio": "1:0"}}