{"ALL STATS": {"Sets": {"Latency": 24.88619718309859, "Ops/sec": 1972.394366197183}}, "configuration": {"ratio": "1:0"}}