{"configuration": {"ratio": "0:1"}, "ALL STATS": {"Gets": {"Latency": 67.1290277777778, "Ops/sec": 952.3888888888889}}}