{"ALL STATS": {"Gets": {"Ops/sec": 974.6666666666666, "Latency": 65.5963888888889}}, "configuration": {"ratio": "0:1"}}