{"configuration": {"ratio": "0:1"}, "ALL STATS": {"Gets": {"Ops/sec": 978.5774647887324, "Latency": 65.3398591549296}}}