{"configuration": {"ratio": "1:0"}, "ALL STATS": {"Sets": {"Ops/sec": 1997.972972972973, "Latency": 31.058378378378375}}}