{"configuration": {"ratio": "0:1"}, "ALL STATS": {"Gets": {"Latency": 66.17444444444445, "Ops/sec": 968.3055555555555}}}