{"configuration": {"ratio": "0:1"}, "ALL STATS": {"Gets": {"Latency": 65.32180555555556, "Ops/sec": 978.9027777777778}}}