{"configuration": {"ratio": "0:1"}, "ALL STATS": {"Gets": {"Latency": 65.62680555555556, "Ops/sec": 974.1944444444445}}}