{"ALL STATS": {"Gets": {"Ops/sec": 950.7083333333334, "Latency": 67.33222222222223}}, "configuration": {"ratio": "0:1"}}