{"ALL STATS": {"Sets": {"Latency": 20.923661971830985, "Ops/sec": 2008.943661971831}}, "configuration": {"ratio": "1:0"}}