{"ALL STATS": {"Sets": {"Ops/sec": 1996.6901408450703, "Latency": 32.0756338028169}}, "configuration": {"ratio": "1:0"}}