{"ALL STATS": {"Gets": {"Latency": 65.29249999999999, "Ops/sec": 979.3055555555555}}, "configuration": {"ratio": "0:1"}}