{"ALL STATS": {"Sets": {"Latency": 24.352702702702697, "Ops/sec": 2630.4594594594596}}, "configuration": {"ratio": "1:0"}}