{"ALL STATS": {"Gets": {"Ops/sec": 984.7361111111111, "Latency": 64.93027777777777}}, "configuration": {"ratio": "0:1"}}