{"configuration": {"ratio": "0:1"}, "ALL STATS": {"Gets": {"Latency": 65.26154929577464, "Ops/sec": 979.6338028169014}}}