{"configuration": {"ratio": "1:0"}, "ALL STATS": {"Sets": {"Ops/sec": 3047.3611111111113, "Latency": 20.03527777777778}}}