{"configuration": {"ratio": "0:1"}, "ALL STATS": {"Gets": {"Latency": 64.7136111111111, "Ops/sec": 988.3194444444445}}}