{"ALL STATS": {"Sets": {"Latency": 24.37352112676056, "Ops/sec": 2628.3802816901407}}, "configuration": {"ratio": "1:0"}}