client,netsend_mean,netsend_std
2,13318417.65258216,57550.34995806892
4,15403720.126760563,122141.27523522501
8,18292033.58685446,86585.40781273048
16,22191271.713615026,29819.011542078908
24,23700780.769953053,77238.31980383235
32,23889677.07511737,124145.3102717746
40,23990118.08920188,126744.27848743403
48,23527855.483568076,96227.9219494212
56,23333998.42253521,4473.828067417642
