client,cpu_mean,cpu_std
12,8.11525821596244,0.13232532878532716
24,7.367446009389674,0.17240871105946906
48,7.4054460093896735,0.1677189195138188
96,7.698342723004697,0.15777366018893205
144,7.997657276995306,0.30691523330642956
192,8.391399061032866,0.058928491643122034
240,8.599840375586856,0.18956632009785984
288,9.036854460093899,0.2651509899195394
336,10.527591549295776,0.760161914647701
