client,netrecv_mean,netrecv_std
2,4147458.0657276995,7687.39299100314
4,4166946.7558685443,38310.351634576524
8,4238671.807511737,14150.295799792751
16,4242072.558685446,28819.96946102609
24,4275681.788732394,65319.36355421773
32,4286006.17370892,72422.52359575227
40,4196519.370892019,95166.75483084381
48,4299934.28169014,164624.7023288104
56,4296258.82629108,59864.51190688378
