client,netrecv_mean,netrecv_std
2,443443.63849765254,437.2323444526354
4,442875.5164319249,65.12403268217462
8,443293.0,447.74963307101524
16,444614.88732394367,202.84815584689846
24,463945.9577464789,444.35455175473743
32,485785.882629108,769.4666862175579
40,504441.3474178403,1052.5379669958124
48,527732.9812206574,11342.605089006754
56,556525.1784037558,33139.945641433245
