client,netrecv_mean,netrecv_std
2,446445.69953051646,1923.1921342477085
4,516096.71361502353,4052.066668711826
8,612515.0328638497,2901.763131093276
16,741307.0093896714,1049.430470248973
24,780770.7511737089,2536.994281123809
32,786941.2676056338,4040.5650291034412
40,790235.0,4139.922669005952
48,775097.1830985915,3210.4314602887
56,768720.0469483569,99.97014785085481
