{"ALL STATS": {"Gets": {"Latency": 21.673661971830988, "Ops/sec": 1475.6338028169014}}, "configuration": {"ratio": "0:1"}}