{"ALL STATS": {"Sets": {"Latency": 17.325352112676057, "Ops/sec": 1848.3098591549297}}, "configuration": {"ratio": "1:0"}}