{"configuration": {"ratio": "0:1"}, "ALL STATS": {"Gets": {"Ops/sec": 1471.225352112676, "Latency": 21.745915492957742}}}