{"ALL STATS": {"Sets": {"Ops/sec": 2618.6338028169016, "Latency": 12.221267605633805}}, "configuration": {"ratio": "1:0"}}