{"ALL STATS": {"Sets": {"Latency": 16.463380281690142, "Ops/sec": 1944.619718309859}}, "configuration": {"ratio": "1:0"}}