{"ALL STATS": {"Gets": {"Latency": 21.596901408450705, "Ops/sec": 1480.943661971831}}, "configuration": {"ratio": "0:1"}}