{"ALL STATS": {"Sets": {"Ops/sec": 1847.380281690141, "Latency": 17.336197183098587}}, "configuration": {"ratio": "1:0"}}