{"configuration": {"ratio": "1:0"}, "ALL STATS": {"Sets": {"Latency": 12.306999999999999, "Ops/sec": 2599.714285714286}}}