{"ALL STATS": {"Gets": {"Ops/sec": 1481.0985915492959, "Latency": 21.591971830985916}}, "configuration": {"ratio": "0:1"}}