{"configuration": {"ratio": "0:1"}, "ALL STATS": {"Gets": {"Latency": 21.946666666666665, "Ops/sec": 1457.263888888889}}}