{"configuration": {"ratio": "0:1"}, "ALL STATS": {"Gets": {"Latency": 21.245555555555555, "Ops/sec": 1505.7222222222222}}}