{"configuration": {"ratio": "1:0"}, "ALL STATS": {"Sets": {"Latency": 12.43611111111111, "Ops/sec": 2573.2083333333335}}}