{"configuration": {"ratio": "0:1"}, "ALL STATS": {"Gets": {"Ops/sec": 1457.6478873239437, "Latency": 22.170140845070424}}}