{"ALL STATS": {"Gets": {"Latency": 22.088028169014084, "Ops/sec": 1447.5774647887324}}, "configuration": {"ratio": "0:1"}}