{"ALL STATS": {"Gets": {"Latency": 22.06845070422535, "Ops/sec": 1449.3521126760563}}, "configuration": {"ratio": "0:1"}}