{"configuration": {"ratio": "1:0"}, "ALL STATS": {"Sets": {"Ops/sec": 2617.9154929577467, "Latency": 12.222957746478873}}}