{"configuration": {"ratio": "0:1"}, "ALL STATS": {"Gets": {"Latency": 21.33114285714286, "Ops/sec": 1499.8714285714286}}}