{"ALL STATS": {"Gets": {"Ops/sec": 1459.8472222222222, "Latency": 21.906388888888888}}, "configuration": {"ratio": "0:1"}}