{"configuration": {"ratio": "0:1"}, "ALL STATS": {"Gets": {"Latency": 22.417361111111113, "Ops/sec": 1442.013888888889}}}