{"ALL STATS": {"Sets": {"Ops/sec": 2539.6478873239435, "Latency": 12.606478873239436}}, "configuration": {"ratio": "1:0"}}