{"ALL STATS": {"Gets": {"Latency": 22.02859154929578, "Ops/sec": 1452.3239436619717}}, "configuration": {"ratio": "0:1"}}