{"ALL STATS": {"Sets": {"Latency": 16.495633802816897, "Ops/sec": 1941.1267605633802}}, "configuration": {"ratio": "1:0"}}