{"configuration": {"ratio": "0:1"}, "ALL STATS": {"Gets": {"Ops/sec": 1441.281690140845, "Latency": 22.19309859154929}}}