{"ALL STATS": {"Sets": {"Ops/sec": 1944.4507042253522, "Latency": 16.468169014084506}}, "configuration": {"ratio": "1:0"}}