{"configuration": {"ratio": "0:1"}, "ALL STATS": {"Gets": {"Ops/sec": 1452.6338028169014, "Latency": 22.245915492957742}}}