{"configuration": {"ratio": "0:1"}, "ALL STATS": {"Gets": {"Latency": 22.12430555555555, "Ops/sec": 1460.5555555555557}}}