{"ALL STATS": {"Gets": {"Ops/sec": 1473.6666666666667, "Latency": 21.703333333333333}}, "configuration": {"ratio": "0:1"}}