{"configuration": {"ratio": "1:0"}, "ALL STATS": {"Sets": {"Latency": 12.446478873239435, "Ops/sec": 2572.7464788732395}}}