{"ALL STATS": {"Sets": {"Ops/sec": 1931.9714285714285, "Latency": 16.573571428571427}}, "configuration": {"ratio": "1:0"}}