{"configuration": {"ratio": "1:0"}, "ALL STATS": {"Sets": {"Ops/sec": 1975.9014084507041, "Latency": 16.19718309859155}}}