{"configuration": {"ratio": "1:0"}, "ALL STATS": {"Sets": {"Latency": 12.239142857142857, "Ops/sec": 2614.0714285714284}}}