{"configuration": {"ratio": "1:0"}, "ALL STATS": {"Sets": {"Latency": 12.632957746478874, "Ops/sec": 2534.3802816901407}}}