{"configuration": {"ratio": "1:0"}, "ALL STATS": {"Sets": {"Latency": 16.5812676056338, "Ops/sec": 1930.4084507042253}}}