{"configuration": {"ratio": "0:1"}, "ALL STATS": {"Gets": {"Ops/sec": 1437.6760563380283, "Latency": 22.482816901408448}}}