{"ALL STATS": {"Sets": {"Ops/sec": 1856.8194444444443, "Latency": 17.244444444444444}}, "configuration": {"ratio": "1:0"}}