{"configuration": {"ratio": "1:0"}, "ALL STATS": {"Sets": {"Ops/sec": 1969.225352112676, "Latency": 16.253380281690145}}}