{"ALL STATS": {"Gets": {"Latency": 22.339295774647887, "Ops/sec": 1431.887323943662}}, "configuration": {"ratio": "0:1"}}