{"configuration": {"ratio": "0:1"}, "ALL STATS": {"Gets": {"Ops/sec": 1475.4788732394366, "Latency": 21.675352112676055}}}