{"configuration": {"ratio": "0:1"}, "ALL STATS": {"Gets": {"Ops/sec": 1485.361111111111, "Latency": 21.532500000000002}}}