{"ALL STATS": {"Gets": {"Latency": 22.44225352112676, "Ops/sec": 1425.5211267605634}}, "configuration": {"ratio": "0:1"}}