{"configuration": {"ratio": "1:0"}, "ALL STATS": {"Sets": {"Ops/sec": 2629.342857142857, "Latency": 12.167571428571428}}}