{"ALL STATS": {"Sets": {"Latency": 16.178169014084506, "Ops/sec": 1978.225352112676}}, "configuration": {"ratio": "1:0"}}