{"configuration": {"ratio": "1:0"}, "ALL STATS": {"Sets": {"Latency": 12.369027777777777, "Ops/sec": 2586.9583333333335}}}