{"configuration": {"ratio": "1:0"}, "ALL STATS": {"Sets": {"Ops/sec": 2597.2916666666665, "Latency": 12.317499999999999}}}