{"configuration": {"ratio": "1:0"}, "ALL STATS": {"Sets": {"Latency": 12.403142857142859, "Ops/sec": 2579.7714285714287}}}