{"ALL STATS": {"Sets": {"Ops/sec": 1928.4027777777778, "Latency": 16.604583333333338}}, "configuration": {"ratio": "1:0"}}