{"ALL STATS": {"Sets": {"Latency": 16.494000000000003, "Ops/sec": 1941.3142857142857}}, "configuration": {"ratio": "1:0"}}