{"configuration": {"ratio": "0:1"}, "ALL STATS": {"Gets": {"Ops/sec": 1480.9577464788733, "Latency": 21.5974647887324}}}