{"configuration": {"ratio": "0:1"}, "ALL STATS": {"Gets": {"Latency": 21.395694444444445, "Ops/sec": 1494.6805555555557}}}