{"ALL STATS": {"Gets": {"Latency": 22.16281690140845, "Ops/sec": 1442.8309859154929}}, "configuration": {"ratio": "0:1"}}