{"ALL STATS": {"Gets": {"Latency": 22.245915492957742, "Ops/sec": 1437.380281690141}}, "configuration": {"ratio": "0:1"}}