{"configuration": {"ratio": "1:0"}, "ALL STATS": {"Sets": {"Ops/sec": 2638.2571428571428, "Latency": 12.125857142857143}}}