{"ALL STATS": {"Gets": {"Ops/sec": 1488.1549295774648, "Latency": 21.499014084507042}}, "configuration": {"ratio": "0:1"}}