{"configuration": {"ratio": "1:0"}, "ALL STATS": {"Sets": {"Latency": 12.252222222222223, "Ops/sec": 2611.152777777778}}}