{"ALL STATS": {"Gets": {"Latency": 21.644166666666667, "Ops/sec": 1477.5833333333333}}, "configuration": {"ratio": "0:1"}}