{"configuration": {"ratio": "1:0"}, "ALL STATS": {"Sets": {"Latency": 16.40943661971831, "Ops/sec": 1950.943661971831}}}