{"ALL STATS": {"Sets": {"Ops/sec": 1946.7887323943662, "Latency": 16.443521126760565}}, "configuration": {"ratio": "1:0"}}