{"configuration": {"ratio": "0:1"}, "ALL STATS": {"Gets": {"Ops/sec": 1454.2535211267605, "Latency": 21.995774647887323}}}