{"configuration": {"ratio": "0:1"}, "ALL STATS": {"Gets": {"Ops/sec": 1465.3428571428572, "Latency": 21.827857142857145}}}