{"ALL STATS": {"Sets": {"Latency": 12.493285714285715, "Ops/sec": 2561.657142857143}}, "configuration": {"ratio": "1:0"}}