{"configuration": {"ratio": "0:1"}, "ALL STATS": {"Gets": {"Ops/sec": 1489.2714285714285, "Latency": 21.469857142857144}}}