{"configuration": {"ratio": "0:1"}, "ALL STATS": {"Gets": {"Latency": 26.642857142857142, "Ops/sec": 2402.714285714286}}}