{"ALL STATS": {"Gets": {"Latency": 26.725714285714282, "Ops/sec": 2397.5714285714284}}, "configuration": {"ratio": "0:1"}}