{"ALL STATS": {"Sets": {"Ops/sec": 1541.7142857142858, "Latency": 33.128571428571426}}, "configuration": {"ratio": "1:0"}}