{"ALL STATS": {"Gets": {"Ops/sec": 2345.3333333333335, "Latency": 27.304999999999996}}, "configuration": {"ratio": "0:1"}}