{"ALL STATS": {"Gets": {"Ops/sec": 2356.8571428571427, "Latency": 27.174285714285713}}, "configuration": {"ratio": "0:1"}}