{"configuration": {"ratio": "0:1"}, "ALL STATS": {"Gets": {"Ops/sec": 2411.1428571428573, "Latency": 26.58285714285714}}}