{"configuration": {"ratio": "0:1"}, "ALL STATS": {"Gets": {"Latency": 27.21666666666667, "Ops/sec": 2351.6666666666665}}}