{"configuration": {"ratio": "1:0"}, "ALL STATS": {"Sets": {"Latency": 38.61857142857143, "Ops/sec": 1661.2857142857142}}}