{"ALL STATS": {"Sets": {"Ops/sec": 1934.857142857143, "Latency": 33.14857142857143}}, "configuration": {"ratio": "1:0"}}