{"ALL STATS": {"Sets": {"Latency": 33.06142857142857, "Ops/sec": 1393.7142857142858}}, "configuration": {"ratio": "1:0"}}