{"ALL STATS": {"Gets": {"Latency": 63.25901408450704, "Ops/sec": 505.28169014084506}}, "configuration": {"ratio": "0:1"}}