{"configuration": {"ratio": "0:1"}, "ALL STATS": {"Gets": {"Ops/sec": 468.68055555555554, "Latency": 68.19958333333335}}}