{"ALL STATS": {"Sets": {"Latency": 14.68056338028169, "Ops/sec": 2179.3802816901407}}, "configuration": {"ratio": "1:0"}}