{"ALL STATS": {"Sets": {"Latency": 18.287323943661974, "Ops/sec": 1424.661971830986}}, "configuration": {"ratio": "1:0"}}