{"ALL STATS": {"Sets": {"Ops/sec": 2243.9718309859154, "Latency": 14.283239436619716}}, "configuration": {"ratio": "1:0"}}