{"ALL STATS": {"Gets": {"Ops/sec": 473.53521126760563, "Latency": 67.49760563380282}}, "configuration": {"ratio": "0:1"}}