{"ALL STATS": {"Gets": {"Ops/sec": 495.92957746478874, "Latency": 64.48943661971829}}, "configuration": {"ratio": "0:1"}}