{"configuration": {"ratio": "0:1"}, "ALL STATS": {"Gets": {"Latency": 66.4318309859155, "Ops/sec": 480.943661971831}}}