{"ALL STATS": {"Gets": {"Latency": 64.40084507042255, "Ops/sec": 496.5774647887324}}, "configuration": {"ratio": "0:1"}}