{"configuration": {"ratio": "1:0"}, "ALL STATS": {"Sets": {"Ops/sec": 2167.887323943662, "Latency": 14.759154929577466}}}