{"ALL STATS": {"Sets": {"Ops/sec": 1598.619718309859, "Latency": 20.052957746478874}}, "configuration": {"ratio": "1:0"}}