{"configuration": {"ratio": "1:0"}, "ALL STATS": {"Sets": {"Ops/sec": 1598.9166666666667, "Latency": 20.016944444444444}}}