{"ALL STATS": {"Gets": {"Latency": 65.56507042253523, "Ops/sec": 487.5774647887324}}, "configuration": {"ratio": "0:1"}}