{"ALL STATS": {"Gets": {"Ops/sec": 499.943661971831, "Latency": 63.988732394366195}}, "configuration": {"ratio": "0:1"}}