{"configuration": {"ratio": "1:0"}, "ALL STATS": {"Sets": {"Latency": 15.019014084507042, "Ops/sec": 2134.7464788732395}}}