{"ALL STATS": {"Sets": {"Ops/sec": 1628.3055555555557, "Latency": 19.662083333333335}}, "configuration": {"ratio": "1:0"}}