{"ALL STATS": {"Gets": {"Latency": 66.96281690140844, "Ops/sec": 477.2676056338028}}, "configuration": {"ratio": "0:1"}}