{"ALL STATS": {"Sets": {"Ops/sec": 1600.8714285714286, "Latency": 19.996428571428574}}, "configuration": {"ratio": "1:0"}}