{"ALL STATS": {"Gets": {"Latency": 67.76083333333332, "Ops/sec": 471.7638888888889}}, "configuration": {"ratio": "0:1"}}