{"configuration": {"ratio": "0:1"}, "ALL STATS": {"Gets": {"Latency": 66.52028169014086, "Ops/sec": 480.3098591549296}}}