{"ALL STATS": {"Sets": {"Latency": 14.604999999999999, "Ops/sec": 2194.1388888888887}}, "configuration": {"ratio": "1:0"}}