{"configuration": {"ratio": "0:1"}, "ALL STATS": {"Gets": {"Latency": 63.32985915492959, "Ops/sec": 504.5774647887324}}}