{"configuration": {"ratio": "0:1"}, "ALL STATS": {"Gets": {"Latency": 63.260416666666664, "Ops/sec": 505.0138888888889}}}