{"ALL STATS": {"Sets": {"Ops/sec": 1597.380281690141, "Latency": 20.035915492957752}}, "configuration": {"ratio": "1:0"}}