{"ALL STATS": {"Sets": {"Ops/sec": 1617.1666666666667, "Latency": 19.795277777777773}}, "configuration": {"ratio": "1:0"}}