{"configuration": {"ratio": "1:0"}, "ALL STATS": {"Sets": {"Ops/sec": 2025.5857142857142, "Latency": 16.03742857142857}}}