{"ALL STATS": {"Gets": {"Latency": 64.14408450704227, "Ops/sec": 498.5211267605634}}, "configuration": {"ratio": "0:1"}}