{"configuration": {"ratio": "1:0"}, "ALL STATS": {"Sets": {"Ops/sec": 2042.1857142857143, "Latency": 15.666285714285715}}}