{"configuration": {"ratio": "1:0"}, "ALL STATS": {"Sets": {"Latency": 18.24943661971831, "Ops/sec": 1425.3098591549297}}}