{"ALL STATS": {"Sets": {"Ops/sec": 1955.7714285714285, "Latency": 16.598571428571425}}, "configuration": {"ratio": "1:0"}}