{"ALL STATS": {"Gets": {"Ops/sec": 468.46478873239437, "Latency": 68.24309859154928}}, "configuration": {"ratio": "0:1"}}