{"configuration": {"ratio": "1:0"}, "ALL STATS": {"Sets": {"Ops/sec": 1750.8028169014085, "Latency": 18.31718309859155}}}