{"ALL STATS": {"Sets": {"Ops/sec": 2153.4583333333335, "Latency": 14.887222222222224}}, "configuration": {"ratio": "1:0"}}