{"configuration": {"ratio": "1:0"}, "ALL STATS": {"Sets": {"Latency": 20.030277777777776, "Ops/sec": 1600.3472222222222}}}