{"configuration": {"ratio": "0:1"}, "ALL STATS": {"Gets": {"Ops/sec": 485.0281690140845, "Latency": 65.84774647887322}}}