{"configuration": {"ratio": "1:0"}, "ALL STATS": {"Sets": {"Ops/sec": 1678.7323943661972, "Latency": 19.295633802816898}}}