{"configuration": {"ratio": "0:1"}, "ALL STATS": {"Gets": {"Ops/sec": 491.9718309859155, "Latency": 65.03084507042253}}}