{"ALL STATS": {"Gets": {"Ops/sec": 494.85915492957747, "Latency": 64.59267605633802}}, "configuration": {"ratio": "0:1"}}