{"configuration": {"ratio": "0:1"}, "ALL STATS": {"Gets": {"Latency": 64.59084507042253, "Ops/sec": 494.943661971831}}}