{"ALL STATS": {"Sets": {"Latency": 18.16785714285714, "Ops/sec": 1762.2714285714285}}, "configuration": {"ratio": "1:0"}}