{"configuration": {"ratio": "0:1"}, "ALL STATS": {"Gets": {"Ops/sec": 492.34285714285716, "Latency": 64.91757142857142}}}