{"configuration": {"ratio": "0:1"}, "ALL STATS": {"Gets": {"Ops/sec": 498.9861111111111, "Latency": 64.01930555555556}}}