{"ALL STATS": {"Gets": {"Ops/sec": 499.4861111111111, "Latency": 64.00611111111111}}, "configuration": {"ratio": "0:1"}}