{"configuration": {"ratio": "1:0"}, "ALL STATS": {"Sets": {"Ops/sec": 1530.6478873239437, "Latency": 21.16380281690141}}}