{"ALL STATS": {"Sets": {"Latency": 15.710714285714285, "Ops/sec": 2036.2714285714285}}, "configuration": {"ratio": "1:0"}}