{"configuration": {"ratio": "1:0"}, "ALL STATS": {"Sets": {"Latency": 14.834507042253524, "Ops/sec": 2157.1267605633802}}}