{"configuration": {"ratio": "0:1"}, "ALL STATS": {"Gets": {"Latency": 63.83366197183099, "Ops/sec": 500.83098591549293}}}