{"ALL STATS": {"Gets": {"Latency": 67.42732394366197, "Ops/sec": 474.1830985915493}}, "configuration": {"ratio": "0:1"}}