{"ALL STATS": {"Sets": {"Latency": 14.95774647887324, "Ops/sec": 2139.2957746478874}}, "configuration": {"ratio": "1:0"}}