{"ALL STATS": {"Gets": {"Ops/sec": 476.22535211267603, "Latency": 67.07239436619719}}, "configuration": {"ratio": "0:1"}}