{"ALL STATS": {"Gets": {"Latency": 64.24690140845068, "Ops/sec": 497.77464788732397}}, "configuration": {"ratio": "0:1"}}