{"ALL STATS": {"Gets": {"Latency": 64.0725352112676, "Ops/sec": 498.50704225352115}}, "configuration": {"ratio": "0:1"}}