{"configuration": {"ratio": "1:0"}, "ALL STATS": {"Sets": {"Latency": 20.36309859154929, "Ops/sec": 1571.5774647887324}}}