{"ALL STATS": {"Gets": {"Latency": 67.82746478873241, "Ops/sec": 471.3380281690141}}, "configuration": {"ratio": "0:1"}}