{"configuration": {"ratio": "1:0"}, "ALL STATS": {"Sets": {"Latency": 19.691408450704227, "Ops/sec": 1625.9859154929577}}}