{"configuration": {"ratio": "1:0"}, "ALL STATS": {"Sets": {"Ops/sec": 1576.142857142857, "Latency": 20.271428571428572}}}