{"configuration": {"ratio": "1:0"}, "ALL STATS": {"Sets": {"Ops/sec": 1491.7142857142858, "Latency": 21.560000000000002}}}