{"ALL STATS": {"Sets": {"Ops/sec": 1577.5714285714287, "Latency": 20.247142857142858}}, "configuration": {"ratio": "1:0"}}