{"ALL STATS": {"Gets": {"Ops/sec": 495.42857142857144, "Latency": 64.38000000000001}}, "configuration": {"ratio": "0:1"}}