{"configuration": {"ratio": "0:1"}, "ALL STATS": {"Gets": {"Ops/sec": 482.8333333333333, "Latency": 66.27833333333334}}}