{"configuration": {"ratio": "0:1"}, "ALL STATS": {"Gets": {"Ops/sec": 499.1666666666667, "Latency": 63.978333333333325}}}