{"configuration": {"ratio": "0:1"}, "ALL STATS": {"Gets": {"Latency": 66.07166666666667, "Ops/sec": 483.3333333333333}}}