{"configuration": {"ratio": "1:0"}, "ALL STATS": {"Sets": {"Ops/sec": 1495.5714285714287, "Latency": 21.515714285714285}}}