{"configuration": {"ratio": "1:0"}, "ALL STATS": {"Sets": {"Ops/sec": 1538.8333333333333, "Latency": 20.778333333333336}}}