{"ALL STATS": {"Sets": {"Ops/sec": 1549.3333333333333, "Latency": 20.64333333333333}}, "configuration": {"ratio": "1:0"}}