{"configuration": {"ratio": "1:0"}, "ALL STATS": {"Sets": {"Latency": 21.19142857142857, "Ops/sec": 1507.857142857143}}}