{"configuration": {"ratio": "0:1"}, "ALL STATS": {"Gets": {"Latency": 65.3742857142857, "Ops/sec": 489.2857142857143}}}