{"configuration": {"ratio": "0:1"}, "ALL STATS": {"Gets": {"Latency": 65.89666666666666, "Ops/sec": 484.6666666666667}}}