{"ALL STATS": {"Sets": {"Latency": 21.291666666666664, "Ops/sec": 1503.1666666666667}}, "configuration": {"ratio": "1:0"}}