{"ALL STATS": {"Gets": {"Ops/sec": 495.6666666666667, "Latency": 64.34166666666665}}, "configuration": {"ratio": "0:1"}}