{"configuration": {"ratio": "0:1"}, "ALL STATS": {"Gets": {"Ops/sec": 488.57142857142856, "Latency": 65.44428571428571}}}