{"configuration": {"ratio": "1:0"}, "ALL STATS": {"Sets": {"Latency": 20.812857142857144, "Ops/sec": 1536.142857142857}}}