{"configuration": {"ratio": "0:1"}, "ALL STATS": {"Gets": {"Latency": 65.2957142857143, "Ops/sec": 490.2857142857143}}}