{"configuration": {"ratio": "1:0"}, "ALL STATS": {"Sets": {"Latency": 21.208333333333332, "Ops/sec": 1508.3333333333333}}}