requestType,queueLength,netthreadTime,queueTime,workerPreTime,memcachedRTT,workerPostTime, totalRequests
GET,1.4079339064120147,12666.738680581106,94066.86973051923,16658.07364172548,867995.1144038978,14211.769586692088,89691
