client,worker,netsend_mean,netsend_std
6,64,4151078.564516129,70763.33870967757
192,64,20756812.532258064,83268.37096774206
