client,worker,netsend_mean,netsend_std
6,64,20216373.435483873,218948.82258064486
192,64,98433039.83870968,78333.06451612711
