client,worker,netrecv_mean,netrecv_std
6,64,13468871.290322581,61423.74193548411
192,64,64735169.93548387,384836.54838709533
