client,worker,cpu_mean,cpu_std
6,64,14.490080645161292,0.5630161290322588
192,64,72.54498387096774,0.7422741935483899
