client,worker,netrecv_mean,netrecv_std
6,64,140437.25806451612,2406.2903225806513
192,64,691383.9516129033,2880.6290322580608
