client,worker,netsend_mean,netsend_std
6,64,433430.51612903224,1936.2580645161215
192,64,2096095.9677419355,12318.354838709813
