client,worker,cpu_mean,cpu_std
6,64,6.0808225806451635,0.057854838709676226
192,64,25.736129032258063,0.2261935483870925
