client,worker,cpu_mean,cpu_std
6,64,4.381241935483873,0.1970483870967743
192,64,13.12633870967742,0.300145161290323
