client,worker,netrecv_mean,netrecv_std
6,64,7479508.983870968,84414.72580645187
192,64,36703729.59677419,22196.53225806728
