client,worker,write_tp_mean,write_tp_std
6,64,3091.9666666666667,21.166666666666515
192,64,15178.166666666668,223.4333333333334
