client,worker,write_tp_mean,write_tp_std
6,64,3076.065591397849,15.273118279569871
192,64,14967.107694892473,88.39586693548517
