client,worker,write_rt_mean,write_rt_std
6,64,1.9509937275985663,0.010205197132616584
192,64,12.850505600358423,0.08367898745519753
