client,worker,write_rt_mean,write_rt_std
6,64,1.2939129622798307,0.004095784297962091
192,64,9.485536791943863,0.038438090416507364
