client,worker,write_queueLength,write_queueLength_std
6,64,1.1422362829086452,0.0022946908246403996
192,64,18.867416895195763,0.04392543933917281
