requestType,queueLength,netthreadTime,queueTime,workerPreTime,memcachedRTT,workerPostTime, totalRequests
SET,58.698694901339074,50600.1557191254,6607819.422087592,50790.90287725656,8267191.633043626,143386.77588540045,529845
