requestType,queueLength,netthreadTime,queueTime,workerPreTime,memcachedRTT,workerPostTime, totalRequests
GET,34.30939628491636,21356.309026903295,12236054.387391774,22626.366572082585,14892605.276107166,20924.131544630814,178677
