requestType,queueLength,netthreadTime,queueTime,workerPreTime,memcachedRTT,workerPostTime, totalRequests
SET,9.837122014069939,34643.70781286861,1778513.7789428795,23467.788485152767,3170581.8466552137,58679.42678006497,330634
