requestType,queueLength,netthreadTime,queueTime,workerPreTime,memcachedRTT,workerPostTime, totalRequests
GET,2.1621943880449273,21819.084438045207,681175.173386802,19713.508484299688,2898029.2132239216,20386.312746415897,177799
