requestType,queueLength,netthreadTime,queueTime,workerPreTime,memcachedRTT,workerPostTime, totalRequests
SET,78.53814947181708,35913.86639269647,13907713.077434633,24535.845941523756,15279219.595252939,63910.87303413212,341643
