requestType,queueLength,netthreadTime,queueTime,workerPreTime,memcachedRTT,workerPostTime, totalRequests
GET,91.84662643456116,29793.590916758723,34420610.56231532,70522.93356805085,44794623.088263944,22541.687849287413,183767
