requestType,queueLength,netthreadTime,queueTime,workerPreTime,memcachedRTT,workerPostTime, totalRequests
SET,2.892550445474479,59993.01348358267,344039.5508173971,35816.14903272364,1988831.5543950705,134696.77372949568,360290
