client,write_tp_mean,write_tp_std,read_tp_mean,read_tp_std
12,5374.0599999999995,232.12999999999965,3263.9350000000004,0.7149999999999181
24,9232.825,155.76500000000033,3266.9649999999997,9.115000000000236
