client,write_rt_mean,write_rt_std,read_rt_mean,read_rt_std
12,1.1233333333333333,0.10994948334980426,1.8399999999999999,0.13329166015421465
24,1.3066666666666666,0.1132352516764202,3.695,0.33054248340165504
