{"configuration": {"ratio": "0:1"}, "ALL STATS": {"Gets": {"Latency": 66.57524590163935, "Ops/sec": 479.672131147541}}}