{"configuration": {"ratio": "1:0"}, "ALL STATS": {"Sets": {"Ops/sec": 2032.1666666666667, "Latency": 7.8726666666666665}}}