{"ALL STATS": {"Sets": {"Latency": 4.744333333333333, "Ops/sec": 1686.6333333333334}}, "configuration": {"ratio": "1:0"}}