{"ALL STATS": {"Sets": {"Ops/sec": 560.0166666666667, "Latency": 1.7811666666666663}}, "configuration": {"ratio": "1:0"}}