{"configuration": {"ratio": "1:0"}, "ALL STATS": {"Sets": {"Latency": 2.7471666666666668, "Ops/sec": 1458.7333333333333}}}