{"configuration": {"ratio": "0:1"}, "ALL STATS": {"Gets": {"Latency": 2.0243333333333333, "Ops/sec": 490.43333333333334}}}