{"ALL STATS": {"Sets": {"Ops/sec": 1526.049180327869, "Latency": 20.96885245901639}}, "configuration": {"ratio": "1:0"}}