{"configuration": {"ratio": "0:1"}, "ALL STATS": {"Gets": {"Ops/sec": 494.9672131147541, "Latency": 8.057868852459016}}}