{"configuration": {"ratio": "1:0"}, "ALL STATS": {"Sets": {"Ops/sec": 1774.4590163934427, "Latency": 18.324918032786886}}}