{"ALL STATS": {"Sets": {"Latency": 1.8061666666666667, "Ops/sec": 552.3833333333333}}, "configuration": {"ratio": "1:0"}}