{"ALL STATS": {"Sets": {"Ops/sec": 1411.6166666666666, "Latency": 11.212833333333332}}, "configuration": {"ratio": "1:0"}}