{"ALL STATS": {"Gets": {"Latency": 16.25166666666667, "Ops/sec": 491.1666666666667}}, "configuration": {"ratio": "0:1"}}