{"ALL STATS": {"Gets": {"Latency": 8.398852459016393, "Ops/sec": 474.9672131147541}}, "configuration": {"ratio": "0:1"}}