{"ALL STATS": {"Sets": {"Latency": 16.788852459016393, "Ops/sec": 2384.1475409836066}}, "configuration": {"ratio": "1:0"}}