{"configuration": {"ratio": "1:0"}, "ALL STATS": {"Sets": {"Latency": 13.074754098360657, "Ops/sec": 1835.8196721311476}}}