{"configuration": {"ratio": "0:1"}, "ALL STATS": {"Gets": {"Latency": 1.9921666666666664, "Ops/sec": 498.3333333333333}}}