{"ALL STATS": {"Gets": {"Ops/sec": 455.27868852459017, "Latency": 35.081803278688525}}, "configuration": {"ratio": "0:1"}}