{"configuration": {"ratio": "1:0"}, "ALL STATS": {"Sets": {"Ops/sec": 1501.8166666666666, "Latency": 2.6626666666666665}}}