{"configuration": {"ratio": "0:1"}, "ALL STATS": {"Gets": {"Latency": 7.877333333333334, "Ops/sec": 506.68333333333334}}}