{"configuration": {"ratio": "1:0"}, "ALL STATS": {"Sets": {"Latency": 17.03344262295082, "Ops/sec": 2350.4590163934427}}}