{"configuration": {"ratio": "1:0"}, "ALL STATS": {"Sets": {"Ops/sec": 2218.3333333333335, "Latency": 10.818666666666667}}}