{"ALL STATS": {"Gets": {"Latency": 65.63393442622952, "Ops/sec": 487.5245901639344}}, "configuration": {"ratio": "0:1"}}