{"configuration": {"ratio": "1:0"}, "ALL STATS": {"Sets": {"Ops/sec": 1522.344262295082, "Latency": 10.515081967213115}}}