{"configuration": {"ratio": "0:1"}, "ALL STATS": {"Gets": {"Ops/sec": 477.0327868852459, "Latency": 83.7516393442623}}}