{"ALL STATS": {"Sets": {"Latency": 18.856393442622952, "Ops/sec": 2121.2131147540986}}, "configuration": {"ratio": "1:0"}}