{"configuration": {"ratio": "0:1"}, "ALL STATS": {"Gets": {"Latency": 80.96311475409836, "Ops/sec": 493.2295081967213}}}