{"configuration": {"ratio": "0:1"}, "ALL STATS": {"Gets": {"Latency": 7.9416666666666655, "Ops/sec": 502.23333333333335}}}