{"configuration": {"ratio": "1:0"}, "ALL STATS": {"Sets": {"Latency": 11.385901639344262, "Ops/sec": 2107.9180327868853}}}