{"ALL STATS": {"Sets": {"Ops/sec": 1324.4333333333334, "Latency": 3.0181666666666667}}, "configuration": {"ratio": "1:0"}}