{"ALL STATS": {"Sets": {"Latency": 17.10655737704918, "Ops/sec": 1894.8524590163934}}, "configuration": {"ratio": "1:0"}}