{"configuration": {"ratio": "0:1"}, "ALL STATS": {"Gets": {"Latency": 16.235166666666668, "Ops/sec": 491.5833333333333}}}