{"ALL STATS": {"Gets": {"Latency": 32.58868852459016, "Ops/sec": 490.21311475409834}}, "configuration": {"ratio": "0:1"}}