{"ALL STATS": {"Gets": {"Ops/sec": 474.2950819672131, "Latency": 52.51557377049179}}, "configuration": {"ratio": "0:1"}}