{"configuration": {"ratio": "0:1"}, "ALL STATS": {"Gets": {"Latency": 50.02901639344263, "Ops/sec": 484.04918032786884}}}