{"ALL STATS": {"Gets": {"Ops/sec": 491.3606557377049, "Latency": 64.99147540983607}}, "configuration": {"ratio": "0:1"}}