{"configuration": {"ratio": "1:0"}, "ALL STATS": {"Sets": {"Latency": 9.634999999999998, "Ops/sec": 1663.9666666666667}}}