{"ALL STATS": {"Sets": {"Ops/sec": 1635.4754098360656, "Latency": 4.891311475409834}}, "configuration": {"ratio": "1:0"}}