{"configuration": {"ratio": "1:0"}, "ALL STATS": {"Sets": {"Ops/sec": 1865.9166666666667, "Latency": 8.587666666666667}}}