{"configuration": {"ratio": "1:0"}, "ALL STATS": {"Sets": {"Latency": 13.502950819672133, "Ops/sec": 2370.901639344262}}}