{"configuration": {"ratio": "0:1"}, "ALL STATS": {"Gets": {"Latency": 2.0749999999999997, "Ops/sec": 478.76666666666665}}}