{"ALL STATS": {"Gets": {"Latency": 15.87283333333333, "Ops/sec": 503.98333333333335}}, "configuration": {"ratio": "0:1"}}