{"configuration": {"ratio": "1:0"}, "ALL STATS": {"Sets": {"Ops/sec": 2100.688524590164, "Latency": 19.039016393442626}}}