{"ALL STATS": {"Gets": {"Latency": 32.69573770491803, "Ops/sec": 488.2950819672131}}, "configuration": {"ratio": "0:1"}}