{"configuration": {"ratio": "0:1"}, "ALL STATS": {"Gets": {"Latency": 65.07032786885246, "Ops/sec": 490.9344262295082}}}