{"ALL STATS": {"Gets": {"Latency": 16.425901639344268, "Ops/sec": 485.9672131147541}}, "configuration": {"ratio": "0:1"}}