{"ALL STATS": {"Gets": {"Latency": 80.30688524590163, "Ops/sec": 505.5409836065574}}, "configuration": {"ratio": "0:1"}}