{"configuration": {"ratio": "1:0"}, "ALL STATS": {"Sets": {"Ops/sec": 549.8333333333334, "Latency": 1.8139999999999998}}}