{"configuration": {"ratio": "0:1"}, "ALL STATS": {"Gets": {"Ops/sec": 485.8524590163934, "Latency": 49.332950819672114}}}