{"ALL STATS": {"Sets": {"Ops/sec": 1680.672131147541, "Latency": 19.0472131147541}}, "configuration": {"ratio": "1:0"}}