{"configuration": {"ratio": "0:1"}, "ALL STATS": {"Gets": {"Ops/sec": 487.9836065573771, "Latency": 32.81688524590164}}}