{"ALL STATS": {"Sets": {"Ops/sec": 1799.2459016393443, "Latency": 13.387540983606558}}, "configuration": {"ratio": "1:0"}}