{"ALL STATS": {"Sets": {"Ops/sec": 1509.5666666666666, "Latency": 2.6499999999999995}}, "configuration": {"ratio": "1:0"}}