{"configuration": {"ratio": "1:0"}, "ALL STATS": {"Sets": {"Latency": 14.759836065573772, "Ops/sec": 2180.6065573770493}}}