{"ALL STATS": {"Sets": {"Latency": 8.747333333333332, "Ops/sec": 1828.5666666666666}}, "configuration": {"ratio": "1:0"}}