{"configuration": {"ratio": "0:1"}, "ALL STATS": {"Gets": {"Ops/sec": 491.62295081967216, "Latency": 32.491967213114755}}}