{"ALL STATS": {"Gets": {"Ops/sec": 477.2950819672131, "Latency": 66.95229508196722}}, "configuration": {"ratio": "0:1"}}