{"configuration": {"ratio": "1:0"}, "ALL STATS": {"Sets": {"Ops/sec": 1511.9166666666667, "Latency": 2.643166666666666}}}