{"ALL STATS": {"Sets": {"Ops/sec": 2335.44262295082, "Latency": 17.139016393442628}}, "configuration": {"ratio": "1:0"}}