{"ALL STATS": {"Gets": {"Latency": 48.10114754098362, "Ops/sec": 498.95081967213116}}, "configuration": {"ratio": "0:1"}}