{"configuration": {"ratio": "0:1"}, "ALL STATS": {"Gets": {"Ops/sec": 495.5833333333333, "Latency": 8.048833333333334}}}