{"configuration": {"ratio": "0:1"}, "ALL STATS": {"Gets": {"Ops/sec": 490.01666666666665, "Latency": 8.140666666666666}}}