{"configuration": {"ratio": "0:1"}, "ALL STATS": {"Gets": {"Ops/sec": 517.4833333333333, "Latency": 1.9186666666666667}}}