{"configuration": {"ratio": "1:0"}, "ALL STATS": {"Sets": {"Latency": 2.9931666666666668, "Ops/sec": 1335.7333333333333}}}