{"ALL STATS": {"Gets": {"Latency": 85.22327868852459, "Ops/sec": 470.55737704918033}}, "configuration": {"ratio": "0:1"}}