{"configuration": {"ratio": "0:1"}, "ALL STATS": {"Gets": {"Ops/sec": 458.3666666666667, "Latency": 2.167666666666667}}}