{"ALL STATS": {"Sets": {"Ops/sec": 1804.6833333333334, "Latency": 4.431333333333333}}, "configuration": {"ratio": "1:0"}}