{"ALL STATS": {"Gets": {"Latency": 64.86737704918033, "Ops/sec": 492.57377049180326}}, "configuration": {"ratio": "0:1"}}