{"configuration": {"ratio": "1:0"}, "ALL STATS": {"Sets": {"Latency": 13.84866666666667, "Ops/sec": 1732.9833333333333}}}