{"configuration": {"ratio": "1:0"}, "ALL STATS": {"Sets": {"Ops/sec": 1709.5666666666666, "Latency": 14.082666666666666}}}