{"configuration": {"ratio": "1:0"}, "ALL STATS": {"Sets": {"Ops/sec": 1751.5833333333333, "Latency": 18.288666666666668}}}