{"configuration": {"ratio": "1:0"}, "ALL STATS": {"Sets": {"Ops/sec": 1751.2459016393443, "Latency": 22.842950819672133}}}