{"configuration": {"ratio": "0:1"}, "ALL STATS": {"Gets": {"Latency": 16.151967213114755, "Ops/sec": 494.2295081967213}}}