{"configuration": {"ratio": "0:1"}, "ALL STATS": {"Gets": {"Ops/sec": 480.9672131147541, "Latency": 33.19213114754099}}}