{"configuration": {"ratio": "0:1"}, "ALL STATS": {"Gets": {"Latency": 2.0259999999999994, "Ops/sec": 490.18333333333334}}}