{"configuration": {"ratio": "0:1"}, "ALL STATS": {"Gets": {"Latency": 1.9899999999999998, "Ops/sec": 499.06666666666666}}}