{"configuration": {"ratio": "1:0"}, "ALL STATS": {"Sets": {"Latency": 4.744833333333334, "Ops/sec": 1689.2166666666667}}}