{"configuration": {"ratio": "0:1"}, "ALL STATS": {"Gets": {"Ops/sec": 490.88524590163934, "Latency": 65.09524590163934}}}