{"configuration": {"ratio": "0:1"}, "ALL STATS": {"Gets": {"Latency": 78.0695081967213, "Ops/sec": 511.672131147541}}}