{"configuration": {"ratio": "1:0"}, "ALL STATS": {"Sets": {"Ops/sec": 1689.688524590164, "Latency": 18.93885245901639}}}