{"configuration": {"ratio": "0:1"}, "ALL STATS": {"Gets": {"Latency": 81.32098360655738, "Ops/sec": 492.4590163934426}}}