{"configuration": {"ratio": "1:0"}, "ALL STATS": {"Sets": {"Ops/sec": 2097.3934426229507, "Latency": 15.406393442622948}}}