{"configuration": {"ratio": "0:1"}, "ALL STATS": {"Gets": {"Latency": 16.114754098360656, "Ops/sec": 495.8032786885246}}}