{"ALL STATS": {"Sets": {"Ops/sec": 1480.0166666666667, "Latency": 2.7110000000000003}}, "configuration": {"ratio": "1:0"}}