{"configuration": {"ratio": "1:0"}, "ALL STATS": {"Sets": {"Latency": 14.532333333333334, "Ops/sec": 1651.7833333333333}}}