{"configuration": {"ratio": "0:1"}, "ALL STATS": {"Gets": {"Latency": 49.33262295081967, "Ops/sec": 487.39344262295083}}}