{"ALL STATS": {"Gets": {"Latency": 65.1211475409836, "Ops/sec": 491.4754098360656}}, "configuration": {"ratio": "0:1"}}