{"configuration": {"ratio": "1:0"}, "ALL STATS": {"Sets": {"Ops/sec": 1285.4666666666667, "Latency": 3.116333333333334}}}