{"configuration": {"ratio": "1:0"}, "ALL STATS": {"Sets": {"Ops/sec": 510.01666666666665, "Latency": 1.9536666666666667}}}