{"configuration": {"ratio": "0:1"}, "ALL STATS": {"Gets": {"Latency": 64.72278688524591, "Ops/sec": 493.59016393442624}}}