{"configuration": {"ratio": "0:1"}, "ALL STATS": {"Gets": {"Latency": 65.72639344262294, "Ops/sec": 486.24590163934425}}}