{"configuration": {"ratio": "0:1"}, "ALL STATS": {"Gets": {"Latency": 16.118666666666666, "Ops/sec": 495.23333333333335}}}