{"ALL STATS": {"Sets": {"Latency": 2.9010000000000002, "Ops/sec": 1381.6333333333334}}, "configuration": {"ratio": "1:0"}}