{"ALL STATS": {"Sets": {"Ops/sec": 2133.5245901639346, "Latency": 15.014918032786886}}, "configuration": {"ratio": "1:0"}}