{"ALL STATS": {"Gets": {"Latency": 48.73606557377051, "Ops/sec": 496.0163934426229}}, "configuration": {"ratio": "0:1"}}