{"configuration": {"ratio": "1:0"}, "ALL STATS": {"Sets": {"Latency": 3.0063333333333335, "Ops/sec": 1329.6666666666667}}}