{"ALL STATS": {"Gets": {"Latency": 46.19803278688525, "Ops/sec": 525.1639344262295}}, "configuration": {"ratio": "0:1"}}