{"configuration": {"ratio": "1:0"}, "ALL STATS": {"Sets": {"Ops/sec": 1656.6666666666667, "Latency": 5.117499999999999}}}