{"ALL STATS": {"Sets": {"Latency": 1.8355000000000001, "Ops/sec": 542.9833333333333}}, "configuration": {"ratio": "1:0"}}