{"configuration": {"ratio": "0:1"}, "ALL STATS": {"Gets": {"Ops/sec": 493.46666666666664, "Latency": 2.0128333333333335}}}