{"ALL STATS": {"Sets": {"Latency": 16.947666666666667, "Ops/sec": 2361.9333333333334}}, "configuration": {"ratio": "1:0"}}