{"configuration": {"ratio": "1:0"}, "ALL STATS": {"Sets": {"Ops/sec": 2099.72131147541, "Latency": 19.05098360655738}}}