{"ALL STATS": {"Sets": {"Ops/sec": 553.3833333333333, "Latency": 1.8016666666666667}}, "configuration": {"ratio": "1:0"}}