{"configuration": {"ratio": "0:1"}, "ALL STATS": {"Gets": {"Ops/sec": 480.5833333333333, "Latency": 16.610666666666667}}}