{"configuration": {"ratio": "1:0"}, "ALL STATS": {"Sets": {"Ops/sec": 1701.7666666666667, "Latency": 4.697500000000001}}}