{"configuration": {"ratio": "0:1"}, "ALL STATS": {"Gets": {"Latency": 49.552622950819675, "Ops/sec": 487.344262295082}}}