{"ALL STATS": {"Gets": {"Ops/sec": 492.06666666666666, "Latency": 16.22033333333333}}, "configuration": {"ratio": "0:1"}}