{"ALL STATS": {"Gets": {"Ops/sec": 474.7741935483871, "Latency": 88.5743548387097}}, "configuration": {"ratio": "0:1"}}