{"ALL STATS": {"Gets": {"Ops/sec": 464.0983606557377, "Latency": 88.78278688524588}}, "configuration": {"ratio": "0:1"}}