{"ALL STATS": {"Gets": {"Ops/sec": 492.72131147540983, "Latency": 65.03098360655738}}, "configuration": {"ratio": "0:1"}}