{"ALL STATS": {"Gets": {"Ops/sec": 498.31666666666666, "Latency": 16.046333333333337}}, "configuration": {"ratio": "0:1"}}