{"ALL STATS": {"Sets": {"Latency": 19.194098360655737, "Ops/sec": 2085.4754098360654}}, "configuration": {"ratio": "1:0"}}