{"configuration": {"ratio": "0:1"}, "ALL STATS": {"Gets": {"Latency": 1.9924999999999997, "Ops/sec": 498.51666666666665}}}