{"configuration": {"ratio": "0:1"}, "ALL STATS": {"Gets": {"Ops/sec": 482.8524590163934, "Latency": 49.62196721311476}}}