{"configuration": {"ratio": "1:0"}, "ALL STATS": {"Sets": {"Latency": 23.034166666666668, "Ops/sec": 1750.3833333333334}}}