{"ALL STATS": {"Sets": {"Latency": 4.637333333333333, "Ops/sec": 1724.7333333333333}}, "configuration": {"ratio": "1:0"}}