{"ALL STATS": {"Sets": {"Ops/sec": 1528.6666666666667, "Latency": 2.614166666666667}}, "configuration": {"ratio": "1:0"}}