{"ALL STATS": {"Sets": {"Latency": 10.445245901639346, "Ops/sec": 1606.344262295082}}, "configuration": {"ratio": "1:0"}}