{"ALL STATS": {"Sets": {"Latency": 2.03672131147541, "Ops/sec": 489.1311475409836}}, "configuration": {"ratio": "1:0"}}