{"configuration": {"ratio": "0:1"}, "ALL STATS": {"Gets": {"Latency": 63.34770491803278, "Ops/sec": 504.40983606557376}}}