{"ALL STATS": {"Gets": {"Latency": 63.06918032786884, "Ops/sec": 506.655737704918}}, "configuration": {"ratio": "0:1"}}