{"configuration": {"ratio": "0:1"}, "ALL STATS": {"Gets": {"Latency": 81.71344262295081, "Ops/sec": 490.59016393442624}}}