{"ALL STATS": {"Sets": {"Ops/sec": 1337.2666666666667, "Latency": 2.991333333333333}}, "configuration": {"ratio": "1:0"}}