{"configuration": {"ratio": "1:0"}, "ALL STATS": {"Sets": {"Ops/sec": 1219.7166666666667, "Latency": 3.4811666666666667}}}