{"ALL STATS": {"Sets": {"Latency": 20.912295081967216, "Ops/sec": 1931.295081967213}}, "configuration": {"ratio": "1:0"}}