{"configuration": {"ratio": "0:1"}, "ALL STATS": {"Gets": {"Ops/sec": 502.68333333333334, "Latency": 1.9748333333333334}}}