{"configuration": {"ratio": "0:1"}, "ALL STATS": {"Gets": {"Ops/sec": 469.0655737704918, "Latency": 93.01672131147541}}}