{"configuration": {"ratio": "0:1"}, "ALL STATS": {"Gets": {"Ops/sec": 494.4166666666667, "Latency": 8.068333333333335}}}