{"configuration": {"ratio": "1:0"}, "ALL STATS": {"Sets": {"Ops/sec": 1764.704918032787, "Latency": 22.66704918032787}}}