{"ALL STATS": {"Gets": {"Ops/sec": 462.4918032786885, "Latency": 86.37639344262296}}, "configuration": {"ratio": "0:1"}}