{"configuration": {"ratio": "1:0"}, "ALL STATS": {"Sets": {"Latency": 11.491475409836061, "Ops/sec": 2088.1967213114754}}}