{"ALL STATS": {"Sets": {"Ops/sec": 1848.0819672131147, "Latency": 21.64295081967213}}, "configuration": {"ratio": "1:0"}}