{"ALL STATS": {"Gets": {"Ops/sec": 482.95081967213116, "Latency": 33.709508196721316}}, "configuration": {"ratio": "0:1"}}