{"configuration": {"ratio": "0:1"}, "ALL STATS": {"Gets": {"Latency": 31.508524590163933, "Ops/sec": 507.0655737704918}}}