{"ALL STATS": {"Gets": {"Ops/sec": 474.73333333333335, "Latency": 2.0946666666666665}}, "configuration": {"ratio": "0:1"}}