{"configuration": {"ratio": "0:1"}, "ALL STATS": {"Gets": {"Latency": 8.14344262295082, "Ops/sec": 489.8196721311475}}}