{"ALL STATS": {"Sets": {"Latency": 1.9193333333333336, "Ops/sec": 520.1166666666667}}, "configuration": {"ratio": "1:0"}}