{"ALL STATS": {"Sets": {"Latency": 31.491833333333336, "Ops/sec": 1367.6833333333334}}, "configuration": {"ratio": "1:0"}}