{"configuration": {"ratio": "1:0"}, "ALL STATS": {"Sets": {"Latency": 1.9143333333333332, "Ops/sec": 520.0666666666667}}}