{"configuration": {"ratio": "1:0"}, "ALL STATS": {"Sets": {"Ops/sec": 1351.6166666666666, "Latency": 2.957666666666667}}}