{"ALL STATS": {"Sets": {"Ops/sec": 1637.704918032787, "Latency": 24.441311475409833}}, "configuration": {"ratio": "1:0"}}