{"configuration": {"ratio": "0:1"}, "ALL STATS": {"Gets": {"Latency": 53.19508196721312, "Ops/sec": 463.59016393442624}}}