{"ALL STATS": {"Sets": {"Latency": 3.0645000000000002, "Ops/sec": 1304.9666666666667}}, "configuration": {"ratio": "1:0"}}