{"ALL STATS": {"Sets": {"Ops/sec": 1586.1803278688524, "Latency": 25.435245901639348}}, "configuration": {"ratio": "1:0"}}