{"configuration": {"ratio": "0:1"}, "ALL STATS": {"Gets": {"Ops/sec": 480.91803278688525, "Latency": 83.0467213114754}}}