{"ALL STATS": {"Sets": {"Ops/sec": 2298.9180327868853, "Latency": 17.411147540983603}}, "configuration": {"ratio": "1:0"}}