{"ALL STATS": {"Gets": {"Latency": 31.338360655737706, "Ops/sec": 509.6885245901639}}, "configuration": {"ratio": "0:1"}}