{"configuration": {"ratio": "1:0"}, "ALL STATS": {"Sets": {"Latency": 15.276721311475411, "Ops/sec": 2108.6721311475408}}}