{"configuration": {"ratio": "1:0"}, "ALL STATS": {"Sets": {"Latency": 2.880333333333333, "Ops/sec": 1388.5833333333333}}}