{"ALL STATS": {"Gets": {"Ops/sec": 479.2950819672131, "Latency": 16.92901639344262}}, "configuration": {"ratio": "0:1"}}