{"configuration": {"ratio": "1:0"}, "ALL STATS": {"Sets": {"Latency": 20.981500000000004, "Ops/sec": 1903.4166666666667}}}