{"ALL STATS": {"Sets": {"Latency": 17.387540983606556, "Ops/sec": 2301.4590163934427}}, "configuration": {"ratio": "1:0"}}