{"ALL STATS": {"Sets": {"Ops/sec": 1819.9016393442623, "Latency": 8.791147540983607}}, "configuration": {"ratio": "1:0"}}