{"ALL STATS": {"Gets": {"Latency": 32.13131147540984, "Ops/sec": 497.37704918032784}}, "configuration": {"ratio": "0:1"}}