{"configuration": {"ratio": "0:1"}, "ALL STATS": {"Gets": {"Latency": 8.482000000000001, "Ops/sec": 470.28333333333336}}}