{"ALL STATS": {"Sets": {"Latency": 16.9727868852459, "Ops/sec": 2358.311475409836}}, "configuration": {"ratio": "1:0"}}