{"configuration": {"ratio": "1:0"}, "ALL STATS": {"Sets": {"Ops/sec": 1943.5245901639344, "Latency": 8.233606557377048}}}