{"configuration": {"ratio": "0:1"}, "ALL STATS": {"Gets": {"Ops/sec": 489.8524590163934, "Latency": 65.22983606557376}}}