{"ALL STATS": {"Sets": {"Ops/sec": 1366.7666666666667, "Latency": 2.929666666666667}}, "configuration": {"ratio": "1:0"}}