{"ALL STATS": {"Gets": {"Ops/sec": 501.53333333333336, "Latency": 31.869500000000006}}, "configuration": {"ratio": "0:1"}}