{"ALL STATS": {"Gets": {"Latency": 78.4034426229508, "Ops/sec": 510.04918032786884}}, "configuration": {"ratio": "0:1"}}