{"ALL STATS": {"Sets": {"Ops/sec": 2078.8360655737706, "Latency": 19.23967213114754}}, "configuration": {"ratio": "1:0"}}