{"configuration": {"ratio": "0:1"}, "ALL STATS": {"Gets": {"Ops/sec": 471.344262295082, "Latency": 52.56999999999999}}}