{"ALL STATS": {"Gets": {"Latency": 32.2139344262295, "Ops/sec": 497.1311475409836}}, "configuration": {"ratio": "0:1"}}