{"ALL STATS": {"Gets": {"Latency": 63.02704918032786, "Ops/sec": 507.04918032786884}}, "configuration": {"ratio": "0:1"}}