{"configuration": {"ratio": "1:0"}, "ALL STATS": {"Sets": {"Ops/sec": 1534.4333333333334, "Latency": 2.6061666666666663}}}