{"configuration": {"ratio": "0:1"}, "ALL STATS": {"Gets": {"Latency": 2.0991666666666666, "Ops/sec": 473.1333333333333}}}