{"configuration": {"ratio": "0:1"}, "ALL STATS": {"Gets": {"Latency": 16.078524590163934, "Ops/sec": 496.9344262295082}}}