{"configuration": {"ratio": "0:1"}, "ALL STATS": {"Gets": {"Ops/sec": 509.8360655737705, "Latency": 47.00311475409836}}}