{"configuration": {"ratio": "1:0"}, "ALL STATS": {"Sets": {"Latency": 20.91540983606557, "Ops/sec": 1530.0655737704917}}}