{"ALL STATS": {"Gets": {"Latency": 64.87672131147541, "Ops/sec": 492.75409836065575}}, "configuration": {"ratio": "0:1"}}