{"ALL STATS": {"Gets": {"Latency": 31.366833333333332, "Ops/sec": 510.46666666666664}}, "configuration": {"ratio": "0:1"}}