{"ALL STATS": {"Sets": {"Latency": 3.125333333333333, "Ops/sec": 1280.2833333333333}}, "configuration": {"ratio": "1:0"}}