{"configuration": {"ratio": "0:1"}, "ALL STATS": {"Gets": {"Ops/sec": 512.672131147541, "Latency": 31.1655737704918}}}