{"ALL STATS": {"Sets": {"Latency": 11.343114754098362, "Ops/sec": 2117.065573770492}}, "configuration": {"ratio": "1:0"}}