{"configuration": {"ratio": "1:0"}, "ALL STATS": {"Sets": {"Latency": 1.9853333333333334, "Ops/sec": 501.96666666666664}}}