{"ALL STATS": {"Sets": {"Ops/sec": 1879.1967213114754, "Latency": 17.25049180327869}}, "configuration": {"ratio": "1:0"}}