{"ALL STATS": {"Sets": {"Ops/sec": 1311.8852459016393, "Latency": 3.048360655737705}}, "configuration": {"ratio": "1:0"}}