{"configuration": {"ratio": "1:0"}, "ALL STATS": {"Sets": {"Latency": 8.605081967213113, "Ops/sec": 1866.4590163934427}}}