{"ALL STATS": {"Gets": {"Ops/sec": 501.06666666666666, "Latency": 1.9821666666666669}}, "configuration": {"ratio": "0:1"}}