{"configuration": {"ratio": "0:1"}, "ALL STATS": {"Gets": {"Ops/sec": 486.44262295081967, "Latency": 65.70639344262295}}}