{"configuration": {"ratio": "0:1"}, "ALL STATS": {"Gets": {"Ops/sec": 481.27868852459017, "Latency": 82.94245901639343}}}