{"configuration": {"ratio": "0:1"}, "ALL STATS": {"Gets": {"Ops/sec": 505.59016393442624, "Latency": 63.30459016393443}}}