{"ALL STATS": {"Sets": {"Latency": 11.505999999999997, "Ops/sec": 2085.3333333333335}}, "configuration": {"ratio": "1:0"}}