{"configuration": {"ratio": "1:0"}, "ALL STATS": {"Sets": {"Latency": 11.539344262295081, "Ops/sec": 2079.688524590164}}}