{"configuration": {"ratio": "0:1"}, "ALL STATS": {"Gets": {"Latency": 8.108666666666668, "Ops/sec": 491.98333333333335}}}