{"configuration": {"ratio": "1:0"}, "ALL STATS": {"Sets": {"Latency": 9.034166666666668, "Ops/sec": 1773.0166666666667}}}