{"configuration": {"ratio": "1:0"}, "ALL STATS": {"Sets": {"Ops/sec": 1614.983606557377, "Latency": 5.107049180327869}}}