{"configuration": {"ratio": "0:1"}, "ALL STATS": {"Gets": {"Latency": 8.086666666666666, "Ops/sec": 493.3833333333333}}}