{"ALL STATS": {"Gets": {"Latency": 7.9877049180327875, "Ops/sec": 499.62295081967216}}, "configuration": {"ratio": "0:1"}}