{"configuration": {"ratio": "0:1"}, "ALL STATS": {"Gets": {"Latency": 50.0483606557377, "Ops/sec": 482.0163934426229}}}