{"configuration": {"ratio": "1:0"}, "ALL STATS": {"Sets": {"Latency": 2.7516666666666665, "Ops/sec": 1456.7333333333333}}}