{"ALL STATS": {"Sets": {"Ops/sec": 516.3666666666667, "Latency": 1.9311666666666663}}, "configuration": {"ratio": "1:0"}}