{"ALL STATS": {"Sets": {"Ops/sec": 1232.241935483871, "Latency": 3.4930645161290323}}, "configuration": {"ratio": "1:0"}}