{"configuration": {"ratio": "1:0"}, "ALL STATS": {"Sets": {"Ops/sec": 1666.4833333333333, "Latency": 4.797333333333332}}}