{"configuration": {"ratio": "0:1"}, "ALL STATS": {"Gets": {"Latency": 32.561166666666665, "Ops/sec": 493.01666666666665}}}