{"configuration": {"ratio": "1:0"}, "ALL STATS": {"Sets": {"Ops/sec": 2341.0666666666666, "Latency": 10.252833333333333}}}