{"ALL STATS": {"Gets": {"Ops/sec": 495.4590163934426, "Latency": 16.10967213114754}}, "configuration": {"ratio": "0:1"}}