{"ALL STATS": {"Sets": {"Ops/sec": 505.31666666666666, "Latency": 1.9728333333333332}}, "configuration": {"ratio": "1:0"}}