{"ALL STATS": {"Gets": {"Latency": 50.41508196721311, "Ops/sec": 478.40983606557376}}, "configuration": {"ratio": "0:1"}}