{"configuration": {"ratio": "1:0"}, "ALL STATS": {"Sets": {"Ops/sec": 1520.7833333333333, "Latency": 10.532333333333336}}}