{"ALL STATS": {"Sets": {"Ops/sec": 1715.4754098360656, "Latency": 13.989180327868857}}, "configuration": {"ratio": "1:0"}}