{"configuration": {"ratio": "0:1"}, "ALL STATS": {"Gets": {"Latency": 2.1896666666666667, "Ops/sec": 453.78333333333336}}}