{"configuration": {"ratio": "0:1"}, "ALL STATS": {"Gets": {"Ops/sec": 461.76666666666665, "Latency": 65.75366666666666}}}