{"configuration": {"ratio": "1:0"}, "ALL STATS": {"Sets": {"Ops/sec": 1400.7540983606557, "Latency": 5.8781967213114745}}}