{"ALL STATS": {"Gets": {"Latency": 82.28475409836064, "Ops/sec": 485.0327868852459}}, "configuration": {"ratio": "0:1"}}