{"ALL STATS": {"Gets": {"Latency": 68.35868852459015, "Ops/sec": 467.8032786885246}}, "configuration": {"ratio": "0:1"}}