{"configuration": {"ratio": "0:1"}, "ALL STATS": {"Gets": {"Ops/sec": 486.0163934426229, "Latency": 82.15786885245902}}}