{"ALL STATS": {"Sets": {"Latency": 10.28245901639344, "Ops/sec": 2334.377049180328}}, "configuration": {"ratio": "1:0"}}