{"configuration": {"ratio": "1:0"}, "ALL STATS": {"Sets": {"Ops/sec": 2085.133333333333, "Latency": 19.181499999999993}}}