{"configuration": {"ratio": "0:1"}, "ALL STATS": {"Gets": {"Ops/sec": 517.5901639344262, "Latency": 77.20688524590162}}}