{"ALL STATS": {"Gets": {"Latency": 8.161147540983606, "Ops/sec": 488.8196721311475}}, "configuration": {"ratio": "0:1"}}