{"configuration": {"ratio": "1:0"}, "ALL STATS": {"Sets": {"Latency": 13.731639344262293, "Ops/sec": 1747.8852459016393}}}