{"configuration": {"ratio": "1:0"}, "ALL STATS": {"Sets": {"Ops/sec": 1498.5737704918033, "Latency": 29.732622950819668}}}