{"configuration": {"ratio": "1:0"}, "ALL STATS": {"Sets": {"Ops/sec": 1732.639344262295, "Latency": 13.849508196721313}}}