{"configuration": {"ratio": "1:0"}, "ALL STATS": {"Sets": {"Ops/sec": 1823.5245901639344, "Latency": 17.548360655737703}}}