{"configuration": {"ratio": "1:0"}, "ALL STATS": {"Sets": {"Ops/sec": 2186.688524590164, "Latency": 10.978688524590167}}}