{"configuration": {"ratio": "0:1"}, "ALL STATS": {"Gets": {"Latency": 2.09344262295082, "Ops/sec": 474.40983606557376}}}