{"configuration": {"ratio": "1:0"}, "ALL STATS": {"Sets": {"Latency": 4.9541666666666675, "Ops/sec": 1614.6333333333334}}}