{"ALL STATS": {"Sets": {"Ops/sec": 1678.295081967213, "Latency": 14.305081967213114}}, "configuration": {"ratio": "1:0"}}