{"ALL STATS": {"Gets": {"Latency": 47.249836065573774, "Ops/sec": 508.42622950819674}}, "configuration": {"ratio": "0:1"}}