{"ALL STATS": {"Gets": {"Latency": 49.831967213114744, "Ops/sec": 481.11475409836066}}, "configuration": {"ratio": "0:1"}}