{"ALL STATS": {"Sets": {"Ops/sec": 2311.133333333333, "Latency": 10.385333333333334}}, "configuration": {"ratio": "1:0"}}