{"configuration": {"ratio": "1:0"}, "ALL STATS": {"Sets": {"Ops/sec": 2090.5081967213114, "Latency": 15.34032786885246}}}