{"ALL STATS": {"Gets": {"Latency": 1.954666666666667, "Ops/sec": 508.03333333333336}}, "configuration": {"ratio": "0:1"}}