{"configuration": {"ratio": "0:1"}, "ALL STATS": {"Gets": {"Ops/sec": 479.3606557377049, "Latency": 66.63573770491803}}}