{"configuration": {"ratio": "0:1"}, "ALL STATS": {"Gets": {"Ops/sec": 496.8666666666667, "Latency": 16.08816666666667}}}