{"ALL STATS": {"Sets": {"Latency": 4.824754098360656, "Ops/sec": 1660.9016393442623}}, "configuration": {"ratio": "1:0"}}