{"ALL STATS": {"Gets": {"Ops/sec": 497.6166666666667, "Latency": 16.057833333333335}}, "configuration": {"ratio": "0:1"}}