{"configuration": {"ratio": "0:1"}, "ALL STATS": {"Gets": {"Ops/sec": 492.7704918032787, "Latency": 48.800491803278696}}}