{"configuration": {"ratio": "1:0"}, "ALL STATS": {"Sets": {"Ops/sec": 1739.4333333333334, "Latency": 13.796000000000001}}}