{"ALL STATS": {"Sets": {"Latency": 19.22383333333333, "Ops/sec": 1665.0333333333333}}, "configuration": {"ratio": "1:0"}}