{"ALL STATS": {"Sets": {"Ops/sec": 2241.9666666666667, "Latency": 14.281000000000002}}, "configuration": {"ratio": "1:0"}}