{"configuration": {"ratio": "0:1"}, "ALL STATS": {"Gets": {"Ops/sec": 475.60655737704917, "Latency": 50.74278688524589}}}