{"configuration": {"ratio": "0:1"}, "ALL STATS": {"Gets": {"Latency": 82.8695081967213, "Ops/sec": 481.8196721311475}}}