{"configuration": {"ratio": "0:1"}, "ALL STATS": {"Gets": {"Latency": 16.102666666666668, "Ops/sec": 495.76666666666665}}}