{"configuration": {"ratio": "1:0"}, "ALL STATS": {"Sets": {"Ops/sec": 1974.295081967213, "Latency": 18.50475409836066}}}