{"ALL STATS": {"Sets": {"Ops/sec": 1757.2666666666667, "Latency": 18.230000000000004}}, "configuration": {"ratio": "1:0"}}