{"ALL STATS": {"Sets": {"Ops/sec": 1417.6333333333334, "Latency": 2.9391666666666665}}, "configuration": {"ratio": "1:0"}}