{"ALL STATS": {"Gets": {"Ops/sec": 492.6333333333333, "Latency": 2.0153333333333334}}, "configuration": {"ratio": "0:1"}}