{"ALL STATS": {"Gets": {"Latency": 66.66032786885248, "Ops/sec": 480.9344262295082}}, "configuration": {"ratio": "0:1"}}