{"ALL STATS": {"Gets": {"Ops/sec": 462.2295081967213, "Latency": 69.13803278688525}}, "configuration": {"ratio": "0:1"}}