{"ALL STATS": {"Sets": {"Latency": 8.213166666666668, "Ops/sec": 1947.5333333333333}}, "configuration": {"ratio": "1:0"}}