{"ALL STATS": {"Gets": {"Latency": 15.833833333333333, "Ops/sec": 505.6666666666667}}, "configuration": {"ratio": "0:1"}}