{"ALL STATS": {"Gets": {"Latency": 8.221333333333332, "Ops/sec": 485.31666666666666}}, "configuration": {"ratio": "0:1"}}