{"configuration": {"ratio": "0:1"}, "ALL STATS": {"Gets": {"Ops/sec": 501.3606557377049, "Latency": 79.84836065573772}}}