{"ALL STATS": {"Gets": {"Latency": 8.40065573770492, "Ops/sec": 474.73770491803276}}, "configuration": {"ratio": "0:1"}}