{"configuration": {"ratio": "1:0"}, "ALL STATS": {"Sets": {"Ops/sec": 1748.5166666666667, "Latency": 13.726833333333333}}}