{"configuration": {"ratio": "1:0"}, "ALL STATS": {"Sets": {"Ops/sec": 2036.6833333333334, "Latency": 7.854833333333334}}}