{"ALL STATS": {"Sets": {"Latency": 1.9235000000000002, "Ops/sec": 518.5333333333333}}, "configuration": {"ratio": "1:0"}}