{"configuration": {"ratio": "1:0"}, "ALL STATS": {"Sets": {"Ops/sec": 1642.2295081967213, "Latency": 24.374918032786887}}}