{"ALL STATS": {"Gets": {"Ops/sec": 497.0983606557377, "Latency": 48.21803278688523}}, "configuration": {"ratio": "0:1"}}