{"ALL STATS": {"Gets": {"Ops/sec": 500.9344262295082, "Latency": 63.81508196721312}}, "configuration": {"ratio": "0:1"}}