{"ALL STATS": {"Sets": {"Ops/sec": 530.9333333333333, "Latency": 1.8781666666666665}}, "configuration": {"ratio": "1:0"}}