{"ALL STATS": {"Sets": {"Latency": 4.652166666666668, "Ops/sec": 1718.3833333333334}}, "configuration": {"ratio": "1:0"}}