{"configuration": {"ratio": "0:1"}, "ALL STATS": {"Gets": {"Ops/sec": 475.46666666666664, "Latency": 8.387833333333331}}}