{"ALL STATS": {"Sets": {"Ops/sec": 2138.6666666666665, "Latency": 15.052999999999999}}, "configuration": {"ratio": "1:0"}}