{"ALL STATS": {"Gets": {"Latency": 33.576229508196725, "Ops/sec": 475.8524590163934}}, "configuration": {"ratio": "0:1"}}