{"ALL STATS": {"Gets": {"Ops/sec": 478.0655737704918, "Latency": 83.53311475409838}}, "configuration": {"ratio": "0:1"}}