{"configuration": {"ratio": "0:1"}, "ALL STATS": {"Gets": {"Ops/sec": 480.8360655737705, "Latency": 17.120983606557374}}}