{"configuration": {"ratio": "1:0"}, "ALL STATS": {"Sets": {"Latency": 9.174426229508196, "Ops/sec": 1742.967213114754}}}