{"configuration": {"ratio": "0:1"}, "ALL STATS": {"Gets": {"Ops/sec": 492.655737704918, "Latency": 32.48163934426229}}}