{"ALL STATS": {"Gets": {"Latency": 48.38131147540984, "Ops/sec": 496.1967213114754}}, "configuration": {"ratio": "0:1"}}