{"configuration": {"ratio": "0:1"}, "ALL STATS": {"Gets": {"Latency": 2.060166666666667, "Ops/sec": 482.03333333333336}}}