{"ALL STATS": {"Gets": {"Ops/sec": 486.655737704918, "Latency": 16.398524590163934}}, "configuration": {"ratio": "0:1"}}