{"configuration": {"ratio": "0:1"}, "ALL STATS": {"Gets": {"Ops/sec": 476.3833333333333, "Latency": 16.752833333333335}}}