{"configuration": {"ratio": "1:0"}, "ALL STATS": {"Sets": {"Ops/sec": 545.2666666666667, "Latency": 1.8283333333333334}}}