{"ALL STATS": {"Gets": {"Ops/sec": 490.9836065573771, "Latency": 8.12737704918033}}, "configuration": {"ratio": "0:1"}}