{"ALL STATS": {"Gets": {"Latency": 65.93770491803278, "Ops/sec": 484.73770491803276}}, "configuration": {"ratio": "0:1"}}