{"configuration": {"ratio": "0:1"}, "ALL STATS": {"Gets": {"Latency": 33.17655737704918, "Ops/sec": 483.0163934426229}}}