{"configuration": {"ratio": "1:0"}, "ALL STATS": {"Sets": {"Ops/sec": 1838.6333333333334, "Latency": 4.4043333333333345}}}