{"ALL STATS": {"Gets": {"Ops/sec": 472.31666666666666, "Latency": 9.130166666666666}}, "configuration": {"ratio": "0:1"}}