{"configuration": {"ratio": "1:0"}, "ALL STATS": {"Sets": {"Latency": 4.843999999999999, "Ops/sec": 1672.6666666666667}}}