{"configuration": {"ratio": "1:0"}, "ALL STATS": {"Sets": {"Latency": 9.781666666666665, "Ops/sec": 1635.8666666666666}}}