{"configuration": {"ratio": "1:0"}, "ALL STATS": {"Sets": {"Latency": 18.899016393442622, "Ops/sec": 2118.245901639344}}}