{"configuration": {"ratio": "0:1"}, "ALL STATS": {"Gets": {"Latency": 65.98016393442623, "Ops/sec": 484.08196721311475}}}