{"configuration": {"ratio": "1:0"}, "ALL STATS": {"Sets": {"Ops/sec": 1660.9333333333334, "Latency": 4.816833333333333}}}