{"ALL STATS": {"Sets": {"Ops/sec": 2109.4590163934427, "Latency": 15.168360655737704}}, "configuration": {"ratio": "1:0"}}