{"configuration": {"ratio": "0:1"}, "ALL STATS": {"Gets": {"Latency": 33.16163934426229, "Ops/sec": 481.75409836065575}}}