{"configuration": {"ratio": "1:0"}, "ALL STATS": {"Sets": {"Ops/sec": 1680.8524590163934, "Latency": 14.28213114754098}}}