{"ALL STATS": {"Gets": {"Ops/sec": 479.57377049180326, "Latency": 66.61426229508197}}, "configuration": {"ratio": "0:1"}}