{"configuration": {"ratio": "1:0"}, "ALL STATS": {"Sets": {"Latency": 4.574333333333332, "Ops/sec": 1759.4666666666667}}}