{"configuration": {"ratio": "0:1"}, "ALL STATS": {"Gets": {"Ops/sec": 484.5081967213115, "Latency": 85.69278688524591}}}