{"configuration": {"ratio": "1:0"}, "ALL STATS": {"Sets": {"Ops/sec": 1936.8666666666666, "Latency": 24.18333333333334}}}