{"ALL STATS": {"Gets": {"Ops/sec": 489.6166666666667, "Latency": 16.307166666666667}}, "configuration": {"ratio": "0:1"}}