{"ALL STATS": {"Sets": {"Ops/sec": 2148.655737704918, "Latency": 18.634262295081964}}, "configuration": {"ratio": "1:0"}}