{"configuration": {"ratio": "1:0"}, "ALL STATS": {"Sets": {"Ops/sec": 2120.8333333333335, "Latency": 11.314166666666665}}}