{"ALL STATS": {"Gets": {"Ops/sec": 507.5081967213115, "Latency": 47.32524590163935}}, "configuration": {"ratio": "0:1"}}