{"ALL STATS": {"Sets": {"Latency": 9.459836065573771, "Ops/sec": 1690.4590163934427}}, "configuration": {"ratio": "1:0"}}