{"configuration": {"ratio": "1:0"}, "ALL STATS": {"Sets": {"Ops/sec": 2415.8360655737706, "Latency": 13.25344262295082}}}