{"configuration": {"ratio": "0:1"}, "ALL STATS": {"Gets": {"Latency": 80.14899999999999, "Ops/sec": 498.1333333333333}}}