{"configuration": {"ratio": "0:1"}, "ALL STATS": {"Gets": {"Ops/sec": 492.68333333333334, "Latency": 32.54766666666667}}}