{"configuration": {"ratio": "0:1"}, "ALL STATS": {"Gets": {"Ops/sec": 476.39344262295083, "Latency": 83.98901639344261}}}