{"ALL STATS": {"Gets": {"Ops/sec": 499.26229508196724, "Latency": 32.02459016393443}}, "configuration": {"ratio": "0:1"}}