{"configuration": {"ratio": "1:0"}, "ALL STATS": {"Sets": {"Latency": 10.712295081967214, "Ops/sec": 1560.5245901639344}}}