{"configuration": {"ratio": "0:1"}, "ALL STATS": {"Gets": {"Latency": 16.159833333333335, "Ops/sec": 493.98333333333335}}}