{"configuration": {"ratio": "1:0"}, "ALL STATS": {"Sets": {"Ops/sec": 483.28333333333336, "Latency": 2.0621666666666667}}}