{"configuration": {"ratio": "0:1"}, "ALL STATS": {"Gets": {"Ops/sec": 493.21666666666664, "Latency": 16.211166666666667}}}