{"configuration": {"ratio": "1:0"}, "ALL STATS": {"Sets": {"Ops/sec": 1828.9333333333334, "Latency": 13.121333333333332}}}