{"configuration": {"ratio": "0:1"}, "ALL STATS": {"Gets": {"Latency": 16.632166666666667, "Ops/sec": 479.8666666666667}}}