{"configuration": {"ratio": "1:0"}, "ALL STATS": {"Sets": {"Ops/sec": 1792.2333333333333, "Latency": 8.924666666666667}}}