{"ALL STATS": {"Gets": {"Latency": 2.0076666666666667, "Ops/sec": 494.71666666666664}}, "configuration": {"ratio": "0:1"}}