{"ALL STATS": {"Sets": {"Ops/sec": 1658.360655737705, "Latency": 24.13737704918033}}, "configuration": {"ratio": "1:0"}}