{"ALL STATS": {"Gets": {"Latency": 81.63114754098362, "Ops/sec": 490.1475409836066}}, "configuration": {"ratio": "0:1"}}