{"ALL STATS": {"Gets": {"Ops/sec": 525.4333333333333, "Latency": 30.408166666666663}}, "configuration": {"ratio": "0:1"}}