{"ALL STATS": {"Sets": {"Ops/sec": 1477.8833333333334, "Latency": 2.7046666666666668}}, "configuration": {"ratio": "1:0"}}