{"ALL STATS": {"Gets": {"Ops/sec": 482.78333333333336, "Latency": 33.068666666666665}}, "configuration": {"ratio": "0:1"}}