{"ALL STATS": {"Gets": {"Ops/sec": 485.2295081967213, "Latency": 65.87573770491804}}, "configuration": {"ratio": "0:1"}}