{"ALL STATS": {"Gets": {"Ops/sec": 496.2950819672131, "Latency": 48.444590163934414}}, "configuration": {"ratio": "0:1"}}