{"ALL STATS": {"Gets": {"Latency": 34.56688524590164, "Ops/sec": 463.42622950819674}}, "configuration": {"ratio": "0:1"}}