{"configuration": {"ratio": "0:1"}, "ALL STATS": {"Gets": {"Ops/sec": 485.27868852459017, "Latency": 66.01754098360655}}}