{"configuration": {"ratio": "1:0"}, "ALL STATS": {"Sets": {"Ops/sec": 1517.5245901639344, "Latency": 15.817704918032788}}}