{"ALL STATS": {"Sets": {"Latency": 21.765081967213114, "Ops/sec": 1837.72131147541}}, "configuration": {"ratio": "1:0"}}