{"configuration": {"ratio": "1:0"}, "ALL STATS": {"Sets": {"Latency": 18.427868852459014, "Ops/sec": 1736.2131147540983}}}