{"ALL STATS": {"Sets": {"Latency": 10.807500000000001, "Ops/sec": 2220.0833333333335}}, "configuration": {"ratio": "1:0"}}