{"ALL STATS": {"Sets": {"Ops/sec": 1739.3166666666666, "Latency": 4.611166666666667}}, "configuration": {"ratio": "1:0"}}