{"configuration": {"ratio": "0:1"}, "ALL STATS": {"Gets": {"Latency": 51.1672131147541, "Ops/sec": 468.62295081967216}}}