{"ALL STATS": {"Gets": {"Ops/sec": 474.96666666666664, "Latency": 50.467000000000006}}, "configuration": {"ratio": "0:1"}}