{"configuration": {"ratio": "1:0"}, "ALL STATS": {"Sets": {"Ops/sec": 1502.27868852459, "Latency": 2.6608196721311477}}}