{"configuration": {"ratio": "1:0"}, "ALL STATS": {"Sets": {"Ops/sec": 1823.4166666666667, "Latency": 8.805499999999999}}}