{"ALL STATS": {"Gets": {"Ops/sec": 478.7049180327869, "Latency": 16.694098360655737}}, "configuration": {"ratio": "0:1"}}