{"ALL STATS": {"Sets": {"Ops/sec": 1794.2166666666667, "Latency": 9.037333333333333}}, "configuration": {"ratio": "1:0"}}