{"ALL STATS": {"Sets": {"Latency": 19.1944262295082, "Ops/sec": 2098.2131147540986}}, "configuration": {"ratio": "1:0"}}