{"configuration": {"ratio": "0:1"}, "ALL STATS": {"Gets": {"Latency": 48.08901639344263, "Ops/sec": 500.1311475409836}}}