{"ALL STATS": {"Sets": {"Ops/sec": 2086.8360655737706, "Latency": 15.33032786885246}}, "configuration": {"ratio": "1:0"}}