{"configuration": {"ratio": "0:1"}, "ALL STATS": {"Gets": {"Latency": 31.991967213114755, "Ops/sec": 499.0983606557377}}}