{"ALL STATS": {"Sets": {"Ops/sec": 1668.1833333333334, "Latency": 14.401333333333334}}, "configuration": {"ratio": "1:0"}}