{"configuration": {"ratio": "0:1"}, "ALL STATS": {"Gets": {"Ops/sec": 491.6666666666667, "Latency": 2.0208333333333335}}}