{"ALL STATS": {"Sets": {"Ops/sec": 1645.9333333333334, "Latency": 10.097666666666665}}, "configuration": {"ratio": "1:0"}}