{"ALL STATS": {"Gets": {"Latency": 46.779833333333336, "Ops/sec": 512.6666666666666}}, "configuration": {"ratio": "0:1"}}