{"configuration": {"ratio": "1:0"}, "ALL STATS": {"Sets": {"Latency": 4.802295081967214, "Ops/sec": 1666.8688524590164}}}