{"configuration": {"ratio": "0:1"}, "ALL STATS": {"Gets": {"Ops/sec": 509.37704918032784, "Latency": 31.47868852459016}}}