{"configuration": {"ratio": "1:0"}, "ALL STATS": {"Sets": {"Ops/sec": 1683.4833333333333, "Latency": 19.009166666666662}}}