{"configuration": {"ratio": "1:0"}, "ALL STATS": {"Sets": {"Latency": 22.577868852459016, "Ops/sec": 1771.704918032787}}}