{"ALL STATS": {"Sets": {"Latency": 20.832459016393443, "Ops/sec": 1535.9016393442623}}, "configuration": {"ratio": "1:0"}}