{"configuration": {"ratio": "0:1"}, "ALL STATS": {"Gets": {"Latency": 81.17081967213116, "Ops/sec": 492.5081967213115}}}