{"configuration": {"ratio": "0:1"}, "ALL STATS": {"Gets": {"Ops/sec": 484.78333333333336, "Latency": 8.226833333333333}}}