{"configuration": {"ratio": "1:0"}, "ALL STATS": {"Sets": {"Ops/sec": 2086.6393442622953, "Latency": 15.368032786885244}}}