{"configuration": {"ratio": "0:1"}, "ALL STATS": {"Gets": {"Ops/sec": 499.3114754098361, "Latency": 63.97754098360655}}}