{"configuration": {"ratio": "0:1"}, "ALL STATS": {"Gets": {"Ops/sec": 491.4590163934426, "Latency": 48.83229508196721}}}