{"configuration": {"ratio": "0:1"}, "ALL STATS": {"Gets": {"Latency": 64.46196721311476, "Ops/sec": 495.4754098360656}}}