{"ALL STATS": {"Gets": {"Latency": 7.755081967213114, "Ops/sec": 516.8032786885246}}, "configuration": {"ratio": "0:1"}}