{"configuration": {"ratio": "1:0"}, "ALL STATS": {"Sets": {"Latency": 19.17852459016393, "Ops/sec": 1668.8032786885246}}}