{"configuration": {"ratio": "0:1"}, "ALL STATS": {"Gets": {"Latency": 83.59327868852459, "Ops/sec": 483.62295081967216}}}