{"configuration": {"ratio": "0:1"}, "ALL STATS": {"Gets": {"Latency": 81.89836065573772, "Ops/sec": 488.0163934426229}}}