{"configuration": {"ratio": "1:0"}, "ALL STATS": {"Sets": {"Latency": 2.405333333333333, "Ops/sec": 462.8333333333333}}}