{"configuration": {"ratio": "1:0"}, "ALL STATS": {"Sets": {"Ops/sec": 1541.4426229508197, "Latency": 15.581967213114755}}}