{"ALL STATS": {"Gets": {"Latency": 34.0716393442623, "Ops/sec": 470.44262295081967}}, "configuration": {"ratio": "0:1"}}