{"configuration": {"ratio": "1:0"}, "ALL STATS": {"Sets": {"Latency": 11.840333333333332, "Ops/sec": 2036.7166666666667}}}