{"ALL STATS": {"Sets": {"Ops/sec": 1520.032786885246, "Latency": 21.059016393442626}}, "configuration": {"ratio": "1:0"}}