{"ALL STATS": {"Sets": {"Ops/sec": 2399.9836065573772, "Latency": 13.335901639344263}}, "configuration": {"ratio": "1:0"}}