{"ALL STATS": {"Gets": {"Latency": 47.13213114754099, "Ops/sec": 510.57377049180326}}, "configuration": {"ratio": "0:1"}}