{"configuration": {"ratio": "0:1"}, "ALL STATS": {"Gets": {"Ops/sec": 477.8032786885246, "Latency": 50.28213114754098}}}