{"configuration": {"ratio": "0:1"}, "ALL STATS": {"Gets": {"Ops/sec": 499.88524590163934, "Latency": 63.917049180327865}}}