{"configuration": {"ratio": "1:0"}, "ALL STATS": {"Sets": {"Ops/sec": 1658.8688524590164, "Latency": 14.47377049180328}}}