{"ALL STATS": {"Gets": {"Ops/sec": 508.3333333333333, "Latency": 31.451666666666664}}, "configuration": {"ratio": "0:1"}}