{"configuration": {"ratio": "0:1"}, "ALL STATS": {"Gets": {"Latency": 82.27098360655738, "Ops/sec": 487.8032786885246}}}