{"configuration": {"ratio": "0:1"}, "ALL STATS": {"Gets": {"Latency": 82.73016393442622, "Ops/sec": 482.44262295081967}}}