{"ALL STATS": {"Gets": {"Latency": 87.94868852459017, "Ops/sec": 460.1311475409836}}, "configuration": {"ratio": "0:1"}}