{"configuration": {"ratio": "1:0"}, "ALL STATS": {"Sets": {"Ops/sec": 2085.4666666666667, "Latency": 19.179499999999997}}}