{"configuration": {"ratio": "0:1"}, "ALL STATS": {"Gets": {"Ops/sec": 503.40983606557376, "Latency": 47.757377049180334}}}