{"ALL STATS": {"Sets": {"Ops/sec": 1210.4833333333333, "Latency": 3.360833333333333}}, "configuration": {"ratio": "1:0"}}