{"configuration": {"ratio": "1:0"}, "ALL STATS": {"Sets": {"Ops/sec": 1645.5166666666667, "Latency": 14.589333333333334}}}