{"ALL STATS": {"Gets": {"Latency": 80.44786885245901, "Ops/sec": 496.37704918032784}}, "configuration": {"ratio": "0:1"}}