{"configuration": {"ratio": "1:0"}, "ALL STATS": {"Sets": {"Ops/sec": 1810.311475409836, "Latency": 17.684918032786882}}}