{"ALL STATS": {"Gets": {"Ops/sec": 506.4166666666667, "Latency": 31.605833333333333}}, "configuration": {"ratio": "0:1"}}