{"ALL STATS": {"Gets": {"Ops/sec": 470.8032786885246, "Latency": 67.8827868852459}}, "configuration": {"ratio": "0:1"}}