{"ALL STATS": {"Sets": {"Ops/sec": 1993.639344262295, "Latency": 8.025409836065576}}, "configuration": {"ratio": "1:0"}}