{"ALL STATS": {"Sets": {"Latency": 17.469180327868855, "Ops/sec": 1832.5245901639344}}, "configuration": {"ratio": "1:0"}}