{"ALL STATS": {"Gets": {"Ops/sec": 478.98333333333335, "Latency": 2.074666666666667}}, "configuration": {"ratio": "0:1"}}