{"configuration": {"ratio": "1:0"}, "ALL STATS": {"Sets": {"Latency": 4.582333333333334, "Ops/sec": 1747.5833333333333}}}