{"ALL STATS": {"Gets": {"Latency": 85.5860655737705, "Ops/sec": 466.8688524590164}}, "configuration": {"ratio": "0:1"}}