{"configuration": {"ratio": "1:0"}, "ALL STATS": {"Sets": {"Latency": 18.975166666666667, "Ops/sec": 2107.7166666666667}}}