{"ALL STATS": {"Sets": {"Latency": 17.007166666666667, "Ops/sec": 2353.6666666666665}}, "configuration": {"ratio": "1:0"}}