{"configuration": {"ratio": "1:0"}, "ALL STATS": {"Sets": {"Ops/sec": 1524.9833333333333, "Latency": 2.6286666666666667}}}