{"ALL STATS": {"Sets": {"Latency": 4.488333333333333, "Ops/sec": 1781.3666666666666}}, "configuration": {"ratio": "1:0"}}