{"ALL STATS": {"Sets": {"Ops/sec": 1494.3666666666666, "Latency": 16.060833333333335}}, "configuration": {"ratio": "1:0"}}