{"ALL STATS": {"Sets": {"Latency": 18.610327868852455, "Ops/sec": 1719.311475409836}}, "configuration": {"ratio": "1:0"}}