{"configuration": {"ratio": "1:0"}, "ALL STATS": {"Sets": {"Ops/sec": 2067.866666666667, "Latency": 15.471666666666664}}}