{"configuration": {"ratio": "1:0"}, "ALL STATS": {"Sets": {"Latency": 1.757333333333333, "Ops/sec": 567.4333333333333}}}