{"configuration": {"ratio": "1:0"}, "ALL STATS": {"Sets": {"Ops/sec": 1951.5166666666667, "Latency": 8.200166666666668}}}