{"configuration": {"ratio": "0:1"}, "ALL STATS": {"Gets": {"Latency": 66.3022950819672, "Ops/sec": 482.8360655737705}}}