{"ALL STATS": {"Gets": {"Latency": 8.019333333333334, "Ops/sec": 497.48333333333335}}, "configuration": {"ratio": "0:1"}}