{"ALL STATS": {"Gets": {"Ops/sec": 481.1475409836066, "Latency": 33.180327868852466}}, "configuration": {"ratio": "0:1"}}