{"ALL STATS": {"Gets": {"Latency": 64.15508196721312, "Ops/sec": 499.4590163934426}}, "configuration": {"ratio": "0:1"}}