{"ALL STATS": {"Gets": {"Latency": 8.38016393442623, "Ops/sec": 476.3114754098361}}, "configuration": {"ratio": "0:1"}}