{"ALL STATS": {"Gets": {"Ops/sec": 485.9016393442623, "Latency": 65.82622950819672}}, "configuration": {"ratio": "0:1"}}