{"ALL STATS": {"Sets": {"Latency": 3.304333333333333, "Ops/sec": 1210.0666666666666}}, "configuration": {"ratio": "1:0"}}