{"configuration": {"ratio": "0:1"}, "ALL STATS": {"Gets": {"Latency": 47.95737704918034, "Ops/sec": 500.08196721311475}}}