{"ALL STATS": {"Sets": {"Ops/sec": 521.2166666666667, "Latency": 1.9111666666666665}}, "configuration": {"ratio": "1:0"}}