{"configuration": {"ratio": "0:1"}, "ALL STATS": {"Gets": {"Latency": 78.94196721311475, "Ops/sec": 508.344262295082}}}