{"ALL STATS": {"Gets": {"Ops/sec": 515.5409836065573, "Latency": 46.61426229508197}}, "configuration": {"ratio": "0:1"}}