{"ALL STATS": {"Sets": {"Ops/sec": 1311.8666666666666, "Latency": 3.047166666666667}}, "configuration": {"ratio": "1:0"}}