{"ALL STATS": {"Sets": {"Latency": 1.9073333333333335, "Ops/sec": 522.3333333333334}}, "configuration": {"ratio": "1:0"}}