{"ALL STATS": {"Gets": {"Ops/sec": 494.1639344262295, "Latency": 32.30819672131147}}, "configuration": {"ratio": "0:1"}}