{"configuration": {"ratio": "0:1"}, "ALL STATS": {"Gets": {"Latency": 82.6709836065574, "Ops/sec": 483.91803278688525}}}