{"configuration": {"ratio": "0:1"}, "ALL STATS": {"Gets": {"Ops/sec": 509.344262295082, "Latency": 62.77622950819673}}}