{"ALL STATS": {"Gets": {"Latency": 2.1064999999999996, "Ops/sec": 473.73333333333335}}, "configuration": {"ratio": "0:1"}}