{"ALL STATS": {"Sets": {"Ops/sec": 1844.049180327869, "Latency": 13.014262295081966}}, "configuration": {"ratio": "1:0"}}