{"ALL STATS": {"Sets": {"Ops/sec": 2001.2295081967213, "Latency": 16.22344262295082}}, "configuration": {"ratio": "1:0"}}