{"ALL STATS": {"Gets": {"Latency": 64.98278688524589, "Ops/sec": 491.4754098360656}}, "configuration": {"ratio": "0:1"}}