{"ALL STATS": {"Sets": {"Ops/sec": 1721.327868852459, "Latency": 13.949180327868854}}, "configuration": {"ratio": "1:0"}}