{"configuration": {"ratio": "0:1"}, "ALL STATS": {"Gets": {"Latency": 8.260491803278688, "Ops/sec": 482.9016393442623}}}