{"ALL STATS": {"Gets": {"Latency": 82.02918032786887, "Ops/sec": 491.1967213114754}}, "configuration": {"ratio": "0:1"}}