{"configuration": {"ratio": "1:0"}, "ALL STATS": {"Sets": {"Ops/sec": 1656.4426229508197, "Latency": 9.6772131147541}}}