{"configuration": {"ratio": "1:0"}, "ALL STATS": {"Sets": {"Ops/sec": 557.2833333333333, "Latency": 1.7881666666666667}}}