{"ALL STATS": {"Sets": {"Ops/sec": 2093.233333333333, "Latency": 15.285833333333333}}, "configuration": {"ratio": "1:0"}}