{"ALL STATS": {"Gets": {"Latency": 16.928032786885247, "Ops/sec": 471.4590163934426}}, "configuration": {"ratio": "0:1"}}