{"configuration": {"ratio": "1:0"}, "ALL STATS": {"Sets": {"Latency": 24.079180327868855, "Ops/sec": 1662.2459016393443}}}