{"ALL STATS": {"Gets": {"Ops/sec": 477.24590163934425, "Latency": 33.48131147540983}}, "configuration": {"ratio": "0:1"}}