{"ALL STATS": {"Gets": {"Latency": 34.39885245901639, "Ops/sec": 464.39344262295083}}, "configuration": {"ratio": "0:1"}}