{"configuration": {"ratio": "0:1"}, "ALL STATS": {"Gets": {"Latency": 8.100666666666665, "Ops/sec": 492.3666666666667}}}