{"ALL STATS": {"Sets": {"Ops/sec": 2104.0819672131147, "Latency": 19.01049180327869}}, "configuration": {"ratio": "1:0"}}