{"configuration": {"ratio": "0:1"}, "ALL STATS": {"Gets": {"Ops/sec": 453.23333333333335, "Latency": 2.192333333333333}}}