{"ALL STATS": {"Gets": {"Latency": 8.501166666666666, "Ops/sec": 469.3333333333333}}, "configuration": {"ratio": "0:1"}}