{"ALL STATS": {"Sets": {"Latency": 2.0788333333333333, "Ops/sec": 479.3833333333333}}, "configuration": {"ratio": "1:0"}}