{"configuration": {"ratio": "0:1"}, "ALL STATS": {"Gets": {"Ops/sec": 489.57377049180326, "Latency": 49.05409836065574}}}