{"ALL STATS": {"Gets": {"Ops/sec": 500.57377049180326, "Latency": 79.80377049180328}}, "configuration": {"ratio": "0:1"}}