{"configuration": {"ratio": "1:0"}, "ALL STATS": {"Sets": {"Ops/sec": 1283.4333333333334, "Latency": 3.298000000000001}}}