{"ALL STATS": {"Sets": {"Ops/sec": 2355.383333333333, "Latency": 10.194000000000004}}, "configuration": {"ratio": "1:0"}}