{"configuration": {"ratio": "1:0"}, "ALL STATS": {"Sets": {"Ops/sec": 1889.0666666666666, "Latency": 8.483166666666667}}}