{"configuration": {"ratio": "1:0"}, "ALL STATS": {"Sets": {"Latency": 1.8939999999999997, "Ops/sec": 525.8666666666667}}}