{"ALL STATS": {"Gets": {"Latency": 80.15704918032789, "Ops/sec": 499.3114754098361}}, "configuration": {"ratio": "0:1"}}