{"ALL STATS": {"Sets": {"Ops/sec": 1828.3833333333334, "Latency": 22.101166666666664}}, "configuration": {"ratio": "1:0"}}