{"configuration": {"ratio": "0:1"}, "ALL STATS": {"Gets": {"Latency": 16.299672131147542, "Ops/sec": 489.655737704918}}}