{"configuration": {"ratio": "1:0"}, "ALL STATS": {"Sets": {"Ops/sec": 1828.7833333333333, "Latency": 4.389333333333332}}}