{"configuration": {"ratio": "0:1"}, "ALL STATS": {"Gets": {"Latency": 48.24524590163934, "Ops/sec": 497.27868852459017}}}