{"ALL STATS": {"Sets": {"Ops/sec": 1472.704918032787, "Latency": 5.435409836065573}}, "configuration": {"ratio": "1:0"}}