{"ALL STATS": {"Gets": {"Latency": 77.90327868852461, "Ops/sec": 517.311475409836}}, "configuration": {"ratio": "0:1"}}