{"ALL STATS": {"Sets": {"Latency": 27.017704918032788, "Ops/sec": 1480.672131147541}}, "configuration": {"ratio": "1:0"}}