{"configuration": {"ratio": "1:0"}, "ALL STATS": {"Sets": {"Latency": 9.15393442622951, "Ops/sec": 1749.5409836065573}}}