{"configuration": {"ratio": "1:0"}, "ALL STATS": {"Sets": {"Ops/sec": 1690.8524590163934, "Latency": 18.929672131147544}}}