{"configuration": {"ratio": "1:0"}, "ALL STATS": {"Sets": {"Ops/sec": 1658.4918032786886, "Latency": 24.131475409836067}}}