{"ALL STATS": {"Gets": {"Ops/sec": 500.73770491803276, "Latency": 47.95737704918032}}, "configuration": {"ratio": "0:1"}}