{"configuration": {"ratio": "0:1"}, "ALL STATS": {"Gets": {"Latency": 68.39032786885247, "Ops/sec": 467.24590163934425}}}