{"ALL STATS": {"Gets": {"Latency": 49.104262295081966, "Ops/sec": 488.95081967213116}}, "configuration": {"ratio": "0:1"}}