{"configuration": {"ratio": "1:0"}, "ALL STATS": {"Sets": {"Latency": 21.556557377049185, "Ops/sec": 1856.2622950819673}}}