{"ALL STATS": {"Sets": {"Latency": 17.331147540983604, "Ops/sec": 2309.6065573770493}}, "configuration": {"ratio": "1:0"}}