{"configuration": {"ratio": "1:0"}, "ALL STATS": {"Sets": {"Ops/sec": 1637.4262295081967, "Latency": 24.439999999999998}}}