{"ALL STATS": {"Gets": {"Latency": 7.671311475409837, "Ops/sec": 522.6229508196722}}, "configuration": {"ratio": "0:1"}}