{"configuration": {"ratio": "1:0"}, "ALL STATS": {"Sets": {"Latency": 25.603770491803278, "Ops/sec": 1575.5901639344263}}}