{"configuration": {"ratio": "1:0"}, "ALL STATS": {"Sets": {"Latency": 2.3406666666666665, "Ops/sec": 502.76666666666665}}}