{"ALL STATS": {"Gets": {"Latency": 48.85409836065573, "Ops/sec": 491.39344262295083}}, "configuration": {"ratio": "0:1"}}