{"configuration": {"ratio": "1:0"}, "ALL STATS": {"Sets": {"Ops/sec": 1541.8852459016393, "Latency": 25.958360655737707}}}