{"ALL STATS": {"Gets": {"Ops/sec": 487.42622950819674, "Latency": 65.52377049180328}}, "configuration": {"ratio": "0:1"}}