{"configuration": {"ratio": "0:1"}, "ALL STATS": {"Gets": {"Latency": 7.984426229508198, "Ops/sec": 499.62295081967216}}}