{"configuration": {"ratio": "1:0"}, "ALL STATS": {"Sets": {"Ops/sec": 539.3333333333334, "Latency": 1.8466666666666667}}}