{"configuration": {"ratio": "1:0"}, "ALL STATS": {"Sets": {"Ops/sec": 1781.2166666666667, "Latency": 9.011666666666667}}}