{"configuration": {"ratio": "1:0"}, "ALL STATS": {"Sets": {"Latency": 7.895081967213114, "Ops/sec": 2026.7868852459017}}}