{"ALL STATS": {"Sets": {"Ops/sec": 1536.4166666666667, "Latency": 15.625999999999998}}, "configuration": {"ratio": "1:0"}}