{"ALL STATS": {"Sets": {"Ops/sec": 2186.8333333333335, "Latency": 14.640666666666668}}, "configuration": {"ratio": "1:0"}}