{"configuration": {"ratio": "1:0"}, "ALL STATS": {"Sets": {"Ops/sec": 2061.1475409836066, "Latency": 11.642459016393445}}}