{"ALL STATS": {"Gets": {"Latency": 32.55032786885245, "Ops/sec": 490.8196721311475}}, "configuration": {"ratio": "0:1"}}