{"configuration": {"ratio": "0:1"}, "ALL STATS": {"Gets": {"Ops/sec": 509.6393442622951, "Latency": 62.906721311475415}}}