{"ALL STATS": {"Sets": {"Ops/sec": 1838.4098360655737, "Latency": 21.966065573770493}}, "configuration": {"ratio": "1:0"}}