{"configuration": {"ratio": "1:0"}, "ALL STATS": {"Sets": {"Latency": 4.500166666666666, "Ops/sec": 1777.2333333333333}}}