{"ALL STATS": {"Gets": {"Latency": 2.1991666666666663, "Ops/sec": 451.9166666666667}}, "configuration": {"ratio": "0:1"}}