{"configuration": {"ratio": "0:1"}, "ALL STATS": {"Gets": {"Latency": 35.374590163934435, "Ops/sec": 463.5245901639344}}}