{"configuration": {"ratio": "0:1"}, "ALL STATS": {"Gets": {"Ops/sec": 493.73333333333335, "Latency": 8.077666666666666}}}