{"ALL STATS": {"Gets": {"Ops/sec": 468.1803278688525, "Latency": 85.31967213114754}}, "configuration": {"ratio": "0:1"}}