{"ALL STATS": {"Gets": {"Latency": 2.0528333333333335, "Ops/sec": 483.81666666666666}}, "configuration": {"ratio": "0:1"}}