{"configuration": {"ratio": "0:1"}, "ALL STATS": {"Gets": {"Ops/sec": 483.0163934426229, "Latency": 33.19836065573771}}}