{"configuration": {"ratio": "0:1"}, "ALL STATS": {"Gets": {"Ops/sec": 486.40983606557376, "Latency": 65.66950819672131}}}