{"configuration": {"ratio": "1:0"}, "ALL STATS": {"Sets": {"Ops/sec": 1752.2666666666667, "Latency": 9.155666666666665}}}