{"ALL STATS": {"Sets": {"Latency": 3.4058333333333333, "Ops/sec": 1219.8666666666666}}, "configuration": {"ratio": "1:0"}}