{"configuration": {"ratio": "0:1"}, "ALL STATS": {"Gets": {"Ops/sec": 484.8833333333333, "Latency": 16.465833333333332}}}