{"ALL STATS": {"Sets": {"Latency": 22.786065573770497, "Ops/sec": 1755.639344262295}}, "configuration": {"ratio": "1:0"}}