{"ALL STATS": {"Gets": {"Ops/sec": 489.0655737704918, "Latency": 49.00278688524591}}, "configuration": {"ratio": "0:1"}}