{"ALL STATS": {"Gets": {"Ops/sec": 488.62295081967216, "Latency": 8.16344262295082}}, "configuration": {"ratio": "0:1"}}