{"configuration": {"ratio": "1:0"}, "ALL STATS": {"Sets": {"Ops/sec": 1742.2459016393443, "Latency": 22.962950819672134}}}