{"configuration": {"ratio": "0:1"}, "ALL STATS": {"Gets": {"Latency": 34.2572131147541, "Ops/sec": 466.4754098360656}}}