{"configuration": {"ratio": "0:1"}, "ALL STATS": {"Gets": {"Ops/sec": 497.44262295081967, "Latency": 64.28426229508196}}}