{"configuration": {"ratio": "0:1"}, "ALL STATS": {"Gets": {"Ops/sec": 497.1967213114754, "Latency": 48.28524590163934}}}