{"ALL STATS": {"Sets": {"Latency": 19.46262295081967, "Ops/sec": 2055.1967213114754}}, "configuration": {"ratio": "1:0"}}