{"ALL STATS": {"Gets": {"Ops/sec": 493.78688524590166, "Latency": 16.163770491803277}}, "configuration": {"ratio": "0:1"}}