{"ALL STATS": {"Sets": {"Latency": 21.093606557377047, "Ops/sec": 1517.1639344262296}}, "configuration": {"ratio": "1:0"}}