{"configuration": {"ratio": "1:0"}, "ALL STATS": {"Sets": {"Latency": 4.538688524590163, "Ops/sec": 1762.1639344262296}}}