{"configuration": {"ratio": "0:1"}, "ALL STATS": {"Gets": {"Ops/sec": 512.6833333333333, "Latency": 1.9359999999999997}}}