{"ALL STATS": {"Gets": {"Ops/sec": 490.73770491803276, "Latency": 32.666065573770496}}, "configuration": {"ratio": "0:1"}}