{"configuration": {"ratio": "0:1"}, "ALL STATS": {"Gets": {"Ops/sec": 482.27868852459017, "Latency": 33.12459016393443}}}