{"configuration": {"ratio": "1:0"}, "ALL STATS": {"Sets": {"Ops/sec": 529.8833333333333, "Latency": 1.8824999999999998}}}