{"configuration": {"ratio": "0:1"}, "ALL STATS": {"Gets": {"Ops/sec": 483.3114754098361, "Latency": 33.03688524590164}}}