{"configuration": {"ratio": "0:1"}, "ALL STATS": {"Gets": {"Ops/sec": 505.3833333333333, "Latency": 15.837833333333334}}}