{"ALL STATS": {"Gets": {"Latency": 2.0001666666666664, "Ops/sec": 496.3666666666667}}, "configuration": {"ratio": "0:1"}}