{"configuration": {"ratio": "0:1"}, "ALL STATS": {"Gets": {"Latency": 66.44327868852459, "Ops/sec": 481.8524590163934}}}