{"ALL STATS": {"Gets": {"Latency": 32.03737704918033, "Ops/sec": 498.3606557377049}}, "configuration": {"ratio": "0:1"}}