{"configuration": {"ratio": "0:1"}, "ALL STATS": {"Gets": {"Ops/sec": 498.4166666666667, "Latency": 1.9923333333333333}}}