{"ALL STATS": {"Sets": {"Latency": 8.289833333333334, "Ops/sec": 1929.6833333333334}}, "configuration": {"ratio": "1:0"}}