{"ALL STATS": {"Gets": {"Ops/sec": 512.5833333333334, "Latency": 1.9376666666666666}}, "configuration": {"ratio": "0:1"}}