{"ALL STATS": {"Gets": {"Latency": 32.938032786885245, "Ops/sec": 484.8524590163934}}, "configuration": {"ratio": "0:1"}}