{"configuration": {"ratio": "1:0"}, "ALL STATS": {"Sets": {"Latency": 15.162131147540983, "Ops/sec": 2110.754098360656}}}