{"ALL STATS": {"Sets": {"Ops/sec": 1757.3166666666666, "Latency": 4.549500000000001}}, "configuration": {"ratio": "1:0"}}