{"ALL STATS": {"Gets": {"Latency": 9.590333333333332, "Ops/sec": 449.3833333333333}}, "configuration": {"ratio": "0:1"}}