{"configuration": {"ratio": "1:0"}, "ALL STATS": {"Sets": {"Latency": 4.531166666666667, "Ops/sec": 1764.7166666666667}}}