{"configuration": {"ratio": "0:1"}, "ALL STATS": {"Gets": {"Ops/sec": 496.53333333333336, "Latency": 8.033166666666666}}}