{"ALL STATS": {"Gets": {"Ops/sec": 500.75409836065575, "Latency": 79.80688524590164}}, "configuration": {"ratio": "0:1"}}