{"ALL STATS": {"Sets": {"Ops/sec": 1383.8833333333334, "Latency": 2.893500000000001}}, "configuration": {"ratio": "1:0"}}