{"configuration": {"ratio": "0:1"}, "ALL STATS": {"Gets": {"Latency": 49.90311475409836, "Ops/sec": 480.2295081967213}}}