{"ALL STATS": {"Gets": {"Latency": 82.8983606557377, "Ops/sec": 482.60655737704917}}, "configuration": {"ratio": "0:1"}}