{"ALL STATS": {"Sets": {"Latency": 3.130833333333334, "Ops/sec": 1276.5666666666666}}, "configuration": {"ratio": "1:0"}}