{"configuration": {"ratio": "0:1"}, "ALL STATS": {"Gets": {"Latency": 2.0180000000000002, "Ops/sec": 492.1166666666667}}}