{"configuration": {"ratio": "1:0"}, "ALL STATS": {"Sets": {"Latency": 3.1101639344262297, "Ops/sec": 1359.9016393442623}}}