{"ALL STATS": {"Sets": {"Latency": 2.677666666666667, "Ops/sec": 1492.8166666666666}}, "configuration": {"ratio": "1:0"}}