{"configuration": {"ratio": "0:1"}, "ALL STATS": {"Gets": {"Ops/sec": 504.8333333333333, "Latency": 15.851833333333333}}}