{"configuration": {"ratio": "0:1"}, "ALL STATS": {"Gets": {"Latency": 16.83950819672131, "Ops/sec": 473.95081967213116}}}