{"ALL STATS": {"Sets": {"Ops/sec": 1840.016393442623, "Latency": 13.048360655737707}}, "configuration": {"ratio": "1:0"}}