{"ALL STATS": {"Sets": {"Latency": 18.983500000000003, "Ops/sec": 1686.8166666666666}}, "configuration": {"ratio": "1:0"}}