{"ALL STATS": {"Sets": {"Ops/sec": 1945.8360655737704, "Latency": 20.766885245901634}}, "configuration": {"ratio": "1:0"}}