{"configuration": {"ratio": "1:0"}, "ALL STATS": {"Sets": {"Latency": 7.539322033898304, "Ops/sec": 2121.491525423729}}}