{"ALL STATS": {"Gets": {"Ops/sec": 489.7704918032787, "Latency": 32.69229508196721}}, "configuration": {"ratio": "0:1"}}