{"configuration": {"ratio": "0:1"}, "ALL STATS": {"Gets": {"Ops/sec": 499.08196721311475, "Latency": 48.08327868852459}}}