{"configuration": {"ratio": "0:1"}, "ALL STATS": {"Gets": {"Ops/sec": 473.9016393442623, "Latency": 50.962786885245905}}}