{"configuration": {"ratio": "1:0"}, "ALL STATS": {"Sets": {"Ops/sec": 2126.4666666666667, "Latency": 18.80683333333333}}}