{"configuration": {"ratio": "1:0"}, "ALL STATS": {"Sets": {"Latency": 4.8103333333333325, "Ops/sec": 1667.7833333333333}}}