{"ALL STATS": {"Sets": {"Latency": 1.9228333333333332, "Ops/sec": 518.5166666666667}}, "configuration": {"ratio": "1:0"}}