{"ALL STATS": {"Gets": {"Latency": 81.12557377049178, "Ops/sec": 492.0983606557377}}, "configuration": {"ratio": "0:1"}}