{"ALL STATS": {"Sets": {"Ops/sec": 2087.9166666666665, "Latency": 11.490666666666668}}, "configuration": {"ratio": "1:0"}}