{"configuration": {"ratio": "0:1"}, "ALL STATS": {"Gets": {"Latency": 82.67393442622954, "Ops/sec": 482.8032786885246}}}