{"configuration": {"ratio": "1:0"}, "ALL STATS": {"Sets": {"Ops/sec": 1327.6166666666666, "Latency": 3.011833333333333}}}