{"configuration": {"ratio": "1:0"}, "ALL STATS": {"Sets": {"Ops/sec": 2074.8524590163934, "Latency": 7.711475409836066}}}