{"ALL STATS": {"Gets": {"Ops/sec": 496.8688524590164, "Latency": 80.36803278688524}}, "configuration": {"ratio": "0:1"}}