{"configuration": {"ratio": "1:0"}, "ALL STATS": {"Sets": {"Latency": 2.1390000000000002, "Ops/sec": 466.21666666666664}}}