{"ALL STATS": {"Sets": {"Latency": 20.880819672131146, "Ops/sec": 1532.8852459016393}}, "configuration": {"ratio": "1:0"}}