{"configuration": {"ratio": "0:1"}, "ALL STATS": {"Gets": {"Ops/sec": 504.48333333333335, "Latency": 15.848666666666666}}}