{"configuration": {"ratio": "1:0"}, "ALL STATS": {"Sets": {"Latency": 4.456499999999999, "Ops/sec": 1793.8666666666666}}}