{"configuration": {"ratio": "1:0"}, "ALL STATS": {"Sets": {"Latency": 12.983333333333333, "Ops/sec": 1849.5166666666667}}}