{"ALL STATS": {"Sets": {"Ops/sec": 2102.9508196721313, "Latency": 15.31409836065574}}, "configuration": {"ratio": "1:0"}}