{"configuration": {"ratio": "1:0"}, "ALL STATS": {"Sets": {"Ops/sec": 2552.516666666667, "Latency": 12.631333333333336}}}