{"ALL STATS": {"Gets": {"Latency": 45.69377049180329, "Ops/sec": 530.8688524590164}}, "configuration": {"ratio": "0:1"}}