{"configuration": {"ratio": "0:1"}, "ALL STATS": {"Gets": {"Ops/sec": 509.78688524590166, "Latency": 62.69918032786885}}}