{"configuration": {"ratio": "0:1"}, "ALL STATS": {"Gets": {"Ops/sec": 487.8688524590164, "Latency": 32.826557377049184}}}