{"ALL STATS": {"Gets": {"Ops/sec": 484.37704918032784, "Latency": 66.00983606557377}}, "configuration": {"ratio": "0:1"}}