{"ALL STATS": {"Gets": {"Latency": 32.39770491803278, "Ops/sec": 492.91803278688525}}, "configuration": {"ratio": "0:1"}}