{"ALL STATS": {"Sets": {"Ops/sec": 1983.0819672131147, "Latency": 8.065737704918032}}, "configuration": {"ratio": "1:0"}}