{"ALL STATS": {"Gets": {"Latency": 8.004754098360655, "Ops/sec": 498.42622950819674}}, "configuration": {"ratio": "0:1"}}