{"configuration": {"ratio": "1:0"}, "ALL STATS": {"Sets": {"Latency": 15.751967213114753, "Ops/sec": 1524.8688524590164}}}