{"configuration": {"ratio": "0:1"}, "ALL STATS": {"Gets": {"Ops/sec": 480.42622950819674, "Latency": 16.617868852459015}}}