{"ALL STATS": {"Sets": {"Latency": 3.1016666666666666, "Ops/sec": 1288.5666666666666}}, "configuration": {"ratio": "1:0"}}