{"configuration": {"ratio": "1:0"}, "ALL STATS": {"Sets": {"Ops/sec": 2015.5333333333333, "Latency": 7.9366666666666665}}}