{"ALL STATS": {"Gets": {"Latency": 16.15360655737705, "Ops/sec": 494.11475409836066}}, "configuration": {"ratio": "0:1"}}