{"configuration": {"ratio": "0:1"}, "ALL STATS": {"Gets": {"Ops/sec": 475.5409836065574, "Latency": 16.938524590163933}}}