{"ALL STATS": {"Gets": {"Ops/sec": 500.0655737704918, "Latency": 79.91868852459017}}, "configuration": {"ratio": "0:1"}}