{"configuration": {"ratio": "0:1"}, "ALL STATS": {"Gets": {"Ops/sec": 534.7704918032787, "Latency": 29.964754098360658}}}