{"configuration": {"ratio": "0:1"}, "ALL STATS": {"Gets": {"Latency": 65.51918032786885, "Ops/sec": 487.44262295081967}}}