{"configuration": {"ratio": "0:1"}, "ALL STATS": {"Gets": {"Latency": 49.2472131147541, "Ops/sec": 487.9672131147541}}}