{"ALL STATS": {"Gets": {"Ops/sec": 487.8333333333333, "Latency": 49.129333333333335}}, "configuration": {"ratio": "0:1"}}