{"ALL STATS": {"Sets": {"Ops/sec": 1653.5166666666667, "Latency": 4.8436666666666675}}, "configuration": {"ratio": "1:0"}}