{"ALL STATS": {"Gets": {"Latency": 47.861166666666676, "Ops/sec": 501.81666666666666}}, "configuration": {"ratio": "0:1"}}