{"ALL STATS": {"Gets": {"Ops/sec": 531.8360655737705, "Latency": 76.60524590163936}}, "configuration": {"ratio": "0:1"}}