{"configuration": {"ratio": "0:1"}, "ALL STATS": {"Gets": {"Ops/sec": 468.3606557377049, "Latency": 51.145901639344274}}}