{"ALL STATS": {"Sets": {"Latency": 7.981333333333334, "Ops/sec": 2004.3166666666666}}, "configuration": {"ratio": "1:0"}}