{"ALL STATS": {"Sets": {"Latency": 7.924333333333333, "Ops/sec": 2018.0833333333333}}, "configuration": {"ratio": "1:0"}}