{"ALL STATS": {"Sets": {"Latency": 14.393442622950822, "Ops/sec": 1669.311475409836}}, "configuration": {"ratio": "1:0"}}