{"configuration": {"ratio": "0:1"}, "ALL STATS": {"Gets": {"Ops/sec": 473.04918032786884, "Latency": 84.89803278688524}}}