{"ALL STATS": {"Gets": {"Latency": 51.945737704918024, "Ops/sec": 473.8196721311475}}, "configuration": {"ratio": "0:1"}}