{"configuration": {"ratio": "0:1"}, "ALL STATS": {"Gets": {"Ops/sec": 486.72131147540983, "Latency": 65.65573770491802}}}