{"configuration": {"ratio": "1:0"}, "ALL STATS": {"Sets": {"Ops/sec": 1650.4262295081967, "Latency": 19.66442622950819}}}