{"ALL STATS": {"Sets": {"Ops/sec": 2140.1803278688526, "Latency": 11.215573770491803}}, "configuration": {"ratio": "1:0"}}