{"configuration": {"ratio": "0:1"}, "ALL STATS": {"Gets": {"Ops/sec": 510.21666666666664, "Latency": 1.9468333333333336}}}