{"configuration": {"ratio": "0:1"}, "ALL STATS": {"Gets": {"Ops/sec": 479.78688524590166, "Latency": 86.88278688524589}}}