{"ALL STATS": {"Gets": {"Ops/sec": 494.21311475409834, "Latency": 80.80311475409836}}, "configuration": {"ratio": "0:1"}}