{"configuration": {"ratio": "1:0"}, "ALL STATS": {"Sets": {"Ops/sec": 1502.5666666666666, "Latency": 2.659666666666667}}}