{"ALL STATS": {"Sets": {"Latency": 1.8976666666666666, "Ops/sec": 524.9666666666667}}, "configuration": {"ratio": "1:0"}}