{"ALL STATS": {"Gets": {"Ops/sec": 483.5245901639344, "Latency": 66.05967213114754}}, "configuration": {"ratio": "0:1"}}