{"configuration": {"ratio": "0:1"}, "ALL STATS": {"Gets": {"Latency": 50.23344262295082, "Ops/sec": 478.27868852459017}}}