{"configuration": {"ratio": "1:0"}, "ALL STATS": {"Sets": {"Latency": 7.99360655737705, "Ops/sec": 2001.1803278688524}}}