{"configuration": {"ratio": "1:0"}, "ALL STATS": {"Sets": {"Latency": 31.404500000000002, "Ops/sec": 1568.5666666666666}}}