{"configuration": {"ratio": "0:1"}, "ALL STATS": {"Gets": {"Ops/sec": 488.62295081967216, "Latency": 65.4272131147541}}}