{"configuration": {"ratio": "1:0"}, "ALL STATS": {"Sets": {"Latency": 1.8790000000000002, "Ops/sec": 530.4666666666667}}}