{"configuration": {"ratio": "1:0"}, "ALL STATS": {"Sets": {"Latency": 9.580833333333334, "Ops/sec": 1673.2833333333333}}}