{"ALL STATS": {"Sets": {"Latency": 4.641147540983606, "Ops/sec": 1725.1147540983607}}, "configuration": {"ratio": "1:0"}}