{"ALL STATS": {"Gets": {"Latency": 32.913606557377044, "Ops/sec": 487.37704918032784}}, "configuration": {"ratio": "0:1"}}