{"ALL STATS": {"Gets": {"Ops/sec": 478.44262295081967, "Latency": 8.336721311475412}}, "configuration": {"ratio": "0:1"}}