{"configuration": {"ratio": "0:1"}, "ALL STATS": {"Gets": {"Ops/sec": 482.8360655737705, "Latency": 66.13770491803278}}}