{"configuration": {"ratio": "0:1"}, "ALL STATS": {"Gets": {"Latency": 51.28983606557377, "Ops/sec": 467.44262295081967}}}