{"configuration": {"ratio": "0:1"}, "ALL STATS": {"Gets": {"Latency": 83.81918032786888, "Ops/sec": 477.327868852459}}}