{"ALL STATS": {"Gets": {"Ops/sec": 509.75409836065575, "Latency": 78.37016393442623}}, "configuration": {"ratio": "0:1"}}