{"configuration": {"ratio": "1:0"}, "ALL STATS": {"Sets": {"Latency": 10.825737704918035, "Ops/sec": 2217.901639344262}}}