{"configuration": {"ratio": "0:1"}, "ALL STATS": {"Gets": {"Ops/sec": 479.3606557377049, "Latency": 83.3555737704918}}}