{"configuration": {"ratio": "1:0"}, "ALL STATS": {"Sets": {"Ops/sec": 1951.7868852459017, "Latency": 8.194754098360656}}}