{"configuration": {"ratio": "1:0"}, "ALL STATS": {"Sets": {"Latency": 1.8776666666666666, "Ops/sec": 533.2166666666667}}}