{"ALL STATS": {"Sets": {"Ops/sec": 2053.5333333333333, "Latency": 11.741333333333333}}, "configuration": {"ratio": "1:0"}}