{"configuration": {"ratio": "0:1"}, "ALL STATS": {"Gets": {"Latency": 79.10163934426228, "Ops/sec": 505.42622950819674}}}