{"ALL STATS": {"Gets": {"Latency": 51.025737704918036, "Ops/sec": 481.5245901639344}}, "configuration": {"ratio": "0:1"}}