{"ALL STATS": {"Sets": {"Ops/sec": 1712.3666666666666, "Latency": 4.6816666666666675}}, "configuration": {"ratio": "1:0"}}