{"ALL STATS": {"Gets": {"Latency": 8.133666666666667, "Ops/sec": 490.46666666666664}}, "configuration": {"ratio": "0:1"}}