{"configuration": {"ratio": "1:0"}, "ALL STATS": {"Sets": {"Ops/sec": 1490.295081967213, "Latency": 2.683114754098361}}}