{"configuration": {"ratio": "0:1"}, "ALL STATS": {"Gets": {"Ops/sec": 450.73333333333335, "Latency": 2.2038333333333333}}}