{"configuration": {"ratio": "1:0"}, "ALL STATS": {"Sets": {"Ops/sec": 1255.5666666666666, "Latency": 3.1838333333333333}}}