{"configuration": {"ratio": "1:0"}, "ALL STATS": {"Sets": {"Latency": 16.65737704918033, "Ops/sec": 2402.5409836065573}}}