{"ALL STATS": {"Sets": {"Latency": 10.581999999999999, "Ops/sec": 2274.0666666666666}}, "configuration": {"ratio": "1:0"}}