{"ALL STATS": {"Gets": {"Latency": 8.250666666666667, "Ops/sec": 483.3833333333333}}, "configuration": {"ratio": "0:1"}}