{"configuration": {"ratio": "1:0"}, "ALL STATS": {"Sets": {"Latency": 2.550666666666667, "Ops/sec": 1572.8333333333333}}}