{"configuration": {"ratio": "0:1"}, "ALL STATS": {"Gets": {"Latency": 82.6250819672131, "Ops/sec": 483.4754098360656}}}