{"ALL STATS": {"Gets": {"Ops/sec": 472.672131147541, "Latency": 33.80868852459016}}, "configuration": {"ratio": "0:1"}}