{"configuration": {"ratio": "1:0"}, "ALL STATS": {"Sets": {"Ops/sec": 548.4666666666667, "Latency": 1.8184999999999998}}}