{"ALL STATS": {"Gets": {"Latency": 48.1355737704918, "Ops/sec": 497.73770491803276}}, "configuration": {"ratio": "0:1"}}