{"configuration": {"ratio": "1:0"}, "ALL STATS": {"Sets": {"Ops/sec": 493.1333333333333, "Latency": 2.021166666666667}}}