{"ALL STATS": {"Gets": {"Ops/sec": 497.53333333333336, "Latency": 16.046333333333333}}, "configuration": {"ratio": "0:1"}}