{"configuration": {"ratio": "0:1"}, "ALL STATS": {"Gets": {"Latency": 82.52721311475408, "Ops/sec": 484.27868852459017}}}