{"ALL STATS": {"Gets": {"Latency": 32.50737704918033, "Ops/sec": 491.1475409836066}}, "configuration": {"ratio": "0:1"}}