{"configuration": {"ratio": "0:1"}, "ALL STATS": {"Gets": {"Latency": 16.400166666666667, "Ops/sec": 486.6666666666667}}}