{"configuration": {"ratio": "0:1"}, "ALL STATS": {"Gets": {"Ops/sec": 474.72131147540983, "Latency": 16.82049180327869}}}