{"ALL STATS": {"Sets": {"Ops/sec": 1490.2131147540983, "Latency": 26.847377049180324}}, "configuration": {"ratio": "1:0"}}