{"ALL STATS": {"Gets": {"Latency": 51.785245901639335, "Ops/sec": 463.72131147540983}}, "configuration": {"ratio": "0:1"}}