{"configuration": {"ratio": "1:0"}, "ALL STATS": {"Sets": {"Latency": 16.65606557377049, "Ops/sec": 2402.7868852459014}}}