{"configuration": {"ratio": "0:1"}, "ALL STATS": {"Gets": {"Latency": 63.390655737704925, "Ops/sec": 504.4590163934426}}}