{"ALL STATS": {"Gets": {"Ops/sec": 492.8333333333333, "Latency": 8.093333333333334}}, "configuration": {"ratio": "0:1"}}