{"ALL STATS": {"Gets": {"Ops/sec": 490.53333333333336, "Latency": 16.276500000000002}}, "configuration": {"ratio": "0:1"}}