{"configuration": {"ratio": "1:0"}, "ALL STATS": {"Sets": {"Ops/sec": 524.3666666666667, "Latency": 1.9035000000000002}}}