{"configuration": {"ratio": "0:1"}, "ALL STATS": {"Gets": {"Latency": 50.28524590163936, "Ops/sec": 476.88524590163934}}}