{"configuration": {"ratio": "1:0"}, "ALL STATS": {"Sets": {"Ops/sec": 523.2666666666667, "Latency": 1.9053333333333335}}}