{"ALL STATS": {"Gets": {"Latency": 2.020833333333333, "Ops/sec": 491.46666666666664}}, "configuration": {"ratio": "0:1"}}