{"configuration": {"ratio": "1:0"}, "ALL STATS": {"Sets": {"Ops/sec": 467.73333333333335, "Latency": 2.4539999999999997}}}