{"configuration": {"ratio": "1:0"}, "ALL STATS": {"Sets": {"Ops/sec": 1727.4666666666667, "Latency": 4.650666666666667}}}