{"configuration": {"ratio": "0:1"}, "ALL STATS": {"Gets": {"Latency": 30.672786885245905, "Ops/sec": 521.7049180327868}}}