{"ALL STATS": {"Sets": {"Ops/sec": 1976.5901639344263, "Latency": 8.09311475409836}}, "configuration": {"ratio": "1:0"}}