{"ALL STATS": {"Sets": {"Ops/sec": 482.6333333333333, "Latency": 2.0646666666666667}}, "configuration": {"ratio": "1:0"}}