{"ALL STATS": {"Sets": {"Ops/sec": 2145.8333333333335, "Latency": 11.190500000000002}}, "configuration": {"ratio": "1:0"}}