{"ALL STATS": {"Gets": {"Latency": 17.96033333333333, "Ops/sec": 464.03333333333336}}, "configuration": {"ratio": "0:1"}}