{"configuration": {"ratio": "0:1"}, "ALL STATS": {"Gets": {"Ops/sec": 493.28333333333336, "Latency": 8.085833333333333}}}