{"configuration": {"ratio": "1:0"}, "ALL STATS": {"Sets": {"Latency": 13.192786885245901, "Ops/sec": 2444.655737704918}}}