{"configuration": {"ratio": "0:1"}, "ALL STATS": {"Gets": {"Latency": 16.012622950819672, "Ops/sec": 498.40983606557376}}}