{"ALL STATS": {"Sets": {"Ops/sec": 1986.1311475409836, "Latency": 16.335081967213117}}, "configuration": {"ratio": "1:0"}}