{"configuration": {"ratio": "1:0"}, "ALL STATS": {"Sets": {"Latency": 19.221311475409838, "Ops/sec": 2081.065573770492}}}