{"configuration": {"ratio": "0:1"}, "ALL STATS": {"Gets": {"Ops/sec": 492.42622950819674, "Latency": 88.29819672131148}}}