{"configuration": {"ratio": "1:0"}, "ALL STATS": {"Sets": {"Ops/sec": 1490.1639344262296, "Latency": 26.851475409836063}}}