{"configuration": {"ratio": "1:0"}, "ALL STATS": {"Sets": {"Ops/sec": 1518.7166666666667, "Latency": 5.433833333333333}}}