{"configuration": {"ratio": "0:1"}, "ALL STATS": {"Gets": {"Ops/sec": 496.21666666666664, "Latency": 8.036666666666667}}}