{"ALL STATS": {"Gets": {"Latency": 49.59016393442623, "Ops/sec": 484.655737704918}}, "configuration": {"ratio": "0:1"}}