{"configuration": {"ratio": "0:1"}, "ALL STATS": {"Gets": {"Ops/sec": 510.4590163934426, "Latency": 78.32245901639345}}}