{"configuration": {"ratio": "1:0"}, "ALL STATS": {"Sets": {"Latency": 10.979836065573767, "Ops/sec": 2186.6721311475408}}}