{"ALL STATS": {"Gets": {"Latency": 1.9661666666666668, "Ops/sec": 504.8666666666667}}, "configuration": {"ratio": "0:1"}}