{"ALL STATS": {"Sets": {"Latency": 2.7904999999999998, "Ops/sec": 1435.8833333333334}}, "configuration": {"ratio": "1:0"}}