{"configuration": {"ratio": "1:0"}, "ALL STATS": {"Sets": {"Ops/sec": 2014.7377049180327, "Latency": 7.942131147540984}}}