{"ALL STATS": {"Gets": {"Ops/sec": 494.6333333333333, "Latency": 8.062999999999999}}, "configuration": {"ratio": "0:1"}}