{"configuration": {"ratio": "0:1"}, "ALL STATS": {"Gets": {"Ops/sec": 502.21666666666664, "Latency": 31.815999999999995}}}