{"configuration": {"ratio": "0:1"}, "ALL STATS": {"Gets": {"Latency": 81.0449180327869, "Ops/sec": 492.655737704918}}}