{"ALL STATS": {"Gets": {"Ops/sec": 467.57377049180326, "Latency": 88.6972131147541}}, "configuration": {"ratio": "0:1"}}