{"ALL STATS": {"Sets": {"Latency": 7.626065573770492, "Ops/sec": 2097.5737704918033}}, "configuration": {"ratio": "1:0"}}