{"configuration": {"ratio": "0:1"}, "ALL STATS": {"Gets": {"Ops/sec": 509.1666666666667, "Latency": 1.9513333333333334}}}