{"configuration": {"ratio": "1:0"}, "ALL STATS": {"Sets": {"Latency": 10.615245901639344, "Ops/sec": 2261.6393442622953}}}