{"ALL STATS": {"Sets": {"Latency": 1.8181666666666667, "Ops/sec": 548.6166666666667}}, "configuration": {"ratio": "1:0"}}