{"configuration": {"ratio": "1:0"}, "ALL STATS": {"Sets": {"Latency": 10.265500000000001, "Ops/sec": 2339.483333333333}}}