{"configuration": {"ratio": "0:1"}, "ALL STATS": {"Gets": {"Latency": 81.65409836065574, "Ops/sec": 489.327868852459}}}