{"ALL STATS": {"Sets": {"Ops/sec": 2333.0819672131147, "Latency": 10.288688524590164}}, "configuration": {"ratio": "1:0"}}