{"configuration": {"ratio": "0:1"}, "ALL STATS": {"Gets": {"Latency": 65.08868852459017, "Ops/sec": 490.75409836065575}}}