{"ALL STATS": {"Gets": {"Ops/sec": 489.72131147540983, "Latency": 65.3690163934426}}, "configuration": {"ratio": "0:1"}}