{"ALL STATS": {"Gets": {"Latency": 15.827213114754096, "Ops/sec": 505.57377049180326}}, "configuration": {"ratio": "0:1"}}