{"configuration": {"ratio": "0:1"}, "ALL STATS": {"Gets": {"Ops/sec": 502.96666666666664, "Latency": 7.933333333333334}}}