{"ALL STATS": {"Sets": {"Latency": 18.54262295081967, "Ops/sec": 1725.7868852459017}}, "configuration": {"ratio": "1:0"}}