{"configuration": {"ratio": "1:0"}, "ALL STATS": {"Sets": {"Latency": 4.633166666666666, "Ops/sec": 1726.1333333333334}}}