{"configuration": {"ratio": "0:1"}, "ALL STATS": {"Gets": {"Ops/sec": 495.2295081967213, "Latency": 48.38557377049181}}}