{"ALL STATS": {"Gets": {"Latency": 64.94081967213114, "Ops/sec": 492.21311475409834}}, "configuration": {"ratio": "0:1"}}