{"configuration": {"ratio": "0:1"}, "ALL STATS": {"Gets": {"Ops/sec": 511.21666666666664, "Latency": 1.9426666666666668}}}