{"ALL STATS": {"Gets": {"Latency": 68.46622950819672, "Ops/sec": 433.44262295081967}}, "configuration": {"ratio": "0:1"}}