{"configuration": {"ratio": "1:0"}, "ALL STATS": {"Sets": {"Ops/sec": 2292.901639344262, "Latency": 13.961147540983607}}}