{"configuration": {"ratio": "0:1"}, "ALL STATS": {"Gets": {"Latency": 67.7811475409836, "Ops/sec": 471.5245901639344}}}