{"configuration": {"ratio": "0:1"}, "ALL STATS": {"Gets": {"Latency": 8.33967213114754, "Ops/sec": 478.27868852459017}}}