{"ALL STATS": {"Sets": {"Latency": 13.130833333333333, "Ops/sec": 2438.866666666667}}, "configuration": {"ratio": "1:0"}}