{"configuration": {"ratio": "1:0"}, "ALL STATS": {"Sets": {"Latency": 2.582666666666667, "Ops/sec": 1548.0833333333333}}}