{"ALL STATS": {"Gets": {"Latency": 81.00639344262295, "Ops/sec": 492.9672131147541}}, "configuration": {"ratio": "0:1"}}