{"ALL STATS": {"Gets": {"Latency": 78.54262295081968, "Ops/sec": 509.3606557377049}}, "configuration": {"ratio": "0:1"}}