{"configuration": {"ratio": "1:0"}, "ALL STATS": {"Sets": {"Latency": 1.8933333333333333, "Ops/sec": 526.5166666666667}}}