{"ALL STATS": {"Gets": {"Latency": 79.2167213114754, "Ops/sec": 506.1639344262295}}, "configuration": {"ratio": "0:1"}}