{"ALL STATS": {"Gets": {"Ops/sec": 499.8032786885246, "Latency": 7.982622950819672}}, "configuration": {"ratio": "0:1"}}