{"configuration": {"ratio": "1:0"}, "ALL STATS": {"Sets": {"Latency": 12.544426229508197, "Ops/sec": 2570.27868852459}}}