{"configuration": {"ratio": "0:1"}, "ALL STATS": {"Gets": {"Ops/sec": 446.1639344262295, "Latency": 36.50770491803279}}}