{"configuration": {"ratio": "1:0"}, "ALL STATS": {"Sets": {"Latency": 9.715901639344263, "Ops/sec": 1647.344262295082}}}