{"ALL STATS": {"Gets": {"Latency": 33.50836065573771, "Ops/sec": 476.8524590163934}}, "configuration": {"ratio": "0:1"}}