{"configuration": {"ratio": "1:0"}, "ALL STATS": {"Sets": {"Ops/sec": 1713.2666666666667, "Latency": 4.665000000000001}}}