{"configuration": {"ratio": "0:1"}, "ALL STATS": {"Gets": {"Latency": 67.03311475409835, "Ops/sec": 476.5409836065574}}}