{"configuration": {"ratio": "1:0"}, "ALL STATS": {"Sets": {"Latency": 13.172622950819672, "Ops/sec": 2447.3934426229507}}}