{"configuration": {"ratio": "0:1"}, "ALL STATS": {"Gets": {"Latency": 17.057540983606557, "Ops/sec": 473.672131147541}}}