{"configuration": {"ratio": "1:0"}, "ALL STATS": {"Sets": {"Latency": 10.544833333333333, "Ops/sec": 1519.1666666666667}}}