{"ALL STATS": {"Sets": {"Latency": 16.141311475409836, "Ops/sec": 1486.7377049180327}}, "configuration": {"ratio": "1:0"}}