{"configuration": {"ratio": "0:1"}, "ALL STATS": {"Gets": {"Latency": 46.77950819672131, "Ops/sec": 512.655737704918}}}