{"configuration": {"ratio": "0:1"}, "ALL STATS": {"Gets": {"Ops/sec": 490.1803278688525, "Latency": 65.1704918032787}}}