{"ALL STATS": {"Gets": {"Latency": 51.3549180327869, "Ops/sec": 470.42622950819674}}, "configuration": {"ratio": "0:1"}}