{"configuration": {"ratio": "1:0"}, "ALL STATS": {"Sets": {"Latency": 3.0931666666666664, "Ops/sec": 1293.1666666666667}}}