{"configuration": {"ratio": "1:0"}, "ALL STATS": {"Sets": {"Latency": 2.6816666666666666, "Ops/sec": 1491.1333333333334}}}