{"configuration": {"ratio": "1:0"}, "ALL STATS": {"Sets": {"Latency": 8.18311475409836, "Ops/sec": 1954.5245901639344}}}