{"configuration": {"ratio": "0:1"}, "ALL STATS": {"Gets": {"Ops/sec": 494.9016393442623, "Latency": 32.34540983606557}}}