{"ALL STATS": {"Gets": {"Ops/sec": 456.51666666666665, "Latency": 2.1763333333333335}}, "configuration": {"ratio": "0:1"}}