{"ALL STATS": {"Sets": {"Latency": 2.0476666666666667, "Ops/sec": 486.73333333333335}}, "configuration": {"ratio": "1:0"}}