{"ALL STATS": {"Sets": {"Ops/sec": 1858.0666666666666, "Latency": 17.252666666666663}}, "configuration": {"ratio": "1:0"}}