{"configuration": {"ratio": "1:0"}, "ALL STATS": {"Sets": {"Ops/sec": 1483.4166666666667, "Latency": 5.396333333333333}}}