{"configuration": {"ratio": "0:1"}, "ALL STATS": {"Gets": {"Latency": 66.79999999999998, "Ops/sec": 479.344262295082}}}