{"configuration": {"ratio": "0:1"}, "ALL STATS": {"Gets": {"Latency": 46.22852459016394, "Ops/sec": 518.7868852459017}}}