{"ALL STATS": {"Gets": {"Latency": 17.38633333333333, "Ops/sec": 466.93333333333334}}, "configuration": {"ratio": "0:1"}}