{"configuration": {"ratio": "0:1"}, "ALL STATS": {"Gets": {"Latency": 2.3550819672131147, "Ops/sec": 433.8524590163934}}}