{"ALL STATS": {"Sets": {"Ops/sec": 1489.3833333333334, "Latency": 16.207666666666665}}, "configuration": {"ratio": "1:0"}}