{"ALL STATS": {"Sets": {"Ops/sec": 1532.9016393442623, "Latency": 26.11295081967213}}, "configuration": {"ratio": "1:0"}}