{"ALL STATS": {"Sets": {"Ops/sec": 1842.8032786885246, "Latency": 21.706885245901642}}, "configuration": {"ratio": "1:0"}}