{"ALL STATS": {"Gets": {"Ops/sec": 468.21311475409834, "Latency": 85.4483606557377}}, "configuration": {"ratio": "0:1"}}