{"configuration": {"ratio": "0:1"}, "ALL STATS": {"Gets": {"Latency": 8.092666666666666, "Ops/sec": 492.78333333333336}}}