{"configuration": {"ratio": "0:1"}, "ALL STATS": {"Gets": {"Ops/sec": 482.5081967213115, "Latency": 86.21655737704918}}}