{"ALL STATS": {"Gets": {"Latency": 32.682459016393445, "Ops/sec": 490.2295081967213}}, "configuration": {"ratio": "0:1"}}