{"ALL STATS": {"Gets": {"Latency": 2.196833333333333, "Ops/sec": 452.3666666666667}}, "configuration": {"ratio": "0:1"}}