{"ALL STATS": {"Gets": {"Latency": 51.612295081967225, "Ops/sec": 465.9836065573771}}, "configuration": {"ratio": "0:1"}}