{"configuration": {"ratio": "1:0"}, "ALL STATS": {"Sets": {"Latency": 2.7918333333333334, "Ops/sec": 1432.0166666666667}}}