{"configuration": {"ratio": "1:0"}, "ALL STATS": {"Sets": {"Latency": 7.7603278688524595, "Ops/sec": 2061.5409836065573}}}