{"ALL STATS": {"Gets": {"Latency": 8.370500000000002, "Ops/sec": 478.71666666666664}}, "configuration": {"ratio": "0:1"}}