{"configuration": {"ratio": "1:0"}, "ALL STATS": {"Sets": {"Latency": 11.25344262295082, "Ops/sec": 2133.409836065574}}}