{"configuration": {"ratio": "0:1"}, "ALL STATS": {"Gets": {"Ops/sec": 502.5081967213115, "Latency": 79.63065573770493}}}