{"ALL STATS": {"Gets": {"Ops/sec": 473.75409836065575, "Latency": 16.848852459016392}}, "configuration": {"ratio": "0:1"}}