{"ALL STATS": {"Sets": {"Latency": 2.8666666666666667, "Ops/sec": 1455.4333333333334}}, "configuration": {"ratio": "1:0"}}