{"configuration": {"ratio": "0:1"}, "ALL STATS": {"Gets": {"Ops/sec": 473.26229508196724, "Latency": 67.71344262295081}}}