{"configuration": {"ratio": "0:1"}, "ALL STATS": {"Gets": {"Latency": 82.21311475409837, "Ops/sec": 486.0983606557377}}}