{"ALL STATS": {"Gets": {"Ops/sec": 488.60655737704917, "Latency": 65.59213114754098}}, "configuration": {"ratio": "0:1"}}