{"configuration": {"ratio": "0:1"}, "ALL STATS": {"Gets": {"Ops/sec": 489.672131147541, "Latency": 49.03311475409837}}}