{"ALL STATS": {"Gets": {"Ops/sec": 491.11475409836066, "Latency": 65.0267213114754}}, "configuration": {"ratio": "0:1"}}