{"ALL STATS": {"Gets": {"Latency": 64.32573770491804, "Ops/sec": 496.5245901639344}}, "configuration": {"ratio": "0:1"}}