{"ALL STATS": {"Sets": {"Ops/sec": 2144.633333333333, "Latency": 11.217833333333333}}, "configuration": {"ratio": "1:0"}}