{"configuration": {"ratio": "0:1"}, "ALL STATS": {"Gets": {"Latency": 16.39032786885246, "Ops/sec": 486.95081967213116}}}