{"configuration": {"ratio": "1:0"}, "ALL STATS": {"Sets": {"Ops/sec": 1655.6166666666666, "Latency": 4.831833333333333}}}