{"configuration": {"ratio": "1:0"}, "ALL STATS": {"Sets": {"Ops/sec": 1659.5245901639344, "Latency": 19.283278688524593}}}