{"ALL STATS": {"Sets": {"Ops/sec": 1544.4833333333333, "Latency": 2.5955000000000004}}, "configuration": {"ratio": "1:0"}}