{"ALL STATS": {"Sets": {"Latency": 2.0373333333333337, "Ops/sec": 497.71666666666664}}, "configuration": {"ratio": "1:0"}}