{"ALL STATS": {"Sets": {"Ops/sec": 1389.7333333333333, "Latency": 11.812499999999998}}, "configuration": {"ratio": "1:0"}}