{"ALL STATS": {"Gets": {"Latency": 35.13196721311476, "Ops/sec": 468.11475409836066}}, "configuration": {"ratio": "0:1"}}