{"configuration": {"ratio": "0:1"}, "ALL STATS": {"Gets": {"Ops/sec": 474.6885245901639, "Latency": 2.2750819672131146}}}