{"configuration": {"ratio": "1:0"}, "ALL STATS": {"Sets": {"Ops/sec": 561.4166666666666, "Latency": 1.7778333333333332}}}