{"ALL STATS": {"Sets": {"Latency": 1.7703333333333335, "Ops/sec": 562.7666666666667}}, "configuration": {"ratio": "1:0"}}