{"configuration": {"ratio": "0:1"}, "ALL STATS": {"Gets": {"Ops/sec": 488.0163934426229, "Latency": 65.45229508196722}}}