{"ALL STATS": {"Gets": {"Ops/sec": 510.46666666666664, "Latency": 15.867333333333333}}, "configuration": {"ratio": "0:1"}}