{"ALL STATS": {"Gets": {"Latency": 16.969016393442622, "Ops/sec": 477.73770491803276}}, "configuration": {"ratio": "0:1"}}