{"ALL STATS": {"Sets": {"Ops/sec": 1227.2166666666667, "Latency": 3.2568333333333337}}, "configuration": {"ratio": "1:0"}}