{"ALL STATS": {"Gets": {"Ops/sec": 491.0833333333333, "Latency": 2.022333333333333}}, "configuration": {"ratio": "0:1"}}