{"ALL STATS": {"Sets": {"Latency": 1.950333333333333, "Ops/sec": 511.1166666666667}}, "configuration": {"ratio": "1:0"}}