{"configuration": {"ratio": "1:0"}, "ALL STATS": {"Sets": {"Ops/sec": 2012.4406779661017, "Latency": 7.9472881355932214}}}