{"configuration": {"ratio": "0:1"}, "ALL STATS": {"Gets": {"Latency": 82.51754098360655, "Ops/sec": 485.3114754098361}}}