{"configuration": {"ratio": "0:1"}, "ALL STATS": {"Gets": {"Latency": 49.60852459016394, "Ops/sec": 484.04918032786884}}}