{"ALL STATS": {"Gets": {"Ops/sec": 486.37704918032784, "Latency": 84.49065573770491}}, "configuration": {"ratio": "0:1"}}