{"configuration": {"ratio": "0:1"}, "ALL STATS": {"Gets": {"Latency": 2.0406666666666666, "Ops/sec": 486.8666666666667}}}