{"ALL STATS": {"Gets": {"Latency": 65.15852459016394, "Ops/sec": 490.44262295081967}}, "configuration": {"ratio": "0:1"}}