{"ALL STATS": {"Sets": {"Ops/sec": 1533.7333333333333, "Latency": 2.614499999999999}}, "configuration": {"ratio": "1:0"}}