{"ALL STATS": {"Sets": {"Ops/sec": 2023.5666666666666, "Latency": 7.904333333333333}}, "configuration": {"ratio": "1:0"}}