{"ALL STATS": {"Gets": {"Ops/sec": 496.42622950819674, "Latency": 64.3495081967213}}, "configuration": {"ratio": "0:1"}}