{"configuration": {"ratio": "0:1"}, "ALL STATS": {"Gets": {"Ops/sec": 497.6333333333333, "Latency": 8.019333333333332}}}