{"configuration": {"ratio": "0:1"}, "ALL STATS": {"Gets": {"Ops/sec": 485.3606557377049, "Latency": 8.218360655737705}}}