{"ALL STATS": {"Sets": {"Ops/sec": 2135.4754098360654, "Latency": 11.247049180327867}}, "configuration": {"ratio": "1:0"}}