{"ALL STATS": {"Gets": {"Ops/sec": 489.9016393442623, "Latency": 86.32508196721311}}, "configuration": {"ratio": "0:1"}}