{"configuration": {"ratio": "0:1"}, "ALL STATS": {"Gets": {"Latency": 33.365409836065574, "Ops/sec": 478.8032786885246}}}