{"configuration": {"ratio": "1:0"}, "ALL STATS": {"Sets": {"Ops/sec": 1516.5333333333333, "Latency": 2.636833333333333}}}