{"configuration": {"ratio": "1:0"}, "ALL STATS": {"Sets": {"Latency": 15.647049180327867, "Ops/sec": 1533.950819672131}}}