{"configuration": {"ratio": "0:1"}, "ALL STATS": {"Gets": {"Latency": 52.677213114754096, "Ops/sec": 466.11475409836066}}}