{"ALL STATS": {"Gets": {"Ops/sec": 488.7049180327869, "Latency": 65.40786885245903}}, "configuration": {"ratio": "0:1"}}