{"configuration": {"ratio": "0:1"}, "ALL STATS": {"Gets": {"Ops/sec": 486.73770491803276, "Latency": 32.81508196721311}}}