{"ALL STATS": {"Gets": {"Ops/sec": 492.8196721311475, "Latency": 64.86803278688524}}, "configuration": {"ratio": "0:1"}}