{"ALL STATS": {"Gets": {"Latency": 32.407999999999994, "Ops/sec": 493.0833333333333}}, "configuration": {"ratio": "0:1"}}