{"configuration": {"ratio": "0:1"}, "ALL STATS": {"Gets": {"Ops/sec": 496.1666666666667, "Latency": 16.08716666666667}}}