{"configuration": {"ratio": "0:1"}, "ALL STATS": {"Gets": {"Latency": 8.049833333333334, "Ops/sec": 495.51666666666665}}}