{"configuration": {"ratio": "0:1"}, "ALL STATS": {"Gets": {"Ops/sec": 488.5409836065574, "Latency": 81.89163934426229}}}