{"ALL STATS": {"Gets": {"Ops/sec": 491.81666666666666, "Latency": 48.81883333333334}}, "configuration": {"ratio": "0:1"}}