{"configuration": {"ratio": "1:0"}, "ALL STATS": {"Sets": {"Ops/sec": 2017.8524590163934, "Latency": 7.927704918032787}}}