{"configuration": {"ratio": "1:0"}, "ALL STATS": {"Sets": {"Latency": 18.99360655737705, "Ops/sec": 1685.6065573770493}}}