{"configuration": {"ratio": "1:0"}, "ALL STATS": {"Sets": {"Ops/sec": 1403.2333333333333, "Latency": 2.8548333333333336}}}