{"ALL STATS": {"Sets": {"Ops/sec": 1674.8333333333333, "Latency": 14.333833333333333}}, "configuration": {"ratio": "1:0"}}