{"ALL STATS": {"Gets": {"Ops/sec": 499.8360655737705, "Latency": 16.32672131147541}}, "configuration": {"ratio": "0:1"}}