{"ALL STATS": {"Sets": {"Latency": 17.03770491803279, "Ops/sec": 2349.0491803278687}}, "configuration": {"ratio": "1:0"}}