{"configuration": {"ratio": "1:0"}, "ALL STATS": {"Sets": {"Ops/sec": 1992.377049180328, "Latency": 16.218688524590167}}}