{"configuration": {"ratio": "1:0"}, "ALL STATS": {"Sets": {"Ops/sec": 1714.4166666666667, "Latency": 4.666166666666666}}}