{"configuration": {"ratio": "1:0"}, "ALL STATS": {"Sets": {"Latency": 7.701166666666666, "Ops/sec": 2076.8333333333335}}}