{"ALL STATS": {"Sets": {"Ops/sec": 1510.6333333333334, "Latency": 2.6451666666666664}}, "configuration": {"ratio": "1:0"}}