{"configuration": {"ratio": "0:1"}, "ALL STATS": {"Gets": {"Ops/sec": 508.27868852459017, "Latency": 31.49918032786885}}}