{"ALL STATS": {"Gets": {"Latency": 33.49491803278689, "Ops/sec": 477.4590163934426}}, "configuration": {"ratio": "0:1"}}