{"configuration": {"ratio": "0:1"}, "ALL STATS": {"Gets": {"Latency": 66.09540983606557, "Ops/sec": 483.39344262295083}}}