{"configuration": {"ratio": "1:0"}, "ALL STATS": {"Sets": {"Ops/sec": 1345.4333333333334, "Latency": 2.9721666666666664}}}