{"ALL STATS": {"Gets": {"Latency": 8.063166666666667, "Ops/sec": 494.81666666666666}}, "configuration": {"ratio": "0:1"}}