{"ALL STATS": {"Gets": {"Ops/sec": 487.78688524590166, "Latency": 65.57426229508197}}, "configuration": {"ratio": "0:1"}}