requestType,queueLength,netthreadTime,queueTime,workerPreTime,memcachedRTT,workerPostTime, totalRequests
SET,32.85021783540644,49360.907298016275,5681035.323840783,67282.32964894216,8586111.223987577,165366.4054471811,424403
