requestType,queueLength,netthreadTime,queueTime,workerPreTime,memcachedRTT,workerPostTime, totalRequests
SET,1.750685783459014,34235.97066956898,120779.35658148515,15709.253045767022,1661782.7006245165,42350.7449996113,270129
