requestType,queueLength,netthreadTime,queueTime,workerPreTime,memcachedRTT,workerPostTime, totalRequests
GET,5.898040651057453,22743.950610223386,475200.51810081553,23417.743648987154,14787250.123051232,22690.983094467385,87427
