requestType,queueLength,netthreadTime,queueTime,workerPreTime,memcachedRTT,workerPostTime, totalRequests
GET,1.2794778230055124,18147.187142999745,89364.23907232618,17225.127804704916,1041700.742083606,19377.3423098679,90161
