requestType,queueLength,netthreadTime,queueTime,workerPreTime,memcachedRTT,workerPostTime, totalRequests
SET,10.583395611572307,36690.57299682886,2374848.406165209,18107.36961293233,1519728.354992695,53851.284160455674,297054
