requestType,queueLength,netthreadTime,queueTime,workerPreTime,memcachedRTT,workerPostTime, totalRequests
GET,5.8829006266786035,13902.117927484333,435013.3351387645,17468.75067144136,14488665.713596687,20164.73711951656,89360
