requestType,queueLength,netthreadTime,queueTime,workerPreTime,memcachedRTT,workerPostTime, totalRequests
GET,58.33205583841175,18373.57500640604,41146630.52284451,18271.365211288005,5304735.872948674,17293.305785492263,89759
