requestType,queueLength,netthreadTime,queueTime,workerPreTime,memcachedRTT,workerPostTime, totalRequests
SET,34.16610833795526,24115.803575522277,7806754.419730079,12413.539571085228,1707036.0025180255,42733.32817156591,270450
