requestType,queueLength,netthreadTime,queueTime,workerPreTime,memcachedRTT,workerPostTime, totalRequests
SET,35.86247020559606,42782.05172895605,5960469.954844012,61977.287949557925,8656584.873608323,150325.40483990277,425835
