requestType,queueLength,netthreadTime,queueTime,workerPreTime,memcachedRTT,workerPostTime, totalRequests
SET,1.130232351897836,23377.939229336644,84382.63248270663,12305.226942178077,996375.5027492018,27904.009422667612,90208
