requestType,queueLength,netthreadTime,queueTime,workerPreTime,memcachedRTT,workerPostTime, totalRequests
GET,52.68245541176074,16760.0831266205,42012348.782833666,52333.695004096844,21499697.07308094,22148.083362329253,89093
