{"configuration": {"ratio": "1:0"}, "ALL STATS": {"Sets": {"Latency": 16.32138888888889, "Ops/sec": 1960.5416666666667}}}