{"configuration": {"ratio": "0:1"}, "ALL STATS": {"Gets": {"Ops/sec": 1417.4285714285713, "Latency": 22.92642857142857}}}