{"ALL STATS": {"Gets": {"Latency": 21.788028169014087, "Ops/sec": 1469.5774647887324}}, "configuration": {"ratio": "0:1"}}