{"ALL STATS": {"Sets": {"Latency": 22.152361111111112, "Ops/sec": 1447.2083333333333}}, "configuration": {"ratio": "1:0"}}