{"ALL STATS": {"Gets": {"Ops/sec": 1424.1549295774648, "Latency": 22.468873239436615}}, "configuration": {"ratio": "0:1"}}