{"configuration": {"ratio": "0:1"}, "ALL STATS": {"Gets": {"Ops/sec": 1500.2394366197184, "Latency": 21.33507042253521}}}