{"configuration": {"ratio": "1:0"}, "ALL STATS": {"Sets": {"Ops/sec": 1895.056338028169, "Latency": 16.88661971830986}}}