{"ALL STATS": {"Gets": {"Latency": 22.263802816901407, "Ops/sec": 1437.9154929577464}}, "configuration": {"ratio": "0:1"}}