{"ALL STATS": {"Gets": {"Latency": 21.421126760563382, "Ops/sec": 1498.1408450704225}}, "configuration": {"ratio": "0:1"}}