{"configuration": {"ratio": "0:1"}, "ALL STATS": {"Gets": {"Ops/sec": 1501.887323943662, "Latency": 21.314084507042253}}}