{"ALL STATS": {"Gets": {"Latency": 21.432361111111113, "Ops/sec": 1494.3333333333333}}, "configuration": {"ratio": "0:1"}}