{"configuration": {"ratio": "0:1"}, "ALL STATS": {"Gets": {"Ops/sec": 1471.3661971830986, "Latency": 21.75521126760563}}}