{"ALL STATS": {"Sets": {"Ops/sec": 1417.1267605633802, "Latency": 22.605492957746478}}, "configuration": {"ratio": "1:0"}}