{"ALL STATS": {"Sets": {"Latency": 23.31180555555556, "Ops/sec": 1373.9305555555557}}, "configuration": {"ratio": "1:0"}}