{"ALL STATS": {"Sets": {"Latency": 22.59861111111111, "Ops/sec": 1417.6805555555557}}, "configuration": {"ratio": "1:0"}}