{"configuration": {"ratio": "0:1"}, "ALL STATS": {"Gets": {"Latency": 21.535070422535206, "Ops/sec": 1486.4507042253522}}}