{"ALL STATS": {"Sets": {"Latency": 25.342957746478874, "Ops/sec": 1303.8309859154929}}, "configuration": {"ratio": "1:0"}}