{"ALL STATS": {"Sets": {"Latency": 22.608888888888885, "Ops/sec": 1422.3472222222222}}, "configuration": {"ratio": "1:0"}}