{"configuration": {"ratio": "0:1"}, "ALL STATS": {"Gets": {"Latency": 22.563888888888886, "Ops/sec": 1418.2916666666667}}}