{"ALL STATS": {"Gets": {"Latency": 21.771549295774644, "Ops/sec": 1470.394366197183}}, "configuration": {"ratio": "0:1"}}