{"ALL STATS": {"Sets": {"Latency": 16.587605633802816, "Ops/sec": 1929.112676056338}}, "configuration": {"ratio": "1:0"}}