{"ALL STATS": {"Sets": {"Latency": 16.25845070422535, "Ops/sec": 1968.4366197183099}}, "configuration": {"ratio": "1:0"}}