{"ALL STATS": {"Gets": {"Latency": 21.301267605633807, "Ops/sec": 1503.1971830985915}}, "configuration": {"ratio": "0:1"}}