{"configuration": {"ratio": "1:0"}, "ALL STATS": {"Sets": {"Latency": 22.64352112676056, "Ops/sec": 1420.8591549295775}}}