{"configuration": {"ratio": "1:0"}, "ALL STATS": {"Sets": {"Latency": 16.537000000000003, "Ops/sec": 1398.2142857142858}}}