{"configuration": {"ratio": "0:1"}, "ALL STATS": {"Gets": {"Latency": 22.35638888888889, "Ops/sec": 1431.3194444444443}}}