{"configuration": {"ratio": "1:0"}, "ALL STATS": {"Sets": {"Ops/sec": 1885.9014084507041, "Latency": 16.9643661971831}}}