{"configuration": {"ratio": "0:1"}, "ALL STATS": {"Gets": {"Ops/sec": 1443.5070422535211, "Latency": 22.168591549295776}}}