{"configuration": {"ratio": "1:0"}, "ALL STATS": {"Sets": {"Latency": 16.305070422535216, "Ops/sec": 1962.394366197183}}}