{"configuration": {"ratio": "0:1"}, "ALL STATS": {"Gets": {"Latency": 21.504084507042254, "Ops/sec": 1488.887323943662}}}