{"ALL STATS": {"Gets": {"Ops/sec": 1496.8450704225352, "Latency": 21.439859154929575}}, "configuration": {"ratio": "0:1"}}