{"ALL STATS": {"Gets": {"Latency": 17.193571428571428, "Ops/sec": 2060.1857142857143}}, "configuration": {"ratio": "0:1"}}