{"configuration": {"ratio": "0:1"}, "ALL STATS": {"Gets": {"Latency": 17.471944444444446, "Ops/sec": 2045.7222222222222}}}