{"configuration": {"ratio": "1:0"}, "ALL STATS": {"Sets": {"Ops/sec": 1952.4647887323943, "Latency": 16.391830985915497}}}