{"configuration": {"ratio": "0:1"}, "ALL STATS": {"Gets": {"Ops/sec": 1498.638888888889, "Latency": 21.360277777777778}}}