{"configuration": {"ratio": "0:1"}, "ALL STATS": {"Gets": {"Ops/sec": 1484.661971830986, "Latency": 21.56901408450704}}}