{"ALL STATS": {"Sets": {"Ops/sec": 1486.6760563380283, "Latency": 21.54943661971831}}, "configuration": {"ratio": "1:0"}}