{"ALL STATS": {"Sets": {"Ops/sec": 1959.1830985915492, "Latency": 16.336901408450704}}, "configuration": {"ratio": "1:0"}}