{"configuration": {"ratio": "1:0"}, "ALL STATS": {"Sets": {"Ops/sec": 1872.2112676056338, "Latency": 17.09408450704225}}}