{"configuration": {"ratio": "0:1"}, "ALL STATS": {"Gets": {"Ops/sec": 1420.9014084507041, "Latency": 22.531830985915494}}}