{"ALL STATS": {"Sets": {"Latency": 16.875633802816903, "Ops/sec": 1896.2535211267605}}, "configuration": {"ratio": "1:0"}}