{"configuration": {"ratio": "0:1"}, "ALL STATS": {"Gets": {"Ops/sec": 1473.0555555555557, "Latency": 21.728472222222223}}}