{"configuration": {"ratio": "0:1"}, "ALL STATS": {"Gets": {"Latency": 22.713333333333335, "Ops/sec": 1427.388888888889}}}