{"configuration": {"ratio": "1:0"}, "ALL STATS": {"Sets": {"Latency": 16.80638888888889, "Ops/sec": 1904.138888888889}}}