{"configuration": {"ratio": "0:1"}, "ALL STATS": {"Gets": {"Ops/sec": 1528.9014084507041, "Latency": 20.995211267605637}}}