{"configuration": {"ratio": "0:1"}, "ALL STATS": {"Gets": {"Ops/sec": 1485.9577464788733, "Latency": 21.552535211267603}}}