{"ALL STATS": {"Sets": {"Latency": 21.852816901408445, "Ops/sec": 1375.281690140845}}, "configuration": {"ratio": "1:0"}}