{"configuration": {"ratio": "1:0"}, "ALL STATS": {"Sets": {"Ops/sec": 1286.9295774647887, "Latency": 21.793521126760563}}}