{"ALL STATS": {"Gets": {"Ops/sec": 1490.2535211267605, "Latency": 21.48901408450704}}, "configuration": {"ratio": "0:1"}}