{"configuration": {"ratio": "0:1"}, "ALL STATS": {"Gets": {"Latency": 23.95114285714285, "Ops/sec": 1386.8714285714286}}}