{"configuration": {"ratio": "1:0"}, "ALL STATS": {"Sets": {"Latency": 21.86943661971831, "Ops/sec": 1190.056338028169}}}