{"ALL STATS": {"Sets": {"Latency": 16.47225352112676, "Ops/sec": 1403.5633802816901}}, "configuration": {"ratio": "1:0"}}