{"configuration": {"ratio": "1:0"}, "ALL STATS": {"Sets": {"Latency": 16.46577464788732, "Ops/sec": 1943.943661971831}}}