{"configuration": {"ratio": "0:1"}, "ALL STATS": {"Gets": {"Ops/sec": 1479.380281690141, "Latency": 21.63014084507042}}}