{"ALL STATS": {"Sets": {"Latency": 23.60527777777778, "Ops/sec": 1356.763888888889}}, "configuration": {"ratio": "1:0"}}