{"configuration": {"ratio": "1:0"}, "ALL STATS": {"Sets": {"Latency": 16.167605633802815, "Ops/sec": 1979.5352112676057}}}