{"ALL STATS": {"Sets": {"Ops/sec": 1963.7285714285715, "Latency": 16.296428571428574}}, "configuration": {"ratio": "1:0"}}