{"configuration": {"ratio": "1:0"}, "ALL STATS": {"Sets": {"Ops/sec": 1897.1857142857143, "Latency": 16.865428571428573}}}