{"configuration": {"ratio": "1:0"}, "ALL STATS": {"Sets": {"Ops/sec": 1482.380281690141, "Latency": 21.614225352112676}}}