{"configuration": {"ratio": "0:1"}, "ALL STATS": {"Gets": {"Ops/sec": 1358.4571428571428, "Latency": 24.500999999999998}}}