{"configuration": {"ratio": "0:1"}, "ALL STATS": {"Gets": {"Ops/sec": 1490.1690140845071, "Latency": 21.4730985915493}}}