{"configuration": {"ratio": "1:0"}, "ALL STATS": {"Sets": {"Latency": 23.258999999999997, "Ops/sec": 1376.9142857142858}}}