{"configuration": {"ratio": "1:0"}, "ALL STATS": {"Sets": {"Ops/sec": 1949.7887323943662, "Latency": 16.41056338028169}}}