{"ALL STATS": {"Sets": {"Ops/sec": 1951.4722222222222, "Latency": 16.398333333333333}}, "configuration": {"ratio": "1:0"}}