{"ALL STATS": {"Gets": {"Ops/sec": 1527.3428571428572, "Latency": 21.022714285714283}}, "configuration": {"ratio": "0:1"}}