{"configuration": {"ratio": "0:1"}, "ALL STATS": {"Gets": {"Ops/sec": 1107.873015873016, "Latency": 75.41444444444444}}}