{"configuration": {"ratio": "0:1"}, "ALL STATS": {"Gets": {"Ops/sec": 957.1147540983607, "Latency": 67.12590163934426}}}