{"ALL STATS": {"Gets": {"Ops/sec": 929.2622950819672, "Latency": 71.2739344262295}}, "configuration": {"ratio": "0:1"}}