{"configuration": {"ratio": "0:1"}, "ALL STATS": {"Gets": {"Ops/sec": 960.344262295082, "Latency": 50.32885245901638}}}