{"configuration": {"ratio": "1:0"}, "ALL STATS": {"Sets": {"Ops/sec": 3573.1833333333334, "Latency": 2.2991666666666664}}}