{"ALL STATS": {"Sets": {"Latency": 2.4010000000000002, "Ops/sec": 3327.133333333333}}, "configuration": {"ratio": "1:0"}}