{"configuration": {"ratio": "1:0"}, "ALL STATS": {"Sets": {"Latency": 7.197333333333334, "Ops/sec": 4601.716666666666}}}