{"configuration": {"ratio": "1:0"}, "ALL STATS": {"Sets": {"Latency": 22.913500000000003, "Ops/sec": 4965.883333333333}}}