{"configuration": {"ratio": "1:0"}, "ALL STATS": {"Sets": {"Latency": 19.26516666666667, "Ops/sec": 4933.166666666667}}}