{"ALL STATS": {"Sets": {"Ops/sec": 3498.516666666667, "Latency": 5.777499999999999}}, "configuration": {"ratio": "1:0"}}