{"ALL STATS": {"Gets": {"Latency": 73.24754098360657, "Ops/sec": 911.2950819672132}}, "configuration": {"ratio": "0:1"}}