{"configuration": {"ratio": "0:1"}, "ALL STATS": {"Gets": {"Ops/sec": 944.7213114754098, "Latency": 88.68475409836068}}}