{"ALL STATS": {"Sets": {"Ops/sec": 5117.245901639344, "Latency": 12.572131147540983}}, "configuration": {"ratio": "1:0"}}