{"ALL STATS": {"Sets": {"Latency": 2.2691666666666666, "Ops/sec": 3623.9166666666665}}, "configuration": {"ratio": "1:0"}}