{"ALL STATS": {"Sets": {"Ops/sec": 5063.950819672131, "Latency": 9.480491803278692}}, "configuration": {"ratio": "1:0"}}