{"configuration": {"ratio": "0:1"}, "ALL STATS": {"Gets": {"Latency": 35.03934426229508, "Ops/sec": 949.1311475409836}}}