{"ALL STATS": {"Gets": {"Ops/sec": 899.4166666666666, "Latency": 10.758500000000002}}, "configuration": {"ratio": "0:1"}}