{"configuration": {"ratio": "1:0"}, "ALL STATS": {"Sets": {"Ops/sec": 4771.733333333334, "Latency": 21.80583333333333}}}