{"configuration": {"ratio": "0:1"}, "ALL STATS": {"Gets": {"Latency": 67.41114754098359, "Ops/sec": 956.1639344262295}}}