{"ALL STATS": {"Gets": {"Ops/sec": 915.4754098360655, "Latency": 36.013770491803264}}, "configuration": {"ratio": "0:1"}}