{"configuration": {"ratio": "1:0"}, "ALL STATS": {"Sets": {"Latency": 1.0741666666666667, "Ops/sec": 2051.883333333333}}}