{"configuration": {"ratio": "0:1"}, "ALL STATS": {"Gets": {"Ops/sec": 998.8360655737705, "Latency": 48.2183606557377}}}