{"ALL STATS": {"Sets": {"Ops/sec": 3310.5666666666666, "Latency": 2.4135000000000004}}, "configuration": {"ratio": "1:0"}}