{"ALL STATS": {"Gets": {"Ops/sec": 912.5573770491803, "Latency": 36.35999999999999}}, "configuration": {"ratio": "0:1"}}