{"configuration": {"ratio": "0:1"}, "ALL STATS": {"Gets": {"Latency": 55.63163934426229, "Ops/sec": 908.1311475409836}}}