{"ALL STATS": {"Gets": {"Latency": 30.435081967213115, "Ops/sec": 1091.5901639344263}}, "configuration": {"ratio": "0:1"}}