{"configuration": {"ratio": "1:0"}, "ALL STATS": {"Sets": {"Ops/sec": 3636.633333333333, "Latency": 6.009833333333334}}}