{"ALL STATS": {"Sets": {"Latency": 9.302166666666668, "Ops/sec": 5162.383333333333}}, "configuration": {"ratio": "1:0"}}