{"ALL STATS": {"Sets": {"Latency": 12.729499999999998, "Ops/sec": 5078.483333333334}}, "configuration": {"ratio": "1:0"}}