{"configuration": {"ratio": "1:0"}, "ALL STATS": {"Sets": {"Ops/sec": 4907.983333333334, "Latency": 6.532833333333333}}}