{"ALL STATS": {"Gets": {"Ops/sec": 901.0833333333334, "Latency": 9.363499999999998}}, "configuration": {"ratio": "0:1"}}