{"ALL STATS": {"Gets": {"Ops/sec": 978.3166666666667, "Latency": 16.33583333333333}}, "configuration": {"ratio": "0:1"}}