{"configuration": {"ratio": "1:0"}, "ALL STATS": {"Sets": {"Ops/sec": 4677.7213114754095, "Latency": 20.360327868852462}}}