{"configuration": {"ratio": "1:0"}, "ALL STATS": {"Sets": {"Ops/sec": 5275.316666666667, "Latency": 9.109333333333332}}}