{"ALL STATS": {"Sets": {"Latency": 16.582295081967214, "Ops/sec": 5089.065573770492}}, "configuration": {"ratio": "1:0"}}