{"ALL STATS": {"Gets": {"Ops/sec": 958.8870967741935, "Latency": 83.93080645161291}}, "configuration": {"ratio": "0:1"}}