{"ALL STATS": {"Sets": {"Ops/sec": 4732.483333333334, "Latency": 19.927500000000006}}, "configuration": {"ratio": "1:0"}}