{"ALL STATS": {"Gets": {"Latency": 93.09741935483872, "Ops/sec": 910.8225806451613}}, "configuration": {"ratio": "0:1"}}