{"ALL STATS": {"Sets": {"Latency": 3.5788524590163933, "Ops/sec": 2988.245901639344}}, "configuration": {"ratio": "1:0"}}