{"ALL STATS": {"Gets": {"Latency": 16.072295081967216, "Ops/sec": 994.5737704918033}}, "configuration": {"ratio": "0:1"}}