{"ALL STATS": {"Gets": {"Latency": 2.6494999999999993, "Ops/sec": 940.0833333333334}}, "configuration": {"ratio": "0:1"}}