{"configuration": {"ratio": "0:1"}, "ALL STATS": {"Gets": {"Ops/sec": 891.8548387096774, "Latency": 94.3683870967742}}}