{"configuration": {"ratio": "0:1"}, "ALL STATS": {"Gets": {"Latency": 70.67918032786886, "Ops/sec": 924.2295081967213}}}