{"ALL STATS": {"Gets": {"Latency": 49.77065573770491, "Ops/sec": 970.1803278688525}}, "configuration": {"ratio": "0:1"}}