{"ALL STATS": {"Sets": {"Ops/sec": 2076.8333333333335, "Latency": 2.0173333333333336}}, "configuration": {"ratio": "1:0"}}