{"ALL STATS": {"Gets": {"Latency": 61.101803278688514, "Ops/sec": 1080.4262295081967}}, "configuration": {"ratio": "0:1"}}