{"ALL STATS": {"Gets": {"Latency": 46.05262295081968, "Ops/sec": 1081.5409836065573}}, "configuration": {"ratio": "0:1"}}