{"ALL STATS": {"Gets": {"Ops/sec": 1097.72131147541, "Latency": 45.71819672131147}}, "configuration": {"ratio": "0:1"}}