{"ALL STATS": {"Sets": {"Ops/sec": 3682.883333333333, "Latency": 5.518666666666666}}, "configuration": {"ratio": "1:0"}}