{"configuration": {"ratio": "0:1"}, "ALL STATS": {"Gets": {"Ops/sec": 908.0655737704918, "Latency": 36.96573770491804}}}