{"configuration": {"ratio": "0:1"}, "ALL STATS": {"Gets": {"Ops/sec": 1074.8166666666666, "Latency": 1.8936666666666666}}}