{"configuration": {"ratio": "1:0"}, "ALL STATS": {"Sets": {"Latency": 11.175081967213115, "Ops/sec": 4691.573770491803}}}