{"configuration": {"ratio": "0:1"}, "ALL STATS": {"Gets": {"Latency": 53.40213114754099, "Ops/sec": 932.7540983606557}}}