{"configuration": {"ratio": "0:1"}, "ALL STATS": {"Gets": {"Latency": 16.405081967213114, "Ops/sec": 974.0327868852459}}}