{"ALL STATS": {"Sets": {"Latency": 7.567166666666667, "Ops/sec": 4554.416666666667}}, "configuration": {"ratio": "1:0"}}