{"ALL STATS": {"Gets": {"Ops/sec": 1044.7833333333333, "Latency": 31.355666666666664}}, "configuration": {"ratio": "0:1"}}