{"configuration": {"ratio": "1:0"}, "ALL STATS": {"Sets": {"Latency": 14.95639344262295, "Ops/sec": 5357.688524590164}}}