{"ALL STATS": {"Gets": {"Latency": 79.7511475409836, "Ops/sec": 1010.9344262295082}}, "configuration": {"ratio": "0:1"}}