{"configuration": {"ratio": "0:1"}, "ALL STATS": {"Gets": {"Ops/sec": 922.8688524590164, "Latency": 9.081967213114757}}}