{"configuration": {"ratio": "1:0"}, "ALL STATS": {"Sets": {"Latency": 4.801833333333334, "Ops/sec": 3764.7166666666667}}}