{"ALL STATS": {"Gets": {"Latency": 62.30131147540983, "Ops/sec": 1060.27868852459}}, "configuration": {"ratio": "0:1"}}