{"configuration": {"ratio": "1:0"}, "ALL STATS": {"Sets": {"Latency": 9.017166666666666, "Ops/sec": 5334.483333333334}}}