{"configuration": {"ratio": "0:1"}, "ALL STATS": {"Gets": {"Latency": 55.59918032786885, "Ops/sec": 909.3770491803278}}}