{"configuration": {"ratio": "0:1"}, "ALL STATS": {"Gets": {"Latency": 85.42524590163934, "Ops/sec": 943.7377049180328}}}