{"configuration": {"ratio": "1:0"}, "ALL STATS": {"Sets": {"Ops/sec": 4165.766666666666, "Latency": 3.8796666666666666}}}