{"configuration": {"ratio": "1:0"}, "ALL STATS": {"Sets": {"Latency": 11.242459016393441, "Ops/sec": 4771.868852459016}}}