{"configuration": {"ratio": "1:0"}, "ALL STATS": {"Sets": {"Ops/sec": 4926.573770491803, "Latency": 6.508196721311475}}}