{"configuration": {"ratio": "1:0"}, "ALL STATS": {"Sets": {"Latency": 3.8054098360655737, "Ops/sec": 2925.0163934426228}}}