{"configuration": {"ratio": "1:0"}, "ALL STATS": {"Sets": {"Latency": 12.148524590163936, "Ops/sec": 5278.852459016393}}}