{"ALL STATS": {"Gets": {"Ops/sec": 915.016393442623, "Latency": 57.45934426229508}}, "configuration": {"ratio": "0:1"}}