{"configuration": {"ratio": "1:0"}, "ALL STATS": {"Sets": {"Latency": 13.145245901639344, "Ops/sec": 5007.11475409836}}}