{"configuration": {"ratio": "0:1"}, "ALL STATS": {"Gets": {"Latency": 34.913114754098366, "Ops/sec": 942.655737704918}}}