{"ALL STATS": {"Gets": {"Latency": 16.127868852459017, "Ops/sec": 990.9672131147541}}, "configuration": {"ratio": "0:1"}}