{"configuration": {"ratio": "0:1"}, "ALL STATS": {"Gets": {"Latency": 2.159666666666667, "Ops/sec": 941.2333333333333}}}