{"configuration": {"ratio": "1:0"}, "ALL STATS": {"Sets": {"Latency": 3.9179999999999997, "Ops/sec": 4111.583333333333}}}