{"configuration": {"ratio": "0:1"}, "ALL STATS": {"Gets": {"Ops/sec": 1112.377049180328, "Latency": 30.128360655737705}}}