{"ALL STATS": {"Sets": {"Ops/sec": 4502.131147540984, "Latency": 7.842950819672132}}, "configuration": {"ratio": "1:0"}}