{"ALL STATS": {"Sets": {"Ops/sec": 2279.9166666666665, "Latency": 0.8746666666666666}}, "configuration": {"ratio": "1:0"}}