{"ALL STATS": {"Gets": {"Latency": 83.47016393442625, "Ops/sec": 986.4754098360655}}, "configuration": {"ratio": "0:1"}}