{"configuration": {"ratio": "1:0"}, "ALL STATS": {"Sets": {"Ops/sec": 4926.983333333334, "Latency": 16.603833333333334}}}