{"configuration": {"ratio": "0:1"}, "ALL STATS": {"Gets": {"Latency": 84.56163934426232, "Ops/sec": 976.1475409836065}}}