{"configuration": {"ratio": "0:1"}, "ALL STATS": {"Gets": {"Latency": 63.71901639344263, "Ops/sec": 1009.327868852459}}}