{"configuration": {"ratio": "0:1"}, "ALL STATS": {"Gets": {"Latency": 10.862333333333336, "Ops/sec": 893.7666666666667}}}