{"ALL STATS": {"Sets": {"Ops/sec": 5247.3442622950815, "Latency": 9.149672131147545}}, "configuration": {"ratio": "1:0"}}