{"configuration": {"ratio": "0:1"}, "ALL STATS": {"Gets": {"Latency": 16.115333333333332, "Ops/sec": 991.8833333333333}}}