{"ALL STATS": {"Sets": {"Latency": 10.549836065573771, "Ops/sec": 4911.196721311476}}, "configuration": {"ratio": "1:0"}}