{"configuration": {"ratio": "0:1"}, "ALL STATS": {"Gets": {"Latency": 7.524918032786886, "Ops/sec": 1122.8524590163934}}}