{"configuration": {"ratio": "1:0"}, "ALL STATS": {"Sets": {"Latency": 15.812833333333332, "Ops/sec": 4877.083333333333}}}