{"ALL STATS": {"Gets": {"Ops/sec": 913.5666666666667, "Latency": 2.2283333333333335}}, "configuration": {"ratio": "0:1"}}