{"ALL STATS": {"Sets": {"Ops/sec": 5231.311475409836, "Latency": 15.31622950819672}}, "configuration": {"ratio": "1:0"}}