{"configuration": {"ratio": "1:0"}, "ALL STATS": {"Sets": {"Latency": 10.113278688524591, "Ops/sec": 4401.4098360655735}}}