{"ALL STATS": {"Gets": {"Latency": 65.26571428571428, "Ops/sec": 980.4285714285714}}, "configuration": {"ratio": "0:1"}}