{"configuration": {"ratio": "0:1"}, "ALL STATS": {"Gets": {"Ops/sec": 977.8571428571429, "Latency": 65.40714285714286}}}