{"ALL STATS": {"Sets": {"Latency": 27.608571428571427, "Ops/sec": 2320.5714285714284}}, "configuration": {"ratio": "1:0"}}