{"ALL STATS": {"Sets": {"Ops/sec": 2378.3333333333335, "Latency": 26.502222222222223}}, "configuration": {"ratio": "1:0"}}