{"ALL STATS": {"Sets": {"Latency": 27.65222222222222, "Ops/sec": 2314.777777777778}}, "configuration": {"ratio": "1:0"}}