{"ALL STATS": {"Sets": {"Ops/sec": 2297.8333333333335, "Latency": 27.863333333333333}}, "configuration": {"ratio": "1:0"}}