{"configuration": {"ratio": "0:1"}, "ALL STATS": {"Gets": {"Ops/sec": 981.2222222222222, "Latency": 65.16777777777777}}}