{"configuration": {"ratio": "1:0"}, "ALL STATS": {"Sets": {"Ops/sec": 2409.5714285714284, "Latency": 26.562857142857137}}}