{"ALL STATS": {"Gets": {"Ops/sec": 976.7142857142857, "Latency": 65.43428571428572}}, "configuration": {"ratio": "0:1"}}