{"configuration": {"ratio": "0:1"}, "ALL STATS": {"Gets": {"Ops/sec": 979.4285714285714, "Latency": 65.25857142857141}}}