{"configurations": {"ratio": "0:1"}}{"ALL STATS": {"Gets": {"Ops/sec": 1079.662162162162, "Latency": 59.28472972972971, "Misses/sec": 0.0}}}