{"configurations": {"ratio": "0:1"}}{"ALL STATS": {"Gets": {"Ops/sec": 1059.2957746478874, "Misses/sec": 0.0, "Latency": 60.4418309859155}}}