{"configurations": {"ratio": "1:0"}}{"ALL STATS": {"Sets": {"Ops/sec": 2144.239436619718, "Latency": 22.862112676056338, "Misses/sec": 0.0}}}