{"configurations": {"ratio": "0:1"}}{"ALL STATS": {"Gets": {"Latency": 52.36436619718311, "Misses/sec": 0.0, "Ops/sec": 1222.6338028169014}}}