{"configurations": {"ratio": "0:1"}}{"ALL STATS": {"Gets": {"Misses/sec": 0.0, "Latency": 33.10211267605633, "Ops/sec": 965.7605633802817}}}