{"configurations": {"ratio": "1:0"}}{"ALL STATS": {"Sets": {"Latency": 25.222535211267612, "Misses/sec": 0.0, "Ops/sec": 1706.774647887324}}}