{"configurations": {"ratio": "0:1"}}{"ALL STATS": {"Gets": {"Misses/sec": 0.0, "Latency": 32.0787323943662, "Ops/sec": 996.4366197183099}}}