{"configurations": {"ratio": "1:0"}}{"ALL STATS": {"Sets": {"Latency": 13.492222222222223, "Ops/sec": 2371.9305555555557, "Misses/sec": 0.0}}}