{"configurations": {"ratio": "1:0"}}{"ALL STATS": {"Sets": {"Misses/sec": 0.0, "Latency": 3.6832857142857143, "Ops/sec": 2171.3142857142857}}}