{"configurations": {"ratio": "1:0"}}{"ALL STATS": {"Sets": {"Latency": 2.0479999999999996, "Ops/sec": 976.6571428571428, "Misses/sec": 0.0}}}