{"configurations": {"ratio": "1:0"}}{"ALL STATS": {"Sets": {"Ops/sec": 2356.718309859155, "Latency": 20.385070422535215, "Misses/sec": 0.0}}}