{"configurations": {"ratio": "0:1"}}{"ALL STATS": {"Gets": {"Ops/sec": 1068.5774647887324, "Misses/sec": 0.0, "Latency": 59.893943661971825}}}