{"configurations": {"ratio": "0:1"}}{"ALL STATS": {"Gets": {"Ops/sec": 1027.4027777777778, "Misses/sec": 0.0, "Latency": 31.122222222222224}}}