{"configurations": {"ratio": "1:0"}}{"ALL STATS": {"Sets": {"Ops/sec": 2274.1428571428573, "Misses/sec": 0.0, "Latency": 3.5162857142857145}}}