{"configurations": {"ratio": "0:1"}}{"ALL STATS": {"Gets": {"Misses/sec": 0.0, "Latency": 16.57352112676056, "Ops/sec": 964.112676056338}}}