{"configurations": {"ratio": "1:0"}}{"ALL STATS": {"Sets": {"Misses/sec": 0.0, "Ops/sec": 2305.521126760563, "Latency": 19.958732394366198}}}