{"configurations": {"ratio": "0:1"}}{"ALL STATS": {"Gets": {"Ops/sec": 991.8571428571429, "Latency": 16.11171428571429, "Misses/sec": 0.0}}}