{"configurations": {"ratio": "1:0"}}{"ALL STATS": {"Sets": {"Latency": 13.933333333333334, "Misses/sec": 0.0, "Ops/sec": 2298.2361111111113}}}