{"configurations": {"ratio": "0:1"}}{"ALL STATS": {"Gets": {"Misses/sec": 0.0, "Latency": 52.69108108108109, "Ops/sec": 1214.8648648648648}}}