{"configurations": {"ratio": "0:1"}}{"ALL STATS": {"Gets": {"Ops/sec": 994.9428571428572, "Misses/sec": 0.0, "Latency": 16.057285714285715}}}