{"configurations": {"ratio": "1:0"}}{"ALL STATS": {"Sets": {"Misses/sec": 0.0, "Latency": 4.476428571428572, "Ops/sec": 1786.1571428571428}}}