{"configurations": {"ratio": "1:0"}}{"ALL STATS": {"Sets": {"Latency": 22.50690140845071, "Ops/sec": 2845.521126760563, "Misses/sec": 0.0}}}