{"configurations": {"ratio": "1:0"}}{"ALL STATS": {"Sets": {"Latency": 12.196944444444446, "Ops/sec": 2624.2083333333335, "Misses/sec": 0.0}}}