{"configurations": {"ratio": "0:1"}}{"ALL STATS": {"Gets": {"Misses/sec": 0.0, "Latency": 32.88056338028169, "Ops/sec": 972.056338028169}}}