{"configurations": {"ratio": "0:1"}}{"ALL STATS": {"Gets": {"Ops/sec": 936.0285714285715, "Misses/sec": 0.0, "Latency": 2.128428571428571}}}