{"configurations": {"ratio": "1:0"}}{"ALL STATS": {"Sets": {"Misses/sec": 0.0, "Ops/sec": 2276.214285714286, "Latency": 7.027142857142857}}}