{"configurations": {"ratio": "1:0"}}{"ALL STATS": {"Sets": {"Ops/sec": 2405.3714285714286, "Misses/sec": 0.0, "Latency": 6.656999999999999}}}