{"configurations": {"ratio": "0:1"}}{"ALL STATS": {"Gets": {"Latency": 16.05557142857142, "Misses/sec": 0.0, "Ops/sec": 995.3714285714286}}}