{"configurations": {"ratio": "0:1"}}{"ALL STATS": {"Gets": {"Ops/sec": 1048.2676056338028, "Misses/sec": 0.0, "Latency": 30.49915492957747}}}