{"configurations": {"ratio": "0:1"}}{"ALL STATS": {"Gets": {"Latency": 8.332000000000003, "Ops/sec": 958.2857142857143, "Misses/sec": 0.0}}}