{"configurations": {"ratio": "0:1"}}{"ALL STATS": {"Gets": {"Latency": 8.376285714285713, "Misses/sec": 0.0, "Ops/sec": 953.2857142857143}}}