{"configurations": {"ratio": "1:0"}}{"ALL STATS": {"Sets": {"Latency": 14.216571428571427, "Ops/sec": 2252.1857142857143, "Misses/sec": 0.0}}}