{"configurations": {"ratio": "1:0"}}{"ALL STATS": {"Sets": {"Misses/sec": 0.0, "Ops/sec": 2291.394366197183, "Latency": 13.967042253521127}}}