{"configurations": {"ratio": "1:0"}}{"ALL STATS": {"Sets": {"Misses/sec": 0.0, "Latency": 2.380714285714286, "Ops/sec": 838.7285714285714}}}