{"configurations": {"ratio": "1:0"}}{"ALL STATS": {"Sets": {"Latency": 4.058142857142857, "Misses/sec": 0.0, "Ops/sec": 1972.2285714285715}}}