{"configurations": {"ratio": "0:1"}}{"ALL STATS": {"Gets": {"Misses/sec": 0.0, "Latency": 2.0727142857142855, "Ops/sec": 962.0428571428571}}}