{"configurations": {"ratio": "0:1"}}{"ALL STATS": {"Gets": {"Misses/sec": 0.0, "Ops/sec": 1209.0945945945946, "Latency": 52.98662162162163}}}