{"configurations": {"ratio": "0:1"}}{"ALL STATS": {"Gets": {"Latency": 47.353521126760555, "Ops/sec": 1012.8732394366198, "Misses/sec": 0.0}}}