{"configurations": {"ratio": "0:1"}}{"ALL STATS": {"Gets": {"Latency": 2.136285714285714, "Misses/sec": 0.0, "Ops/sec": 933.7428571428571}}}