{"configurations": {"ratio": "0:1"}}{"ALL STATS": {"Gets": {"Ops/sec": 1074.6891891891892, "Latency": 44.63081081081081, "Misses/sec": 0.0}}}