{"configurations": {"ratio": "0:1"}}{"ALL STATS": {"Gets": {"Ops/sec": 946.2714285714286, "Latency": 8.437285714285714, "Misses/sec": 0.0}}}