{"configurations": {"ratio": "0:1"}}{"ALL STATS": {"Gets": {"Ops/sec": 1211.619718309859, "Latency": 52.845774647887325, "Misses/sec": 0.0}}}