{"configurations": {"ratio": "0:1"}}{"ALL STATS": {"Gets": {"Ops/sec": 940.4428571428572, "Misses/sec": 0.0, "Latency": 2.1207142857142856}}}