{"configurations": {"ratio": "0:1"}}{"ALL STATS": {"Gets": {"Latency": 47.572253521126754, "Ops/sec": 1008.2816901408451, "Misses/sec": 0.0}}}