{"configurations": {"ratio": "0:1"}}{"ALL STATS": {"Gets": {"Latency": 59.73756756756755, "Ops/sec": 1070.945945945946, "Misses/sec": 0.0}}}