{"configurations": {"ratio": "0:1"}}{"ALL STATS": {"Gets": {"Latency": 15.902394366197182, "Misses/sec": 0.0, "Ops/sec": 1004.5774647887324}}}