{"configurations": {"ratio": "1:0"}}{"ALL STATS": {"Sets": {"Latency": 2.285285714285714, "Misses/sec": 0.0, "Ops/sec": 874.1714285714286}}}