{"configurations": {"ratio": "0:1"}}{"ALL STATS": {"Gets": {"Latency": 8.57943661971831, "Misses/sec": 0.0, "Ops/sec": 930.6478873239437}}}