{"configurations": {"ratio": "0:1"}}{"ALL STATS": {"Gets": {"Misses/sec": 0.0, "Ops/sec": 1004.5492957746479, "Latency": 31.815492957746486}}}