{"configurations": {"ratio": "0:1"}}{"ALL STATS": {"Gets": {"Ops/sec": 967.8285714285714, "Latency": 16.508571428571432, "Misses/sec": 0.0}}}