{"configurations": {"ratio": "0:1"}}{"ALL STATS": {"Gets": {"Latency": 32.59056338028169, "Misses/sec": 0.0, "Ops/sec": 980.9718309859155}}}