{"configurations": {"ratio": "0:1"}}{"ALL STATS": {"Gets": {"Latency": 16.301408450704223, "Misses/sec": 0.0, "Ops/sec": 980.0281690140845}}}