{"configurations": {"ratio": "1:0"}}{"ALL STATS": {"Sets": {"Latency": 4.21457142857143, "Ops/sec": 1896.5857142857142, "Misses/sec": 0.0}}}