{"configurations": {"ratio": "0:1"}}{"ALL STATS": {"Gets": {"Ops/sec": 994.5352112676056, "Misses/sec": 0.0, "Latency": 16.0656338028169}}}