{"configurations": {"ratio": "0:1"}}{"ALL STATS": {"Gets": {"Ops/sec": 859.6285714285714, "Latency": 2.3181428571428575, "Misses/sec": 0.0}}}