{"configurations": {"ratio": "0:1"}}{"ALL STATS": {"Gets": {"Ops/sec": 844.0571428571428, "Latency": 2.366142857142857, "Misses/sec": 0.0}}}