{"configurations": {"ratio": "0:1"}}{"ALL STATS": {"Gets": {"Latency": 2.3171428571428567, "Misses/sec": 0.0, "Ops/sec": 860.8571428571429}}}