{"configurations": {"ratio": "1:0"}}{"ALL STATS": {"Sets": {"Misses/sec": 0.0, "Latency": 2.1032857142857138, "Ops/sec": 949.8714285714286}}}