{"configurations": {"ratio": "1:0"}}{"ALL STATS": {"Sets": {"Misses/sec": 0.0, "Latency": 3.577285714285714, "Ops/sec": 2236.157142857143}}}