{"configurations": {"ratio": "1:0"}}{"ALL STATS": {"Sets": {"Ops/sec": 2054.4225352112676, "Latency": 20.93549295774648, "Misses/sec": 0.0}}}