{"configurations": {"ratio": "0:1"}}{"ALL STATS": {"Gets": {"Latency": 44.31577464788732, "Ops/sec": 1082.3661971830986, "Misses/sec": 0.0}}}