{"configurations": {"ratio": "0:1"}}{"ALL STATS": {"Gets": {"Ops/sec": 1057.6944444444443, "Latency": 60.52652777777777, "Misses/sec": 0.0}}}