{"configurations": {"ratio": "1:0"}}{"ALL STATS": {"Sets": {"Ops/sec": 2906.521126760563, "Latency": 22.040985915492957, "Misses/sec": 0.0}}}