{"configurations": {"ratio": "1:0"}}{"ALL STATS": {"Sets": {"Ops/sec": 821.6428571428571, "Latency": 2.4322857142857144, "Misses/sec": 0.0}}}