{"configurations": {"ratio": "1:0"}}{"ALL STATS": {"Sets": {"Misses/sec": 0.0, "Ops/sec": 2458.042857142857, "Latency": 13.020142857142858}}}