{"configurations": {"ratio": "0:1"}}{"ALL STATS": {"Gets": {"Misses/sec": 0.0, "Latency": 2.351571428571429, "Ops/sec": 847.8571428571429}}}