{"configurations": {"ratio": "0:1"}}{"ALL STATS": {"Gets": {"Latency": 32.23342857142858, "Misses/sec": 0.0, "Ops/sec": 991.7857142857143}}}