{"configurations": {"ratio": "1:0"}}{"ALL STATS": {"Sets": {"Ops/sec": 2006.6285714285714, "Latency": 7.971428571428573, "Misses/sec": 0.0}}}