{"configurations": {"ratio": "1:0"}}{"ALL STATS": {"Sets": {"Latency": 21.18802816901408, "Ops/sec": 2267.112676056338, "Misses/sec": 0.0}}}