{"configurations": {"ratio": "0:1"}}{"ALL STATS": {"Gets": {"Ops/sec": 957.8450704225352, "Latency": 33.38112676056338, "Misses/sec": 0.0}}}