{"configurations": {"ratio": "0:1"}}{"ALL STATS": {"Gets": {"Misses/sec": 0.0, "Latency": 7.933428571428574, "Ops/sec": 1006.4857142857143}}}