{"configurations": {"ratio": "0:1"}}{"ALL STATS": {"Gets": {"Ops/sec": 952.5555555555555, "Misses/sec": 0.0, "Latency": 33.56333333333334}}}