{"configurations": {"ratio": "1:0"}}{"ALL STATS": {"Sets": {"Latency": 26.138783783783783, "Ops/sec": 2447.9864864864867, "Misses/sec": 0.0}}}