{"configurations": {"ratio": "0:1"}}{"ALL STATS": {"Gets": {"Latency": 8.371142857142855, "Ops/sec": 953.9571428571429, "Misses/sec": 0.0}}}