{"configurations": {"ratio": "1:0"}}{"ALL STATS": {"Sets": {"Latency": 6.3834285714285715, "Ops/sec": 2505.6714285714284, "Misses/sec": 0.0}}}