{"configurations": {"ratio": "0:1"}}{"ALL STATS": {"Gets": {"Ops/sec": 1011.6857142857143, "Latency": 7.892142857142858, "Misses/sec": 0.0}}}