{"configurations": {"ratio": "1:0"}}{"ALL STATS": {"Sets": {"Latency": 14.830563380281694, "Misses/sec": 0.0, "Ops/sec": 2158.4225352112676}}}