{"configurations": {"ratio": "0:1"}}{"ALL STATS": {"Gets": {"Misses/sec": 0.0, "Latency": 16.02757142857143, "Ops/sec": 996.9285714285714}}}