{"configurations": {"ratio": "1:0"}}{"ALL STATS": {"Sets": {"Ops/sec": 2441.557142857143, "Latency": 12.69614285714286, "Misses/sec": 0.0}}}