{"configurations": {"ratio": "0:1"}}{"ALL STATS": {"Gets": {"Latency": 31.530422535211265, "Ops/sec": 1013.830985915493, "Misses/sec": 0.0}}}