{"configurations": {"ratio": "0:1"}}{"ALL STATS": {"Gets": {"Latency": 55.181891891891894, "Misses/sec": 0.0, "Ops/sec": 1160.4594594594594}}}