{"configurations": {"ratio": "1:0"}}{"ALL STATS": {"Sets": {"Latency": 16.698888888888888, "Ops/sec": 1916.9166666666667, "Misses/sec": 0.0}}}