{"configurations": {"ratio": "0:1"}}{"ALL STATS": {"Gets": {"Ops/sec": 1023.6338028169014, "Latency": 31.23169014084506, "Misses/sec": 0.0}}}