{"configurations": {"ratio": "1:0"}}{"ALL STATS": {"Sets": {"Ops/sec": 2163.450704225352, "Latency": 7.396901408450705, "Misses/sec": 0.0}}}