{"configurations": {"ratio": "1:0"}}{"ALL STATS": {"Sets": {"Misses/sec": 0.0, "Ops/sec": 817.3142857142857, "Latency": 2.4412857142857143}}}