{"configurations": {"ratio": "1:0"}}{"ALL STATS": {"Sets": {"Ops/sec": 2121.442857142857, "Latency": 3.7714285714285705, "Misses/sec": 0.0}}}