{"configurations": {"ratio": "1:0"}}{"ALL STATS": {"Sets": {"Latency": 12.48239436619718, "Misses/sec": 0.0, "Ops/sec": 2563.9859154929577}}}