{"configurations": {"ratio": "1:0"}}{"ALL STATS": {"Sets": {"Ops/sec": 2200.1714285714284, "Misses/sec": 0.0, "Latency": 7.275285714285714}}}