{"configurations": {"ratio": "0:1"}}{"ALL STATS": {"Gets": {"Misses/sec": 0.0, "Latency": 53.29888888888889, "Ops/sec": 1202.013888888889}}}