{"configurations": {"ratio": "0:1"}}{"ALL STATS": {"Gets": {"Ops/sec": 1057.8194444444443, "Latency": 60.496249999999996, "Misses/sec": 0.0}}}