{"configurations": {"ratio": "1:0"}}{"ALL STATS": {"Sets": {"Misses/sec": 0.0, "Ops/sec": 2447.2361111111113, "Latency": 24.927777777777777}}}