{"configurations": {"ratio": "0:1"}}{"ALL STATS": {"Gets": {"Misses/sec": 0.0, "Latency": 2.129714285714286, "Ops/sec": 936.5285714285715}}}