{"configurations": {"ratio": "0:1"}}{"ALL STATS": {"Gets": {"Latency": 8.386285714285714, "Ops/sec": 952.2428571428571, "Misses/sec": 0.0}}}