{"configurations": {"ratio": "1:0"}}{"ALL STATS": {"Sets": {"Latency": 26.087432432432433, "Misses/sec": 0.0, "Ops/sec": 2071.2027027027025}}}