{"configurations": {"ratio": "1:0"}}{"ALL STATS": {"Sets": {"Misses/sec": 0.0, "Latency": 20.880138888888887, "Ops/sec": 2107.8611111111113}}}