{"configurations": {"ratio": "0:1"}}{"ALL STATS": {"Gets": {"Misses/sec": 0.0, "Latency": 32.21347222222222, "Ops/sec": 992.3611111111111}}}