{"configurations": {"ratio": "1:0"}}{"ALL STATS": {"Sets": {"Ops/sec": 2492.7714285714287, "Latency": 6.416714285714286, "Misses/sec": 0.0}}}