{"configurations": {"ratio": "1:0"}}{"ALL STATS": {"Sets": {"Latency": 14.713142857142856, "Ops/sec": 2175.714285714286, "Misses/sec": 0.0}}}