{"configurations": {"ratio": "0:1"}}{"ALL STATS": {"Gets": {"Ops/sec": 1073.5915492957747, "Latency": 44.67436619718309, "Misses/sec": 0.0}}}