{"configurations": {"ratio": "1:0"}}{"ALL STATS": {"Sets": {"Latency": 13.777428571428572, "Misses/sec": 0.0, "Ops/sec": 2323.9857142857145}}}