{"configurations": {"ratio": "0:1"}}{"ALL STATS": {"Gets": {"Latency": 15.968873239436618, "Misses/sec": 0.0, "Ops/sec": 1000.5492957746479}}}