{"configurations": {"ratio": "1:0"}}{"ALL STATS": {"Sets": {"Latency": 1.9512857142857138, "Misses/sec": 0.0, "Ops/sec": 1024.7714285714285}}}