{"configurations": {"ratio": "0:1"}}{"ALL STATS": {"Gets": {"Ops/sec": 837.0571428571428, "Misses/sec": 0.0, "Latency": 2.380428571428571}}}