{"configurations": {"ratio": "1:0"}}{"ALL STATS": {"Sets": {"Ops/sec": 823.7857142857143, "Misses/sec": 0.0, "Latency": 2.424428571428571}}}