{"configurations": {"ratio": "0:1"}}{"ALL STATS": {"Gets": {"Latency": 59.338513513513504, "Ops/sec": 1078.7567567567567, "Misses/sec": 0.0}}}