{"configurations": {"ratio": "1:0"}}{"ALL STATS": {"Sets": {"Latency": 3.6074285714285717, "Ops/sec": 2219.4142857142856, "Misses/sec": 0.0}}}