{"configurations": {"ratio": "1:0"}}{"ALL STATS": {"Sets": {"Misses/sec": 0.0, "Ops/sec": 919.6428571428571, "Latency": 2.1741428571428565}}}