{"configurations": {"ratio": "1:0"}}{"ALL STATS": {"Sets": {"Latency": 3.494142857142857, "Misses/sec": 0.0, "Ops/sec": 2289.442857142857}}}