{"configurations": {"ratio": "0:1"}}{"ALL STATS": {"Gets": {"Ops/sec": 973.6571428571428, "Latency": 2.0482857142857136, "Misses/sec": 0.0}}}