{"configurations": {"ratio": "1:0"}}{"ALL STATS": {"Sets": {"Ops/sec": 939.4285714285714, "Misses/sec": 0.0, "Latency": 2.128857142857143}}}