{"configurations": {"ratio": "0:1"}}{"ALL STATS": {"Gets": {"Ops/sec": 1064.9295774647887, "Misses/sec": 0.0, "Latency": 60.102112676056336}}}