{"configurations": {"ratio": "1:0"}}{"ALL STATS": {"Sets": {"Misses/sec": 0.0, "Latency": 3.5748571428571423, "Ops/sec": 2236.4142857142856}}}