{"configurations": {"ratio": "0:1"}}{"ALL STATS": {"Gets": {"Misses/sec": 0.0, "Latency": 16.036285714285714, "Ops/sec": 996.5142857142857}}}