{"configurations": {"ratio": "1:0"}}{"ALL STATS": {"Sets": {"Ops/sec": 2219.9718309859154, "Latency": 7.210845070422534, "Misses/sec": 0.0}}}