{"configurations": {"ratio": "1:0"}}{"ALL STATS": {"Sets": {"Ops/sec": 2593.662162162162, "Misses/sec": 0.0, "Latency": 18.512027027027028}}}