{"configurations": {"ratio": "0:1"}}{"ALL STATS": {"Gets": {"Misses/sec": 0.0, "Latency": 48.30915492957747, "Ops/sec": 992.8591549295775}}}