{"configurations": {"ratio": "0:1"}}{"ALL STATS": {"Gets": {"Misses/sec": 0.0, "Ops/sec": 1173.7916666666667, "Latency": 54.54402777777778}}}