{"configurations": {"ratio": "0:1"}}{"ALL STATS": {"Gets": {"Latency": 7.898571428571429, "Misses/sec": 0.0, "Ops/sec": 1010.8714285714286}}}