{"configurations": {"ratio": "0:1"}}{"ALL STATS": {"Gets": {"Misses/sec": 0.0, "Latency": 7.967428571428572, "Ops/sec": 1002.0857142857143}}}