{"configurations": {"ratio": "0:1"}}{"ALL STATS": {"Gets": {"Ops/sec": 1005.1428571428571, "Misses/sec": 0.0, "Latency": 15.897000000000002}}}