{"configurations": {"ratio": "0:1"}}{"ALL STATS": {"Gets": {"Ops/sec": 1011.8028169014085, "Misses/sec": 0.0, "Latency": 47.399436619718315}}}