{"configurations": {"ratio": "1:0"}}{"ALL STATS": {"Sets": {"Latency": 26.292162162162164, "Ops/sec": 2435.0945945945946, "Misses/sec": 0.0}}}