{"configurations": {"ratio": "1:0"}}{"ALL STATS": {"Sets": {"Latency": 28.14837837837838, "Ops/sec": 2238.8513513513512, "Misses/sec": 0.0}}}