{"configurations": {"ratio": "0:1"}}{"ALL STATS": {"Gets": {"Misses/sec": 0.0, "Latency": 8.551571428571426, "Ops/sec": 933.8285714285714}}}