{"configurations": {"ratio": "1:0"}}{"ALL STATS": {"Sets": {"Latency": 7.485714285714286, "Ops/sec": 2137.8142857142857, "Misses/sec": 0.0}}}