{"configurations": {"ratio": "1:0"}}{"ALL STATS": {"Sets": {"Ops/sec": 2349.5774647887324, "Latency": 6.80887323943662, "Misses/sec": 0.0}}}