{"configurations": {"ratio": "1:0"}}{"ALL STATS": {"Sets": {"Misses/sec": 0.0, "Latency": 21.07281690140845, "Ops/sec": 2279.0704225352115}}}