{"configurations": {"ratio": "1:0"}}{"ALL STATS": {"Sets": {"Ops/sec": 2554.285714285714, "Misses/sec": 0.0, "Latency": 12.529857142857141}}}