{"configurations": {"ratio": "0:1"}}{"ALL STATS": {"Gets": {"Latency": 47.08069444444445, "Misses/sec": 0.0, "Ops/sec": 1018.5972222222222}}}