{"configurations": {"ratio": "1:0"}}{"ALL STATS": {"Sets": {"Latency": 2.142142857142857, "Ops/sec": 933.2142857142857, "Misses/sec": 0.0}}}