{"configurations": {"ratio": "0:1"}}{"ALL STATS": {"Gets": {"Latency": 16.03112676056338, "Ops/sec": 996.6478873239437, "Misses/sec": 0.0}}}