{"configurations": {"ratio": "0:1"}}{"ALL STATS": {"Gets": {"Misses/sec": 0.0, "Latency": 7.834714285714283, "Ops/sec": 1019.1571428571428}}}