{"configurations": {"ratio": "1:0"}}{"ALL STATS": {"Sets": {"Latency": 3.7545714285714284, "Misses/sec": 0.0, "Ops/sec": 2129.442857142857}}}