{"configurations": {"ratio": "1:0"}}{"ALL STATS": {"Sets": {"Latency": 13.830416666666666, "Ops/sec": 2315.097222222222, "Misses/sec": 0.0}}}