{"configurations": {"ratio": "1:0"}}{"ALL STATS": {"Sets": {"Latency": 6.362714285714287, "Ops/sec": 2513.1714285714284, "Misses/sec": 0.0}}}