{"configurations": {"ratio": "1:0"}}{"ALL STATS": {"Sets": {"Ops/sec": 2308.9285714285716, "Latency": 3.4654285714285713, "Misses/sec": 0.0}}}