{"configurations": {"ratio": "0:1"}}{"ALL STATS": {"Gets": {"Latency": 2.3191428571428574, "Ops/sec": 859.8571428571429, "Misses/sec": 0.0}}}