{"configurations": {"ratio": "1:0"}}{"ALL STATS": {"Sets": {"Latency": 20.32608108108108, "Ops/sec": 2362.8513513513512, "Misses/sec": 0.0}}}