{"configurations": {"ratio": "1:0"}}{"ALL STATS": {"Sets": {"Latency": 17.574366197183092, "Misses/sec": 0.0, "Ops/sec": 2732.887323943662}}}