{"configurations": {"ratio": "1:0"}}{"ALL STATS": {"Sets": {"Latency": 12.693380281690139, "Misses/sec": 0.0, "Ops/sec": 2520.8169014084506}}}