{"configurations": {"ratio": "1:0"}}{"ALL STATS": {"Sets": {"Ops/sec": 2242.5915492957747, "Latency": 20.08647887323944, "Misses/sec": 0.0}}}