{"configurations": {"ratio": "1:0"}}{"ALL STATS": {"Sets": {"Misses/sec": 0.0, "Ops/sec": 927.6428571428571, "Latency": 2.1544285714285714}}}