{"configurations": {"ratio": "0:1"}}{"ALL STATS": {"Gets": {"Latency": 59.903333333333336, "Ops/sec": 1068.8055555555557, "Misses/sec": 0.0}}}