{"configurations": {"ratio": "1:0"}}{"ALL STATS": {"Sets": {"Misses/sec": 0.0, "Latency": 21.616527777777776, "Ops/sec": 2224.8611111111113}}}