{"configurations": {"ratio": "0:1"}}{"ALL STATS": {"Gets": {"Latency": 44.278169014084504, "Ops/sec": 1083.5492957746478, "Misses/sec": 0.0}}}