{"configurations": {"ratio": "1:0"}}{"ALL STATS": {"Sets": {"Misses/sec": 0.0, "Latency": 6.659571428571429, "Ops/sec": 2401.6285714285714}}}