{"configurations": {"ratio": "0:1"}}{"ALL STATS": {"Gets": {"Ops/sec": 991.1267605633802, "Latency": 16.119859154929582, "Misses/sec": 0.0}}}