{"configurations": {"ratio": "1:0"}}{"ALL STATS": {"Sets": {"Misses/sec": 0.0, "Latency": 25.658450704225356, "Ops/sec": 2496.1971830985917}}}