{"configurations": {"ratio": "1:0"}}{"ALL STATS": {"Sets": {"Latency": 13.959014084507043, "Ops/sec": 2293.774647887324, "Misses/sec": 0.0}}}