{"configurations": {"ratio": "0:1"}}{"ALL STATS": {"Gets": {"Ops/sec": 1040.1216216216217, "Latency": 46.11324324324325, "Misses/sec": 0.0}}}