{"configurations": {"ratio": "0:1"}}{"ALL STATS": {"Gets": {"Ops/sec": 1198.6756756756756, "Latency": 53.41337837837838, "Misses/sec": 0.0}}}