{"configurations": {"ratio": "1:0"}}{"ALL STATS": {"Sets": {"Latency": 3.579428571428572, "Ops/sec": 2233.5285714285715, "Misses/sec": 0.0}}}