{"configurations": {"ratio": "0:1"}}{"ALL STATS": {"Gets": {"Misses/sec": 0.0, "Latency": 7.974999999999999, "Ops/sec": 1001.1142857142858}}}