{"configurations": {"ratio": "1:0"}}{"ALL STATS": {"Sets": {"Latency": 23.837887323943658, "Misses/sec": 0.0, "Ops/sec": 2098.774647887324}}}