{"configurations": {"ratio": "1:0"}}{"ALL STATS": {"Sets": {"Misses/sec": 0.0, "Latency": 6.687285714285714, "Ops/sec": 2394.942857142857}}}