{"configurations": {"ratio": "1:0"}}{"ALL STATS": {"Sets": {"Latency": 2.4317142857142855, "Misses/sec": 0.0, "Ops/sec": 821.7857142857143}}}