{"configurations": {"ratio": "0:1"}}{"ALL STATS": {"Gets": {"Misses/sec": 0.0, "Ops/sec": 1070.8648648648648, "Latency": 59.75864864864865}}}