{"configurations": {"ratio": "1:0"}}{"ALL STATS": {"Sets": {"Ops/sec": 2337.542857142857, "Misses/sec": 0.0, "Latency": 3.419428571428571}}}