{"configurations": {"ratio": "1:0"}}{"ALL STATS": {"Sets": {"Ops/sec": 824.1571428571428, "Latency": 2.4268571428571426, "Misses/sec": 0.0}}}