{"configurations": {"ratio": "0:1"}}{"ALL STATS": {"Gets": {"Latency": 2.119142857142857, "Ops/sec": 940.6714285714286, "Misses/sec": 0.0}}}