{"configurations": {"ratio": "1:0"}}{"ALL STATS": {"Sets": {"Misses/sec": 0.0, "Latency": 12.601971830985914, "Ops/sec": 2460.0704225352115}}}