{"configurations": {"ratio": "1:0"}}{"ALL STATS": {"Sets": {"Latency": 14.472957746478873, "Ops/sec": 2419.6619718309857, "Misses/sec": 0.0}}}