{"configurations": {"ratio": "0:1"}}{"ALL STATS": {"Gets": {"Ops/sec": 973.4647887323944, "Misses/sec": 0.0, "Latency": 16.411830985915493}}}