{"configurations": {"ratio": "0:1"}}{"ALL STATS": {"Gets": {"Misses/sec": 0.0, "Latency": 59.711351351351354, "Ops/sec": 1071.162162162162}}}