{"configurations": {"ratio": "0:1"}}{"ALL STATS": {"Gets": {"Misses/sec": 0.0, "Ops/sec": 856.4142857142857, "Latency": 2.3278571428571424}}}