{"configurations": {"ratio": "1:0"}}{"ALL STATS": {"Sets": {"Latency": 2.001571428571428, "Misses/sec": 0.0, "Ops/sec": 999.5857142857143}}}