{"configurations": {"ratio": "1:0"}}{"ALL STATS": {"Sets": {"Latency": 13.15225352112676, "Misses/sec": 0.0, "Ops/sec": 2433.4084507042253}}}