{"configurations": {"ratio": "1:0"}}{"ALL STATS": {"Sets": {"Latency": 24.954722222222223, "Ops/sec": 2204.5833333333335, "Misses/sec": 0.0}}}