{"configurations": {"ratio": "0:1"}}{"ALL STATS": {"Gets": {"Ops/sec": 1088.7428571428572, "Latency": 44.069428571428574, "Misses/sec": 0.0}}}