{"configurations": {"ratio": "1:0"}}{"ALL STATS": {"Sets": {"Latency": 3.474428571428571, "Ops/sec": 2302.1428571428573, "Misses/sec": 0.0}}}