{"configurations": {"ratio": "1:0"}}{"ALL STATS": {"Sets": {"Misses/sec": 0.0, "Latency": 3.817714285714286, "Ops/sec": 2094.457142857143}}}