{"configurations": {"ratio": "0:1"}}{"ALL STATS": {"Gets": {"Latency": 2.0420000000000003, "Misses/sec": 0.0, "Ops/sec": 975.4285714285714}}}