{"configurations": {"ratio": "0:1"}}{"ALL STATS": {"Gets": {"Latency": 2.0541428571428573, "Ops/sec": 969.6285714285714, "Misses/sec": 0.0}}}