{"configurations": {"ratio": "0:1"}}{"ALL STATS": {"Gets": {"Ops/sec": 972.6478873239437, "Latency": 32.86577464788732, "Misses/sec": 0.0}}}