{"configurations": {"ratio": "1:0"}}{"ALL STATS": {"Sets": {"Latency": 4.083571428571428, "Misses/sec": 0.0, "Ops/sec": 1958.4714285714285}}}