{"configurations": {"ratio": "0:1"}}{"ALL STATS": {"Gets": {"Ops/sec": 1023.5694444444445, "Latency": 31.233333333333334, "Misses/sec": 0.0}}}