{"configurations": {"ratio": "0:1"}}{"ALL STATS": {"Gets": {"Misses/sec": 0.0, "Latency": 32.140563380281684, "Ops/sec": 994.6338028169014}}}