{"configurations": {"ratio": "0:1"}}{"ALL STATS": {"Gets": {"Ops/sec": 1008.1857142857143, "Misses/sec": 0.0, "Latency": 7.920428571428569}}}