{"configurations": {"ratio": "0:1"}}{"ALL STATS": {"Gets": {"Ops/sec": 994.2916666666666, "Latency": 48.241527777777776, "Misses/sec": 0.0}}}