{"configurations": {"ratio": "1:0"}}{"ALL STATS": {"Sets": {"Ops/sec": 2511.676056338028, "Misses/sec": 0.0, "Latency": 19.121549295774646}}}