{"configurations": {"ratio": "0:1"}}{"ALL STATS": {"Gets": {"Ops/sec": 1076.2222222222222, "Latency": 44.579027777777775, "Misses/sec": 0.0}}}