{"configurations": {"ratio": "1:0"}}{"ALL STATS": {"Sets": {"Ops/sec": 2078.057142857143, "Latency": 7.698428571428573, "Misses/sec": 0.0}}}