{"configurations": {"ratio": "0:1"}}{"ALL STATS": {"Gets": {"Ops/sec": 973.2957746478874, "Latency": 32.84295774647888, "Misses/sec": 0.0}}}