{"configurations": {"ratio": "1:0"}}{"ALL STATS": {"Sets": {"Latency": 4.133000000000001, "Misses/sec": 0.0, "Ops/sec": 1934.1571428571428}}}