{"configurations": {"ratio": "0:1"}}{"ALL STATS": {"Gets": {"Latency": 2.1679999999999993, "Misses/sec": 0.0, "Ops/sec": 918.9285714285714}}}