{"configurations": {"ratio": "1:0"}}{"ALL STATS": {"Sets": {"Ops/sec": 2416.1267605633802, "Latency": 13.246338028169014, "Misses/sec": 0.0}}}