{"configurations": {"ratio": "0:1"}}{"ALL STATS": {"Gets": {"Ops/sec": 950.9295774647887, "Latency": 16.800422535211265, "Misses/sec": 0.0}}}