{"configurations": {"ratio": "1:0"}}{"ALL STATS": {"Sets": {"Ops/sec": 2238.6285714285714, "Misses/sec": 0.0, "Latency": 14.307285714285712}}}