{"configurations": {"ratio": "1:0"}}{"ALL STATS": {"Sets": {"Misses/sec": 0.0, "Ops/sec": 815.8428571428572, "Latency": 2.4487142857142863}}}