{"configurations": {"ratio": "1:0"}}{"ALL STATS": {"Sets": {"Ops/sec": 935.9714285714285, "Latency": 2.1375714285714285, "Misses/sec": 0.0}}}