{"configurations": {"ratio": "1:0"}}{"ALL STATS": {"Sets": {"Latency": 2.1252857142857144, "Misses/sec": 0.0, "Ops/sec": 940.7714285714286}}}