{"configurations": {"ratio": "0:1"}}{"ALL STATS": {"Gets": {"Latency": 31.894788732394357, "Misses/sec": 0.0, "Ops/sec": 1002.3098591549295}}}