{"configurations": {"ratio": "1:0"}}{"ALL STATS": {"Sets": {"Latency": 3.6325714285714286, "Misses/sec": 0.0, "Ops/sec": 2200.6285714285714}}}