{"configurations": {"ratio": "0:1"}}{"ALL STATS": {"Gets": {"Ops/sec": 1213.7027027027027, "Misses/sec": 0.0, "Latency": 52.756081081081085}}}