{"configurations": {"ratio": "1:0"}}{"ALL STATS": {"Sets": {"Latency": 7.129142857142858, "Ops/sec": 2246.0857142857144, "Misses/sec": 0.0}}}