{"configurations": {"ratio": "1:0"}}{"ALL STATS": {"Sets": {"Ops/sec": 2184.614285714286, "Latency": 14.65985714285714, "Misses/sec": 0.0}}}