{"configurations": {"ratio": "0:1"}}{"ALL STATS": {"Gets": {"Ops/sec": 998.7916666666666, "Misses/sec": 0.0, "Latency": 32.00416666666667}}}