{"configurations": {"ratio": "0:1"}}{"ALL STATS": {"Gets": {"Misses/sec": 0.0, "Latency": 2.053714285714286, "Ops/sec": 969.8142857142857}}}