{"configurations": {"ratio": "1:0"}}{"ALL STATS": {"Sets": {"Latency": 3.9795714285714294, "Misses/sec": 0.0, "Ops/sec": 2009.6285714285714}}}