{"configurations": {"ratio": "1:0"}}{"ALL STATS": {"Sets": {"Ops/sec": 2473.1428571428573, "Misses/sec": 0.0, "Latency": 6.469857142857143}}}