{"configurations": {"ratio": "1:0"}}{"ALL STATS": {"Sets": {"Misses/sec": 0.0, "Latency": 6.602714285714286, "Ops/sec": 2422.6714285714284}}}