{"configurations": {"ratio": "0:1"}}{"ALL STATS": {"Gets": {"Misses/sec": 0.0, "Latency": 8.549000000000003, "Ops/sec": 933.9142857142857}}}