{"configurations": {"ratio": "1:0"}}{"ALL STATS": {"Sets": {"Latency": 13.181805555555554, "Misses/sec": 0.0, "Ops/sec": 2427.902777777778}}}