{"configurations": {"ratio": "1:0"}}{"ALL STATS": {"Sets": {"Latency": 12.909718309859155, "Ops/sec": 2478.9014084507044, "Misses/sec": 0.0}}}