{"configurations": {"ratio": "1:0"}}{"ALL STATS": {"Sets": {"Latency": 6.674714285714287, "Ops/sec": 2397.1428571428573, "Misses/sec": 0.0}}}