{"configurations": {"ratio": "0:1"}}{"ALL STATS": {"Gets": {"Ops/sec": 1184.1549295774648, "Latency": 54.08676056338029, "Misses/sec": 0.0}}}