{"configurations": {"ratio": "1:0"}}{"ALL STATS": {"Sets": {"Misses/sec": 0.0, "Latency": 22.201142857142855, "Ops/sec": 2883.8142857142857}}}