{"configurations": {"ratio": "0:1"}}{"ALL STATS": {"Gets": {"Misses/sec": 0.0, "Latency": 8.527999999999999, "Ops/sec": 936.3571428571429}}}