{"configurations": {"ratio": "0:1"}}{"ALL STATS": {"Gets": {"Ops/sec": 1068.7887323943662, "Misses/sec": 0.0, "Latency": 59.91014084507042}}}