{"configurations": {"ratio": "0:1"}}{"ALL STATS": {"Gets": {"Misses/sec": 0.0, "Latency": 2.013142857142857, "Ops/sec": 989.1857142857143}}}