{"configurations": {"ratio": "0:1"}}{"ALL STATS": {"Gets": {"Misses/sec": 0.0, "Latency": 32.051830985915494, "Ops/sec": 997.3521126760563}}}