{"configurations": {"ratio": "1:0"}}{"ALL STATS": {"Sets": {"Ops/sec": 1991.6857142857143, "Latency": 4.0161428571428575, "Misses/sec": 0.0}}}