{"configurations": {"ratio": "1:0"}}{"ALL STATS": {"Sets": {"Latency": 6.463802816901409, "Misses/sec": 0.0, "Ops/sec": 2474.3380281690143}}}