{"configurations": {"ratio": "0:1"}}{"ALL STATS": {"Gets": {"Ops/sec": 1018.1857142857143, "Misses/sec": 0.0, "Latency": 7.841714285714285}}}