{"configurations": {"ratio": "1:0"}}{"ALL STATS": {"Sets": {"Latency": 3.684142857142857, "Misses/sec": 0.0, "Ops/sec": 2171.4142857142856}}}