{"configurations": {"ratio": "0:1"}}{"ALL STATS": {"Gets": {"Latency": 31.513661971830988, "Misses/sec": 0.0, "Ops/sec": 1014.4788732394367}}}