{"configurations": {"ratio": "0:1"}}{"ALL STATS": {"Gets": {"Latency": 8.009142857142859, "Misses/sec": 0.0, "Ops/sec": 997.0285714285715}}}