{"configurations": {"ratio": "1:0"}}{"ALL STATS": {"Sets": {"Latency": 13.825211267605633, "Ops/sec": 2314.957746478873, "Misses/sec": 0.0}}}