{"configurations": {"ratio": "1:0"}}{"ALL STATS": {"Sets": {"Ops/sec": 2603.9857142857145, "Misses/sec": 0.0, "Latency": 12.29157142857143}}}