{"configurations": {"ratio": "0:1"}}{"ALL STATS": {"Gets": {"Ops/sec": 996.0985915492957, "Misses/sec": 0.0, "Latency": 16.04112676056338}}}