{"configurations": {"ratio": "1:0"}}{"ALL STATS": {"Sets": {"Ops/sec": 2283.450704225352, "Latency": 14.022957746478875, "Misses/sec": 0.0}}}