{"configurations": {"ratio": "1:0"}}{"ALL STATS": {"Sets": {"Latency": 25.40208333333333, "Ops/sec": 2521.277777777778, "Misses/sec": 0.0}}}