{"configurations": {"ratio": "0:1"}}{"ALL STATS": {"Gets": {"Ops/sec": 934.8142857142857, "Latency": 2.1328571428571426, "Misses/sec": 0.0}}}