{"configurations": {"ratio": "1:0"}}{"ALL STATS": {"Sets": {"Latency": 6.55357142857143, "Ops/sec": 2441.6857142857143, "Misses/sec": 0.0}}}