{"configurations": {"ratio": "0:1"}}{"ALL STATS": {"Gets": {"Ops/sec": 999.4571428571429, "Latency": 15.98757142857143, "Misses/sec": 0.0}}}