{"configurations": {"ratio": "0:1"}}{"ALL STATS": {"Gets": {"Ops/sec": 916.4142857142857, "Latency": 2.174142857142857, "Misses/sec": 0.0}}}