{"configurations": {"ratio": "1:0"}}{"ALL STATS": {"Sets": {"Latency": 6.442857142857144, "Misses/sec": 0.0, "Ops/sec": 2483.7285714285713}}}