{"configurations": {"ratio": "0:1"}}{"ALL STATS": {"Gets": {"Misses/sec": 0.0, "Latency": 47.74583333333333, "Ops/sec": 1004.5972222222222}}}