{"configurations": {"ratio": "0:1"}}{"ALL STATS": {"Gets": {"Misses/sec": 0.0, "Latency": 16.282714285714288, "Ops/sec": 981.4571428571429}}}