{"configurations": {"ratio": "0:1"}}{"ALL STATS": {"Gets": {"Misses/sec": 0.0, "Latency": 46.635352112676046, "Ops/sec": 1028.5492957746478}}}