{"configurations": {"ratio": "1:0"}}{"ALL STATS": {"Sets": {"Misses/sec": 0.0, "Latency": 2.0828571428571427, "Ops/sec": 958.5571428571428}}}