{"configurations": {"ratio": "0:1"}}{"ALL STATS": {"Gets": {"Latency": 15.861690140845072, "Ops/sec": 1007.5070422535211, "Misses/sec": 0.0}}}