{"configurations": {"ratio": "1:0"}}{"ALL STATS": {"Sets": {"Latency": 18.061408450704224, "Ops/sec": 2659.3661971830984, "Misses/sec": 0.0}}}