{"configurations": {"ratio": "1:0"}}{"ALL STATS": {"Sets": {"Ops/sec": 2097.2428571428572, "Misses/sec": 0.0, "Latency": 7.631571428571429}}}