{"configurations": {"ratio": "0:1"}}{"ALL STATS": {"Gets": {"Ops/sec": 932.3571428571429, "Misses/sec": 0.0, "Latency": 2.1361428571428567}}}