{"configurations": {"ratio": "0:1"}}{"ALL STATS": {"Gets": {"Ops/sec": 996.887323943662, "Misses/sec": 0.0, "Latency": 32.06915492957746}}}