{"configurations": {"ratio": "0:1"}}{"ALL STATS": {"Gets": {"Latency": 7.936857142857142, "Ops/sec": 1006.2428571428571, "Misses/sec": 0.0}}}