{"configurations": {"ratio": "1:0"}}{"ALL STATS": {"Sets": {"Ops/sec": 2150.2285714285713, "Latency": 7.444571428571427, "Misses/sec": 0.0}}}