{"configurations": {"ratio": "0:1"}}{"ALL STATS": {"Gets": {"Latency": 16.558732394366196, "Misses/sec": 0.0, "Ops/sec": 965.0140845070423}}}