{"configurations": {"ratio": "0:1"}}{"ALL STATS": {"Gets": {"Ops/sec": 1019.8472222222222, "Latency": 47.02805555555555, "Misses/sec": 0.0}}}