{"configurations": {"ratio": "0:1"}}{"ALL STATS": {"Gets": {"Misses/sec": 0.0, "Ops/sec": 1007.9722222222222, "Latency": 47.59569444444444}}}