{"configurations": {"ratio": "1:0"}}{"ALL STATS": {"Sets": {"Ops/sec": 953.6142857142858, "Latency": 2.0940000000000003, "Misses/sec": 0.0}}}