{"configurations": {"ratio": "1:0"}}{"ALL STATS": {"Sets": {"Misses/sec": 0.0, "Latency": 4.4877142857142855, "Ops/sec": 1782.5142857142857}}}