{"configurations": {"ratio": "0:1"}}{"ALL STATS": {"Gets": {"Misses/sec": 0.0, "Latency": 43.80197183098591, "Ops/sec": 1095.225352112676}}}