{"configurations": {"ratio": "0:1"}}{"ALL STATS": {"Gets": {"Ops/sec": 958.0422535211268, "Misses/sec": 0.0, "Latency": 33.36746478873239}}}