{"configurations": {"ratio": "1:0"}}{"ALL STATS": {"Sets": {"Latency": 25.575405405405405, "Ops/sec": 2503.9189189189187, "Misses/sec": 0.0}}}