{"configurations": {"ratio": "0:1"}}{"ALL STATS": {"Gets": {"Ops/sec": 998.7605633802817, "Misses/sec": 0.0, "Latency": 15.998732394366199}}}