{"configurations": {"ratio": "1:0"}}{"ALL STATS": {"Sets": {"Latency": 27.595945945945946, "Ops/sec": 2319.7972972972975, "Misses/sec": 0.0}}}