{"configurations": {"ratio": "0:1"}}{"ALL STATS": {"Gets": {"Ops/sec": 1067.8169014084508, "Misses/sec": 0.0, "Latency": 59.9374647887324}}}