{"configurations": {"ratio": "1:0"}}{"ALL STATS": {"Sets": {"Ops/sec": 862.7714285714286, "Misses/sec": 0.0, "Latency": 2.3145714285714285}}}