{"configurations": {"ratio": "1:0"}}{"ALL STATS": {"Sets": {"Ops/sec": 2079.342857142857, "Misses/sec": 0.0, "Latency": 3.8447142857142858}}}