{"configurations": {"ratio": "1:0"}}{"ALL STATS": {"Sets": {"Misses/sec": 0.0, "Latency": 2.1874285714285713, "Ops/sec": 913.9714285714285}}}