{"configurations": {"ratio": "0:1"}}{"ALL STATS": {"Gets": {"Misses/sec": 0.0, "Latency": 32.03859154929578, "Ops/sec": 997.7605633802817}}}