{"configurations": {"ratio": "0:1"}}{"ALL STATS": {"Gets": {"Misses/sec": 0.0, "Ops/sec": 929.5285714285715, "Latency": 2.1601428571428567}}}