{"configurations": {"ratio": "1:0"}}{"ALL STATS": {"Sets": {"Ops/sec": 2487.9444444444443, "Misses/sec": 0.0, "Latency": 25.741666666666667}}}