{"configurations": {"ratio": "1:0"}}{"ALL STATS": {"Sets": {"Misses/sec": 0.0, "Latency": 19.18338028169014, "Ops/sec": 2502.676056338028}}}