{"configurations": {"ratio": "0:1"}}{"ALL STATS": {"Gets": {"Latency": 32.188873239436624, "Ops/sec": 992.943661971831, "Misses/sec": 0.0}}}