{"configurations": {"ratio": "1:0"}}{"ALL STATS": {"Sets": {"Latency": 3.688857142857143, "Ops/sec": 2167.3571428571427, "Misses/sec": 0.0}}}