{"configurations": {"ratio": "0:1"}}{"ALL STATS": {"Gets": {"Misses/sec": 0.0, "Latency": 7.979577464788734, "Ops/sec": 1000.5915492957746}}}