{"configurations": {"ratio": "1:0"}}{"ALL STATS": {"Sets": {"Ops/sec": 2558.042857142857, "Latency": 18.772857142857145, "Misses/sec": 0.0}}}