{"configurations": {"ratio": "0:1"}}{"ALL STATS": {"Gets": {"Latency": 32.97944444444445, "Ops/sec": 969.2916666666666, "Misses/sec": 0.0}}}