{"configurations": {"ratio": "1:0"}}{"ALL STATS": {"Sets": {"Ops/sec": 2171.5138888888887, "Latency": 22.115694444444447, "Misses/sec": 0.0}}}