{"configurations": {"ratio": "0:1"}}{"ALL STATS": {"Gets": {"Latency": 52.88464788732395, "Misses/sec": 0.0, "Ops/sec": 1210.4366197183099}}}