{"configurations": {"ratio": "0:1"}}{"ALL STATS": {"Gets": {"Ops/sec": 1008.9859154929577, "Misses/sec": 0.0, "Latency": 7.91338028169014}}}