{"configurations": {"ratio": "1:0"}}{"ALL STATS": {"Sets": {"Misses/sec": 0.0, "Latency": 3.407571428571428, "Ops/sec": 2348.2285714285713}}}