{"configurations": {"ratio": "0:1"}}{"ALL STATS": {"Gets": {"Ops/sec": 1006.3142857142857, "Misses/sec": 0.0, "Latency": 7.9347142857142865}}}