{"configurations": {"ratio": "1:0"}}{"ALL STATS": {"Sets": {"Latency": 25.51887323943662, "Ops/sec": 2510.112676056338, "Misses/sec": 0.0}}}