{"configurations": {"ratio": "0:1"}}{"ALL STATS": {"Gets": {"Ops/sec": 1082.380281690141, "Latency": 44.31070422535212, "Misses/sec": 0.0}}}