{"configurations": {"ratio": "1:0"}}{"ALL STATS": {"Sets": {"Misses/sec": 0.0, "Latency": 3.843285714285715, "Ops/sec": 2080.0714285714284}}}