{"configurations": {"ratio": "1:0"}}{"ALL STATS": {"Sets": {"Ops/sec": 839.9571428571429, "Latency": 2.379714285714286, "Misses/sec": 0.0}}}