{"configurations": {"ratio": "1:0"}}{"ALL STATS": {"Sets": {"Misses/sec": 0.0, "Latency": 27.638648648648648, "Ops/sec": 2243.9324324324325}}}