{"configurations": {"ratio": "0:1"}}{"ALL STATS": {"Gets": {"Ops/sec": 992.4647887323944, "Misses/sec": 0.0, "Latency": 32.20788732394368}}}