{"configurations": {"ratio": "0:1"}}{"ALL STATS": {"Gets": {"Misses/sec": 0.0, "Latency": 8.517000000000001, "Ops/sec": 937.5285714285715}}}