{"configurations": {"ratio": "0:1"}}{"ALL STATS": {"Gets": {"Ops/sec": 841.6857142857143, "Latency": 2.3675714285714284, "Misses/sec": 0.0}}}