{"configurations": {"ratio": "0:1"}}{"ALL STATS": {"Gets": {"Ops/sec": 849.8714285714286, "Misses/sec": 0.0, "Latency": 2.3464285714285715}}}