{"configurations": {"ratio": "0:1"}}{"ALL STATS": {"Gets": {"Ops/sec": 955.7323943661971, "Misses/sec": 0.0, "Latency": 16.716901408450703}}}