{"configurations": {"ratio": "0:1"}}{"ALL STATS": {"Gets": {"Ops/sec": 974.8169014084507, "Misses/sec": 0.0, "Latency": 32.78943661971831}}}