{"configurations": {"ratio": "1:0"}}{"ALL STATS": {"Sets": {"Ops/sec": 1901.9859154929577, "Misses/sec": 0.0, "Latency": 27.346478873239437}}}