{"configurations": {"ratio": "0:1"}}{"ALL STATS": {"Gets": {"Misses/sec": 0.0, "Latency": 16.619436619718314, "Ops/sec": 961.3521126760563}}}