{"configurations": {"ratio": "1:0"}}{"ALL STATS": {"Sets": {"Ops/sec": 2325.5142857142855, "Latency": 6.88557142857143, "Misses/sec": 0.0}}}