{"configurations": {"ratio": "1:0"}}{"ALL STATS": {"Sets": {"Ops/sec": 2357.0285714285715, "Misses/sec": 0.0, "Latency": 6.785857142857144}}}