{"configurations": {"ratio": "0:1"}}{"ALL STATS": {"Gets": {"Latency": 2.104857142857143, "Ops/sec": 946.3714285714286, "Misses/sec": 0.0}}}