{"configurations": {"ratio": "1:0"}}{"ALL STATS": {"Sets": {"Misses/sec": 0.0, "Latency": 7.018169014084506, "Ops/sec": 2279.9859154929577}}}