{"configurations": {"ratio": "1:0"}}{"ALL STATS": {"Sets": {"Ops/sec": 2597.9718309859154, "Misses/sec": 0.0, "Latency": 24.64985915492958}}}