{"configurations": {"ratio": "1:0"}}{"ALL STATS": {"Sets": {"Latency": 13.758028169014088, "Ops/sec": 2326.281690140845, "Misses/sec": 0.0}}}