{"configurations": {"ratio": "1:0"}}{"ALL STATS": {"Sets": {"Ops/sec": 2206.385714285714, "Latency": 7.25057142857143, "Misses/sec": 0.0}}}