{"configurations": {"ratio": "1:0"}}{"ALL STATS": {"Sets": {"Ops/sec": 2752.457142857143, "Misses/sec": 0.0, "Latency": 14.904285714285713}}}