{"configurations": {"ratio": "1:0"}}{"ALL STATS": {"Sets": {"Ops/sec": 970.3571428571429, "Misses/sec": 0.0, "Latency": 2.059857142857143}}}