{"configurations": {"ratio": "0:1"}}{"ALL STATS": {"Gets": {"Ops/sec": 999.1857142857143, "Latency": 7.990714285714285, "Misses/sec": 0.0}}}