{"configurations": {"ratio": "1:0"}}{"ALL STATS": {"Sets": {"Ops/sec": 2152.1971830985917, "Latency": 22.314647887323947, "Misses/sec": 0.0}}}