{"configurations": {"ratio": "0:1"}}{"ALL STATS": {"Gets": {"Latency": 43.507746478873244, "Misses/sec": 0.0, "Ops/sec": 1102.4788732394366}}}