{"configurations": {"ratio": "0:1"}}{"ALL STATS": {"Gets": {"Ops/sec": 1073.943661971831, "Misses/sec": 0.0, "Latency": 59.55549295774649}}}