{"configurations": {"ratio": "1:0"}}{"ALL STATS": {"Sets": {"Latency": 24.94718309859155, "Ops/sec": 2525.718309859155, "Misses/sec": 0.0}}}