{"configurations": {"ratio": "0:1"}}{"ALL STATS": {"Gets": {"Misses/sec": 0.0, "Latency": 60.78391891891891, "Ops/sec": 1052.337837837838}}}