{"configurations": {"ratio": "1:0"}}{"ALL STATS": {"Sets": {"Misses/sec": 0.0, "Latency": 6.622285714285714, "Ops/sec": 2416.5285714285715}}}