{"configurations": {"ratio": "0:1"}}{"ALL STATS": {"Gets": {"Misses/sec": 0.0, "Latency": 53.15486486486486, "Ops/sec": 1204.6351351351352}}}