{"configurations": {"ratio": "1:0"}}{"ALL STATS": {"Sets": {"Latency": 25.174305555555556, "Ops/sec": 2545.9444444444443, "Misses/sec": 0.0}}}