{"configurations": {"ratio": "0:1"}}{"ALL STATS": {"Gets": {"Ops/sec": 912.2714285714286, "Misses/sec": 0.0, "Latency": 2.1825714285714284}}}