{"configurations": {"ratio": "1:0"}}{"ALL STATS": {"Sets": {"Ops/sec": 2141.442857142857, "Misses/sec": 0.0, "Latency": 3.735857142857142}}}