{"configurations": {"ratio": "0:1"}}{"ALL STATS": {"Gets": {"Latency": 16.047428571428572, "Ops/sec": 995.5714285714286, "Misses/sec": 0.0}}}