{"configurations": {"ratio": "1:0"}}{"ALL STATS": {"Sets": {"Latency": 3.905142857142858, "Misses/sec": 0.0, "Ops/sec": 2048.442857142857}}}