{"configurations": {"ratio": "0:1"}}{"ALL STATS": {"Gets": {"Misses/sec": 0.0, "Latency": 55.32405405405405, "Ops/sec": 1157.527027027027}}}