{"configurations": {"ratio": "0:1"}}{"ALL STATS": {"Gets": {"Ops/sec": 1039.9859154929577, "Misses/sec": 0.0, "Latency": 46.12338028169014}}}