{"configurations": {"ratio": "1:0"}}{"ALL STATS": {"Sets": {"Ops/sec": 2599.4225352112676, "Misses/sec": 0.0, "Latency": 12.314084507042251}}}