{"configurations": {"ratio": "1:0"}}{"ALL STATS": {"Sets": {"Ops/sec": 925.7285714285714, "Misses/sec": 0.0, "Latency": 2.1639999999999997}}}