{"configurations": {"ratio": "0:1"}}{"ALL STATS": {"Gets": {"Ops/sec": 861.3714285714286, "Misses/sec": 0.0, "Latency": 2.3159999999999994}}}