{"configurations": {"ratio": "0:1"}}{"ALL STATS": {"Gets": {"Ops/sec": 902.3428571428572, "Latency": 2.209714285714286, "Misses/sec": 0.0}}}