{"configurations": {"ratio": "1:0"}}{"ALL STATS": {"Sets": {"Ops/sec": 2514.3194444444443, "Latency": 25.48902777777778, "Misses/sec": 0.0}}}