{"configurations": {"ratio": "0:1"}}{"ALL STATS": {"Gets": {"Ops/sec": 1010.2083333333334, "Misses/sec": 0.0, "Latency": 47.47958333333333}}}