{"configurations": {"ratio": "1:0"}}{"ALL STATS": {"Sets": {"Ops/sec": 2415.0845070422533, "Latency": 13.251971830985916, "Misses/sec": 0.0}}}