{"configurations": {"ratio": "1:0"}}{"ALL STATS": {"Sets": {"Ops/sec": 2341.0857142857144, "Latency": 6.835857142857144, "Misses/sec": 0.0}}}