{"configurations": {"ratio": "1:0"}}{"ALL STATS": {"Sets": {"Misses/sec": 0.0, "Latency": 20.199305555555558, "Ops/sec": 2377.5694444444443}}}