{"configurations": {"ratio": "0:1"}}{"ALL STATS": {"Gets": {"Ops/sec": 1002.3943661971831, "Latency": 15.939295774647885, "Misses/sec": 0.0}}}