{"configurations": {"ratio": "0:1"}}{"ALL STATS": {"Gets": {"Misses/sec": 0.0, "Latency": 47.48777777777778, "Ops/sec": 1009.9305555555555}}}