{"configurations": {"ratio": "0:1"}}{"ALL STATS": {"Gets": {"Misses/sec": 0.0, "Latency": 47.225633802816894, "Ops/sec": 1015.2957746478874}}}