{"configurations": {"ratio": "1:0"}}{"ALL STATS": {"Sets": {"Misses/sec": 0.0, "Latency": 13.425857142857144, "Ops/sec": 2383.942857142857}}}