{"configurations": {"ratio": "1:0"}}{"ALL STATS": {"Sets": {"Misses/sec": 0.0, "Latency": 20.134583333333335, "Ops/sec": 2286.9444444444443}}}