{"configurations": {"ratio": "0:1"}}{"ALL STATS": {"Gets": {"Ops/sec": 996.8428571428572, "Latency": 16.026999999999997, "Misses/sec": 0.0}}}