{"configurations": {"ratio": "0:1"}}{"ALL STATS": {"Gets": {"Ops/sec": 1068.9718309859154, "Misses/sec": 0.0, "Latency": 59.87760563380281}}}