{"configurations": {"ratio": "1:0"}}{"ALL STATS": {"Sets": {"Misses/sec": 0.0, "Latency": 27.019729729729733, "Ops/sec": 2371.162162162162}}}