{"configurations": {"ratio": "0:1"}}{"ALL STATS": {"Gets": {"Ops/sec": 1008.8732394366198, "Misses/sec": 0.0, "Latency": 47.5449295774648}}}