{"configurations": {"ratio": "1:0"}}{"ALL STATS": {"Sets": {"Latency": 25.027297297297295, "Ops/sec": 2557.8783783783783, "Misses/sec": 0.0}}}