{"configurations": {"ratio": "0:1"}}{"ALL STATS": {"Gets": {"Latency": 15.921285714285714, "Ops/sec": 1003.7142857142857, "Misses/sec": 0.0}}}