{"configurations": {"ratio": "0:1"}}{"ALL STATS": {"Gets": {"Ops/sec": 970.0140845070423, "Misses/sec": 0.0, "Latency": 16.47042253521127}}}