requestType,queueLength,netthreadTime,queueTime,workerPreTime,memcachedRTT,workerPostTime, totalRequests
SET,17.267658960221492,97785.75557672133,1940556.7889601425,197312.64292616167,3845831.18320555,363989.862216727,507108
