requestType,queueLength,netthreadTime,queueTime,workerPreTime,memcachedRTT,workerPostTime, totalRequests
SET,3.72975693552895,75091.41204847202,367423.0133722951,65948.16521885346,1771970.9290416257,152312.45634632994,440089
