requestType,queueLength,netthreadTime,queueTime,workerPreTime,memcachedRTT,workerPostTime, totalRequests
SET,7.109114109817893,98561.23202929585,716626.6575597869,143664.94546025124,2439314.190478388,270800.5550081685,433372
