requestType,queueLength,netthreadTime,queueTime,workerPreTime,memcachedRTT,workerPostTime, totalRequests
SET,8.55665821930737,81727.04790897736,789242.8757655838,119264.63402384806,2703060.776116196,229579.01543216076,497986
