{"ALL STATS": {"Sets": {"Latency": 13.761967213114751, "Ops/sec": 2949.44262295082}}, "configuration": {"ratio": "1:0"}}