{"configuration": {"ratio": "1:0"}, "ALL STATS": {"Sets": {"Ops/sec": 3270.3166666666666, "Latency": 4.890666666666665}}}