{"ALL STATS": {"Gets": {"Ops/sec": 2832.866666666667, "Latency": 14.386833333333332}}, "configuration": {"ratio": "0:1"}}