{"ALL STATS": {"Gets": {"Latency": 6.302622950819674, "Ops/sec": 2791.7704918032787}}, "configuration": {"ratio": "0:1"}}