{"ALL STATS": {"Sets": {"Latency": 3.4161666666666672, "Ops/sec": 2436.5833333333335}}, "configuration": {"ratio": "1:0"}}