{"ALL STATS": {"Gets": {"Latency": 8.921129032258062, "Ops/sec": 2790.1129032258063}}, "configuration": {"ratio": "0:1"}}