{"configuration": {"ratio": "1:0"}, "ALL STATS": {"Sets": {"Latency": 14.93533333333333, "Ops/sec": 2737.233333333333}}}