{"ALL STATS": {"Gets": {"Ops/sec": 2829.633333333333, "Latency": 11.57833333333333}}, "configuration": {"ratio": "0:1"}}