{"configuration": {"ratio": "0:1"}, "ALL STATS": {"Gets": {"Ops/sec": 2801.098360655738, "Latency": 4.809180327868853}}}