{"configuration": {"ratio": "1:0"}, "ALL STATS": {"Sets": {"Ops/sec": 1205.5333333333333, "Latency": 11.355833333333335}}}