{"configuration": {"ratio": "1:0"}, "ALL STATS": {"Sets": {"Latency": 1.7536666666666665, "Ops/sec": 3019.8166666666666}}}