{"ALL STATS": {"Sets": {"Ops/sec": 2910.9836065573772, "Latency": 13.090819672131145}}, "configuration": {"ratio": "1:0"}}