{"ALL STATS": {"Gets": {"Ops/sec": 2918.8852459016393, "Latency": 11.003278688524587}}, "configuration": {"ratio": "0:1"}}