{"configuration": {"ratio": "1:0"}, "ALL STATS": {"Sets": {"Ops/sec": 2515.8166666666666, "Latency": 6.635666666666667}}}