{"ALL STATS": {"Sets": {"Ops/sec": 3172.983333333333, "Latency": 5.285833333333334}}, "configuration": {"ratio": "1:0"}}