{"configuration": {"ratio": "0:1"}, "ALL STATS": {"Gets": {"Latency": 6.134499999999999, "Ops/sec": 2783.5833333333335}}}