{"ALL STATS": {"Gets": {"Latency": 8.14672131147541, "Ops/sec": 2941.4262295081967}}, "configuration": {"ratio": "0:1"}}