{"ALL STATS": {"Sets": {"Ops/sec": 2618.9333333333334, "Latency": 6.110166666666666}}, "configuration": {"ratio": "1:0"}}