{"configuration": {"ratio": "0:1"}, "ALL STATS": {"Gets": {"Ops/sec": 2762.733333333333, "Latency": 1.598833333333333}}}