{"configuration": {"ratio": "0:1"}, "ALL STATS": {"Gets": {"Ops/sec": 2858.311475409836, "Latency": 14.441639344262292}}}