{"ALL STATS": {"Gets": {"Latency": 14.03983606557377, "Ops/sec": 2872.1803278688526}}, "configuration": {"ratio": "0:1"}}