{"configuration": {"ratio": "0:1"}, "ALL STATS": {"Gets": {"Latency": 14.303166666666666, "Ops/sec": 2838.133333333333}}}