{"configuration": {"ratio": "1:0"}, "ALL STATS": {"Sets": {"Latency": 1.7273333333333336, "Ops/sec": 2474.9333333333334}}}