{"ALL STATS": {"Sets": {"Ops/sec": 3178.7868852459014, "Latency": 2.796065573770492}}, "configuration": {"ratio": "1:0"}}