{"configuration": {"ratio": "0:1"}, "ALL STATS": {"Gets": {"Ops/sec": 2860.4666666666667, "Latency": 12.160666666666668}}}