{"configuration": {"ratio": "1:0"}, "ALL STATS": {"Sets": {"Ops/sec": 985.5833333333334, "Latency": 3.936666666666667}}}