{"configuration": {"ratio": "0:1"}, "ALL STATS": {"Gets": {"Ops/sec": 2914.4666666666667, "Latency": 11.017166666666665}}}