{"ALL STATS": {"Sets": {"Ops/sec": 2631.0666666666666, "Latency": 9.178666666666667}}, "configuration": {"ratio": "1:0"}}