{"ALL STATS": {"Gets": {"Latency": 11.61083333333333, "Ops/sec": 2819.1833333333334}}, "configuration": {"ratio": "0:1"}}