{"ALL STATS": {"Sets": {"Latency": 12.26295081967213, "Ops/sec": 2793.8688524590166}}, "configuration": {"ratio": "1:0"}}