{"configuration": {"ratio": "0:1"}, "ALL STATS": {"Gets": {"Latency": 5.725737704918033, "Ops/sec": 2805.2295081967213}}}