{"configuration": {"ratio": "0:1"}, "ALL STATS": {"Gets": {"Ops/sec": 2937.8360655737706, "Latency": 8.159180327868853}}}