{"configuration": {"ratio": "1:0"}, "ALL STATS": {"Sets": {"Ops/sec": 2487.5409836065573, "Latency": 6.806393442622951}}}