{"configuration": {"ratio": "1:0"}, "ALL STATS": {"Sets": {"Latency": 8.258833333333333, "Ops/sec": 3093.8166666666666}}}