{"ALL STATS": {"Gets": {"Latency": 6.298524590163934, "Ops/sec": 2769.44262295082}}, "configuration": {"ratio": "0:1"}}