{"configuration": {"ratio": "0:1"}, "ALL STATS": {"Gets": {"Latency": 8.915573770491802, "Ops/sec": 2803.3606557377047}}}