{"ALL STATS": {"Gets": {"Ops/sec": 2792.7833333333333, "Latency": 1.5356666666666665}}, "configuration": {"ratio": "0:1"}}