{"ALL STATS": {"Gets": {"Ops/sec": 884.3666666666667, "Latency": 9.893333333333338}}, "configuration": {"ratio": "0:1"}}