{"configuration": {"ratio": "0:1"}, "ALL STATS": {"Gets": {"Latency": 2.825081967213114, "Ops/sec": 2861.311475409836}}}