{"ALL STATS": {"Gets": {"Latency": 6.169999999999999, "Ops/sec": 2820.7704918032787}}, "configuration": {"ratio": "0:1"}}