{"ALL STATS": {"Gets": {"Ops/sec": 2795.9666666666667, "Latency": 1.5859999999999999}}, "configuration": {"ratio": "0:1"}}