{"ALL STATS": {"Sets": {"Latency": 12.473114754098361, "Ops/sec": 2833.3606557377047}}, "configuration": {"ratio": "1:0"}}