{"configuration": {"ratio": "1:0"}, "ALL STATS": {"Sets": {"Ops/sec": 3212.266666666667, "Latency": 2.5735000000000006}}}