{"ALL STATS": {"Sets": {"Ops/sec": 2841.633333333333, "Latency": 14.79566666666667}}, "configuration": {"ratio": "1:0"}}