{"ALL STATS": {"Gets": {"Ops/sec": 2857.383333333333, "Latency": 12.478333333333332}}, "configuration": {"ratio": "0:1"}}