{"configuration": {"ratio": "1:0"}, "ALL STATS": {"Sets": {"Ops/sec": 2332.2166666666667, "Latency": 3.7978333333333336}}}