{"configuration": {"ratio": "1:0"}, "ALL STATS": {"Sets": {"Latency": 5.430655737704918, "Ops/sec": 3111.3934426229507}}}