{"configuration": {"ratio": "1:0"}, "ALL STATS": {"Sets": {"Latency": 11.64327868852459, "Ops/sec": 2855.622950819672}}}