{"configuration": {"ratio": "0:1"}, "ALL STATS": {"Gets": {"Latency": 2.852295081967213, "Ops/sec": 2848.44262295082}}}