{"configuration": {"ratio": "0:1"}, "ALL STATS": {"Gets": {"Ops/sec": 957.6333333333333, "Latency": 1.2646666666666668}}}