{"configuration": {"ratio": "1:0"}, "ALL STATS": {"Sets": {"Ops/sec": 2845.3278688524592, "Latency": 14.272459016393443}}}