{"configuration": {"ratio": "1:0"}, "ALL STATS": {"Sets": {"Latency": 14.056999999999999, "Ops/sec": 2922.516666666667}}}