{"ALL STATS": {"Sets": {"Ops/sec": 2767.065573770492, "Latency": 12.782295081967211}}, "configuration": {"ratio": "1:0"}}