{"configuration": {"ratio": "1:0"}, "ALL STATS": {"Sets": {"Latency": 3.467377049180328, "Ops/sec": 2425.098360655738}}}