{"ALL STATS": {"Sets": {"Latency": 20.82416666666667, "Ops/sec": 1245.0833333333333}}, "configuration": {"ratio": "1:0"}}