requestType,queueLength,netthreadTime,queueTime,workerPreTime,memcachedRTT,workerPostTime, totalRequests
GET,1.3663482360680903,13223.574655300019,79517.8440832214,17317.583845015215,862841.3270949261,14206.880225322771,145924
