requestType,queueLength,netthreadTime,queueTime,workerPreTime,memcachedRTT,workerPostTime, totalRequests
GET,1.5296466236971813,14749.054000727334,222979.78519641905,22043.291405844986,1075581.9910398563,19048.478013602704,129239
