requestType,queueLength,netthreadTime,queueTime,workerPreTime,memcachedRTT,workerPostTime, totalRequests
GET,1.4298600916214161,17801.936802447955,205309.58842881653,17280.363363814846,1027324.4669508464,17764.07904558077,113074
