requestType,queueLength,netthreadTime,queueTime,workerPreTime,memcachedRTT,workerPostTime, totalRequests
GET,1.4057358502763682,16428.809685813103,156548.03312376764,22700.66325920419,952026.3865921065,18442.69407182338,123748
