{"ALL STATS": {"Gets": {"Ops/sec": 1337.7254901960785, "Latency": 35.903921568627446}}, "configuration": {"ratio": "0:1"}}