{"configuration": {"ratio": "1:0"}, "ALL STATS": {"Sets": {"Latency": 15.117254901960784, "Ops/sec": 3176.5098039215686}}}