{"ALL STATS": {"Sets": {"Latency": 19.503461538461536, "Ops/sec": 2480.9423076923076}}, "configuration": {"ratio": "1:0"}}