{"configuration": {"ratio": "0:1"}, "ALL STATS": {"Gets": {"Ops/sec": 1223.2307692307693, "Latency": 39.26384615384615}}}