{"configuration": {"ratio": "1:0"}, "ALL STATS": {"Sets": {"Latency": 18.695882352941176, "Ops/sec": 2588.2156862745096}}}