{"configuration": {"ratio": "0:1"}, "ALL STATS": {"Gets": {"Latency": 37.956346153846155, "Ops/sec": 1265.1923076923076}}}