{"ALL STATS": {"Sets": {"Ops/sec": 2606.153846153846, "Latency": 18.566153846153846}}, "configuration": {"ratio": "1:0"}}