{"ALL STATS": {"Gets": {"Ops/sec": 1344.0196078431372, "Latency": 35.74254901960784}}, "configuration": {"ratio": "0:1"}}