{"ALL STATS": {"Gets": {"Ops/sec": 1377.0392156862745, "Latency": 34.868039215686274}}, "configuration": {"ratio": "0:1"}}