{"configuration": {"ratio": "1:0"}, "ALL STATS": {"Sets": {"Ops/sec": 3033.6346153846152, "Latency": 15.828846153846154}}}