{"ALL STATS": {"Sets": {"Ops/sec": 2974.4117647058824, "Latency": 16.139019607843135}}, "configuration": {"ratio": "1:0"}}