requestType,queueLength,netthreadTime,queueTime,workerPreTime,memcachedRTT,workerPostTime, totalRequests
SET,32.573179645529265,68641.52805995785,3131300.9500003196,218427.95380841874,1463500.9356160618,392820.8565495255,469263
