requestType,queueLength,netthreadTime,queueTime,workerPreTime,memcachedRTT,workerPostTime, totalRequests
GET,123.42400741342742,17666.970856706772,33567390.512517594,20876.331205772167,1973869.8451753256,14931.930320719935,201796
