requestType,queueLength,netthreadTime,queueTime,workerPreTime,memcachedRTT,workerPostTime, totalRequests
GET,85.69456134990489,17118.14028819523,26919653.848598942,89211.24711459801,7914642.150297164,16814.990119161434,202918
