{"ALL STATS": {"Gets": {"Ops/sec": 2845.3333333333335, "Latency": 2.8488333333333338}}, "configuration": {"ratio": "0:1"}}