{"ALL STATS": {"Gets": {"Latency": 8.432622950819674, "Ops/sec": 2873.4590163934427}}, "configuration": {"ratio": "0:1"}}