{"ALL STATS": {"Gets": {"Ops/sec": 2873.5833333333335, "Latency": 11.374666666666664}}, "configuration": {"ratio": "0:1"}}