{"configuration": {"ratio": "0:1"}, "ALL STATS": {"Gets": {"Latency": 8.372000000000002, "Ops/sec": 2880.883333333333}}}