{"ALL STATS": {"Gets": {"Latency": 0.7867213114754097, "Ops/sec": 1316.8196721311476}}, "configuration": {"ratio": "0:1"}}