{"configuration": {"ratio": "0:1"}, "ALL STATS": {"Gets": {"Ops/sec": 2821.9180327868853, "Latency": 15.338852459016392}}}