{"configuration": {"ratio": "1:0"}, "ALL STATS": {"Sets": {"Latency": 17.43066666666667, "Ops/sec": 2486.5666666666666}}}