{"configuration": {"ratio": "1:0"}, "ALL STATS": {"Sets": {"Latency": 2.7226666666666675, "Ops/sec": 3245.883333333333}}}