{"ALL STATS": {"Sets": {"Latency": 5.7203333333333335, "Ops/sec": 3128.2166666666667}}, "configuration": {"ratio": "1:0"}}