{"ALL STATS": {"Gets": {"Latency": 12.086065573770492, "Ops/sec": 2806.8032786885246}}, "configuration": {"ratio": "0:1"}}