{"configuration": {"ratio": "0:1"}, "ALL STATS": {"Gets": {"Latency": 4.395573770491803, "Ops/sec": 946.7049180327868}}}