{"ALL STATS": {"Sets": {"Ops/sec": 3041.8196721311474, "Latency": 10.827540983606555}}, "configuration": {"ratio": "1:0"}}