{"configuration": {"ratio": "1:0"}, "ALL STATS": {"Sets": {"Ops/sec": 2855.377049180328, "Latency": 17.55655737704918}}}