{"configuration": {"ratio": "1:0"}, "ALL STATS": {"Sets": {"Latency": 29.475081967213114, "Ops/sec": 2951.6065573770493}}}