{"ALL STATS": {"Sets": {"Ops/sec": 1332.5081967213114, "Latency": 0.815245901639344}}, "configuration": {"ratio": "1:0"}}