{"configuration": {"ratio": "0:1"}, "ALL STATS": {"Gets": {"Ops/sec": 2738.766666666667, "Latency": 2.386666666666667}}}