{"configuration": {"ratio": "0:1"}, "ALL STATS": {"Gets": {"Latency": 4.8585245901639365, "Ops/sec": 2581.1967213114754}}}