{"configuration": {"ratio": "0:1"}, "ALL STATS": {"Gets": {"Latency": 0.9708196721311476, "Ops/sec": 1063.5409836065573}}}