{"ALL STATS": {"Gets": {"Ops/sec": 2851.311475409836, "Latency": 2.8673770491803277}}, "configuration": {"ratio": "0:1"}}