{"configuration": {"ratio": "0:1"}, "ALL STATS": {"Gets": {"Latency": 5.890833333333333, "Ops/sec": 2806.4666666666667}}}