{"configuration": {"ratio": "1:0"}, "ALL STATS": {"Sets": {"Latency": 1.3385245901639344, "Ops/sec": 3143.1967213114754}}}