{"configuration": {"ratio": "1:0"}, "ALL STATS": {"Sets": {"Ops/sec": 1343.7166666666667, "Latency": 0.7968333333333334}}}