{"configuration": {"ratio": "1:0"}, "ALL STATS": {"Sets": {"Ops/sec": 1013.1333333333333, "Latency": 0.9838333333333331}}}