{"configuration": {"ratio": "1:0"}, "ALL STATS": {"Sets": {"Ops/sec": 2830.5833333333335, "Latency": 30.69916666666667}}}