{"configuration": {"ratio": "0:1"}, "ALL STATS": {"Gets": {"Ops/sec": 2686.098360655738, "Latency": 1.7319672131147537}}}