{"configuration": {"ratio": "0:1"}, "ALL STATS": {"Gets": {"Ops/sec": 2806.233333333333, "Latency": 11.623666666666669}}}