{"ALL STATS": {"Sets": {"Ops/sec": 3061.616666666667, "Latency": 7.957333333333334}}, "configuration": {"ratio": "1:0"}}