{"ALL STATS": {"Gets": {"Ops/sec": 2866.0163934426228, "Latency": 14.038524590163933}}, "configuration": {"ratio": "0:1"}}