{"ALL STATS": {"Sets": {"Latency": 1.4638333333333333, "Ops/sec": 3089.5666666666666}}, "configuration": {"ratio": "1:0"}}