{"configuration": {"ratio": "1:0"}, "ALL STATS": {"Sets": {"Latency": 9.347000000000001, "Ops/sec": 2635.3166666666666}}}