{"ALL STATS": {"Gets": {"Ops/sec": 1231.7333333333333, "Latency": 0.9968333333333332}}, "configuration": {"ratio": "0:1"}}