{"configuration": {"ratio": "1:0"}, "ALL STATS": {"Sets": {"Latency": 16.785245901639342, "Ops/sec": 2803.8852459016393}}}