{"configuration": {"ratio": "1:0"}, "ALL STATS": {"Sets": {"Latency": 1.1077049180327867, "Ops/sec": 971.7540983606557}}}