{"ALL STATS": {"Gets": {"Ops/sec": 2764.616666666667, "Latency": 1.5423333333333331}}, "configuration": {"ratio": "0:1"}}