{"ALL STATS": {"Gets": {"Ops/sec": 2889.766666666667, "Latency": 8.376166666666668}}, "configuration": {"ratio": "0:1"}}