{"configuration": {"ratio": "1:0"}, "ALL STATS": {"Sets": {"Ops/sec": 3098.4333333333334, "Latency": 7.949833333333333}}}