{"ALL STATS": {"Gets": {"Ops/sec": 2882.2131147540986, "Latency": 8.38344262295082}}, "configuration": {"ratio": "0:1"}}