{"configuration": {"ratio": "0:1"}, "ALL STATS": {"Gets": {"Ops/sec": 2866.1475409836066, "Latency": 14.0627868852459}}}