{"configuration": {"ratio": "1:0"}, "ALL STATS": {"Sets": {"Ops/sec": 2383.4262295081967, "Latency": 3.278852459016393}}}