{"configuration": {"ratio": "1:0"}, "ALL STATS": {"Sets": {"Latency": 5.481967213114753, "Ops/sec": 3152.8852459016393}}}