{"ALL STATS": {"Gets": {"Latency": 2.842131147540983, "Ops/sec": 2859.3934426229507}}, "configuration": {"ratio": "0:1"}}