{"ALL STATS": {"Gets": {"Ops/sec": 2698.1147540983607, "Latency": 4.0514754098360655}}, "configuration": {"ratio": "0:1"}}