{"configuration": {"ratio": "1:0"}, "ALL STATS": {"Sets": {"Ops/sec": 2518.8688524590166, "Latency": 7.4218032786885235}}}