{"configuration": {"ratio": "1:0"}, "ALL STATS": {"Sets": {"Ops/sec": 3261.7833333333333, "Latency": 2.5786666666666673}}}