{"configuration": {"ratio": "0:1"}, "ALL STATS": {"Gets": {"Ops/sec": 2856.9666666666667, "Latency": 14.153333333333334}}}