{"ALL STATS": {"Gets": {"Ops/sec": 2809.6833333333334, "Latency": 2.9181666666666666}}, "configuration": {"ratio": "0:1"}}