{"ALL STATS": {"Gets": {"Latency": 7.864166666666666, "Ops/sec": 2610.0666666666666}}, "configuration": {"ratio": "0:1"}}