{"ALL STATS": {"Sets": {"Ops/sec": 3075.1833333333334, "Latency": 8.188833333333333}}, "configuration": {"ratio": "1:0"}}