{"ALL STATS": {"Sets": {"Ops/sec": 2543.1666666666665, "Latency": 31.101166666666668}}, "configuration": {"ratio": "1:0"}}