{"configuration": {"ratio": "1:0"}, "ALL STATS": {"Sets": {"Latency": 0.9314754098360657, "Ops/sec": 1071.327868852459}}}