{"configuration": {"ratio": "1:0"}, "ALL STATS": {"Sets": {"Ops/sec": 2462.44262295082, "Latency": 18.57311475409836}}}