{"configuration": {"ratio": "0:1"}, "ALL STATS": {"Gets": {"Ops/sec": 2848.866666666667, "Latency": 14.164833333333332}}}