{"ALL STATS": {"Gets": {"Ops/sec": 2857.4166666666665, "Latency": 11.663666666666666}}, "configuration": {"ratio": "0:1"}}