{"ALL STATS": {"Sets": {"Latency": 7.968500000000001, "Ops/sec": 2541.5833333333335}}, "configuration": {"ratio": "1:0"}}