{"configuration": {"ratio": "1:0"}, "ALL STATS": {"Sets": {"Ops/sec": 2618.3870967741937, "Latency": 12.219999999999995}}}