{"configuration": {"ratio": "1:0"}, "ALL STATS": {"Sets": {"Ops/sec": 552.6666666666666, "Latency": 1.8063333333333333}}}