{"ALL STATS": {"Sets": {"Latency": 12.157741935483873, "Ops/sec": 2631.935483870968}}, "configuration": {"ratio": "1:0"}}