{"configuration": {"ratio": "1:0"}, "ALL STATS": {"Sets": {"Latency": 1.8420000000000003, "Ops/sec": 543.3333333333334}}}