{"configuration": {"ratio": "1:0"}, "ALL STATS": {"Sets": {"Latency": 12.858709677419355, "Ops/sec": 2488.8064516129034}}}