{"configuration": {"ratio": "1:0"}, "ALL STATS": {"Sets": {"Latency": 1.9541935483870967, "Ops/sec": 510.2258064516129}}}