{"configuration": {"ratio": "1:0"}, "ALL STATS": {"Sets": {"Ops/sec": 2412.0666666666666, "Latency": 13.278333333333332}}}