{"ALL STATS": {"Sets": {"Latency": 2.0416666666666665, "Ops/sec": 490.1333333333333}}, "configuration": {"ratio": "1:0"}}