{"configuration": {"ratio": "1:0"}, "ALL STATS": {"Sets": {"Latency": 2.0763333333333334, "Ops/sec": 480.1333333333333}}}