{"configuration": {"ratio": "1:0"}, "ALL STATS": {"Sets": {"Latency": 13.298387096774194, "Ops/sec": 2408.064516129032}}}