{"ALL STATS": {"Sets": {"Ops/sec": 516.8666666666667, "Latency": 1.9293333333333336}}, "configuration": {"ratio": "1:0"}}