{"configuration": {"ratio": "1:0"}, "ALL STATS": {"Sets": {"Latency": 13.504193548387098, "Ops/sec": 2371.3548387096776}}}