{"configuration": {"ratio": "1:0"}, "ALL STATS": {"Sets": {"Latency": 13.618387096774194, "Ops/sec": 2352.7741935483873}}}