{"ALL STATS": {"Sets": {"Latency": 1.9430000000000003, "Ops/sec": 513.2666666666667}}, "configuration": {"ratio": "1:0"}}