{"ALL STATS": {"Sets": {"Latency": 13.135999999999997, "Ops/sec": 2436.766666666667}}, "configuration": {"ratio": "1:0"}}