{"ALL STATS": {"Sets": {"Ops/sec": 512.8387096774194, "Latency": 1.9480645161290322}}, "configuration": {"ratio": "1:0"}}