{"ALL STATS": {"Sets": {"Latency": 12.626249999999999, "Ops/sec": 2535.15625}}, "configuration": {"ratio": "1:0"}}