{"ALL STATS": {"Sets": {"Ops/sec": 489.1333333333333, "Latency": 2.0456666666666665}}, "configuration": {"ratio": "1:0"}}