{"ALL STATS": {"Sets": {"Ops/sec": 2554.7741935483873, "Latency": 12.523870967741935}}, "configuration": {"ratio": "1:0"}}