{"ALL STATS": {"Sets": {"Latency": 1.9946666666666666, "Ops/sec": 500.3333333333333}}, "configuration": {"ratio": "1:0"}}