{"configuration": {"ratio": "1:0"}, "ALL STATS": {"Sets": {"Ops/sec": 2553.6451612903224, "Latency": 12.534193548387098}}}