client,cpu_mean,cpu_std
4,14.989625,0.1631249999999973
8,11.708750000000006,0.1789999999999985
