client,cpu_mean,cpu_std
4,15.981625000000001,1.347375000000003
8,15.4845,0.42700000000000315
