client,cpu_mean,cpu_std
4,9.152875,0.548625000000003
8,8.95075,0.19399999999999906
