client,cpu_mean,cpu_std
4,9.679875000000004,0.13362500000000033
8,10.218500000000004,0.4557500000000001
