client,write_rt_mean,write_rt_std,read_rt_mean,read_rt_std
4,0.7224999999999999,0.012500000000000011,0.7275,0.007500000000000062
8,1.4125,0.0024999999999999467,1.355,0.0050000000000000044
