client,write_tp_mean,write_tp_std,read_tp_mean,read_tp_std
4,5960.92,9.180000000000291,5500.93,41.2199999999998
8,6102.73,564.8899999999999,5875.635,13.424999999999729
