{"configuration": {"ratio": "0:1"}, "ALL STATS": {"Gets": {"Ops/sec": 977.0833333333334, "Latency": 65.42888888888889}}}