{"ALL STATS": {"Sets": {"Latency": 17.282083333333333, "Ops/sec": 3705.097222222222}}, "configuration": {"ratio": "1:0"}}