{"configuration": {"ratio": "0:1"}, "ALL STATS": {"Gets": {"Ops/sec": 978.8194444444445, "Latency": 65.31569444444443}}}