{"configuration": {"ratio": "1:0"}, "ALL STATS": {"Sets": {"Ops/sec": 3970.225352112676, "Latency": 15.373802816901408}}}