{"ALL STATS": {"Gets": {"Ops/sec": 973.5972222222222, "Latency": 65.66333333333334}}, "configuration": {"ratio": "0:1"}}