{"ALL STATS": {"Sets": {"Latency": 16.87554054054054, "Ops/sec": 3557.175675675676}}, "configuration": {"ratio": "1:0"}}