{"ALL STATS": {"Sets": {"Ops/sec": 3520.4166666666665, "Latency": 18.183611111111112}}, "configuration": {"ratio": "1:0"}}