{"configuration": {"ratio": "1:0"}, "ALL STATS": {"Sets": {"Ops/sec": 3277.8732394366198, "Latency": 19.528028169014092}}}