{"configuration": {"ratio": "1:0"}, "ALL STATS": {"Sets": {"Latency": 17.54352112676057, "Ops/sec": 3653.0281690140846}}}