{"ALL STATS": {"Gets": {"Latency": 65.43847222222222, "Ops/sec": 977.0972222222222}}, "configuration": {"ratio": "0:1"}}