{"configuration": {"ratio": "0:1"}, "ALL STATS": {"Gets": {"Latency": 65.64816901408452, "Ops/sec": 974.0704225352113}}}