{"configuration": {"ratio": "1:0"}, "ALL STATS": {"Sets": {"Latency": 18.288714285714285, "Ops/sec": 3226.4857142857145}}}