{"configuration": {"ratio": "0:1"}, "ALL STATS": {"Gets": {"Ops/sec": 979.7916666666666, "Latency": 65.26208333333335}}}