{"configuration": {"ratio": "1:0"}, "ALL STATS": {"Sets": {"Ops/sec": 2552.521126760563, "Latency": 15.286619718309858}}}