{"configuration": {"ratio": "0:1"}, "ALL STATS": {"Gets": {"Ops/sec": 972.7887323943662, "Latency": 65.73098591549295}}}