{"configuration": {"ratio": "0:1"}, "ALL STATS": {"Gets": {"Latency": 65.19708333333332, "Ops/sec": 980.5972222222222}}}