{"ALL STATS": {"Sets": {"Latency": 20.385416666666668, "Ops/sec": 3140.5833333333335}}, "configuration": {"ratio": "1:0"}}