{"configuration": {"ratio": "0:1"}, "ALL STATS": {"Gets": {"Ops/sec": 974.7887323943662, "Latency": 65.59464788732394}}}