{"configuration": {"ratio": "1:0"}, "ALL STATS": {"Sets": {"Ops/sec": 3662.1666666666665, "Latency": 17.489444444444445}}}