{"configuration": {"ratio": "1:0"}, "ALL STATS": {"Sets": {"Latency": 17.802027027027027, "Ops/sec": 3597.554054054054}}}