{"configuration": {"ratio": "0:1"}, "ALL STATS": {"Gets": {"Ops/sec": 977.0135135135135, "Latency": 65.44162162162162}}}