{"ALL STATS": {"Gets": {"Ops/sec": 974.1971830985915, "Latency": 65.63802816901408}}, "configuration": {"ratio": "0:1"}}