{"ALL STATS": {"Gets": {"Ops/sec": 976.7916666666666, "Latency": 65.45125000000002}}, "configuration": {"ratio": "0:1"}}