{"configuration": {"ratio": "1:0"}, "ALL STATS": {"Sets": {"Ops/sec": 3281.2027027027025, "Latency": 19.509594594594596}}}