{"ALL STATS": {"Sets": {"Ops/sec": 3910.3194444444443, "Latency": 16.37888888888889}}, "configuration": {"ratio": "1:0"}}