{"configuration": {"ratio": "1:0"}, "ALL STATS": {"Sets": {"Ops/sec": 3155.4864864864867, "Latency": 20.288648648648646}}}