{"configuration": {"ratio": "1:0"}, "ALL STATS": {"Sets": {"Ops/sec": 3266.056338028169, "Latency": 19.598450704225353}}}