{"configuration": {"ratio": "1:0"}, "ALL STATS": {"Sets": {"Ops/sec": 2897.222222222222, "Latency": 18.297083333333333}}}