{"configuration": {"ratio": "0:1"}, "ALL STATS": {"Gets": {"Latency": 65.62541666666667, "Ops/sec": 974.3333333333334}}}