{"ALL STATS": {"Sets": {"Ops/sec": 3712.2432432432433, "Latency": 17.245945945945945}}, "configuration": {"ratio": "1:0"}}