{"ALL STATS": {"Sets": {"Ops/sec": 3144.9859154929577, "Latency": 20.35830985915493}}, "configuration": {"ratio": "1:0"}}