{"configuration": {"ratio": "0:1"}, "ALL STATS": {"Gets": {"Ops/sec": 977.3098591549295, "Latency": 65.4298591549296}}}