{"configuration": {"ratio": "1:0"}, "ALL STATS": {"Sets": {"Latency": 20.846901408450705, "Ops/sec": 3069.6338028169016}}}