{"ALL STATS": {"Gets": {"Ops/sec": 2946.027027027027, "Latency": 21.711216216216215}}, "configuration": {"ratio": "0:1"}}