{"configuration": {"ratio": "1:0"}, "ALL STATS": {"Sets": {"Ops/sec": 1535.4444444444443, "Latency": 41.73916666666667}}}