{"configuration": {"ratio": "0:1"}, "ALL STATS": {"Gets": {"Latency": 28.39704225352112, "Ops/sec": 2257.0140845070423}}}