{"configuration": {"ratio": "0:1"}, "ALL STATS": {"Gets": {"Ops/sec": 2947.027027027027, "Latency": 21.700810810810815}}}