{"configuration": {"ratio": "0:1"}, "ALL STATS": {"Gets": {"Latency": 28.03097222222222, "Ops/sec": 2285.472222222222}}}