{"configuration": {"ratio": "0:1"}, "ALL STATS": {"Gets": {"Latency": 27.794507042253517, "Ops/sec": 2305.1267605633802}}}