{"configuration": {"ratio": "0:1"}, "ALL STATS": {"Gets": {"Ops/sec": 2977.239436619718, "Latency": 21.484084507042247}}}