{"ALL STATS": {"Sets": {"Latency": 43.14028169014084, "Ops/sec": 1486.4929577464789}}, "configuration": {"ratio": "1:0"}}