{"ALL STATS": {"Gets": {"Latency": 21.66432432432433, "Ops/sec": 2952.3513513513512}}, "configuration": {"ratio": "0:1"}}