{"ALL STATS": {"Gets": {"Latency": 28.278888888888886, "Ops/sec": 2265.847222222222}}, "configuration": {"ratio": "0:1"}}