{"configuration": {"ratio": "1:0"}, "ALL STATS": {"Sets": {"Ops/sec": 1477.0972222222222, "Latency": 43.41597222222222}}}