{"ALL STATS": {"Gets": {"Latency": 22.04112676056338, "Ops/sec": 2901.845070422535}}, "configuration": {"ratio": "0:1"}}