{"ALL STATS": {"Sets": {"Ops/sec": 1531.0416666666667, "Latency": 41.854305555555555}}, "configuration": {"ratio": "1:0"}}