{"configuration": {"ratio": "0:1"}, "ALL STATS": {"Gets": {"Ops/sec": 2262.8169014084506, "Latency": 28.315211267605633}}}