{"configuration": {"ratio": "1:0"}, "ALL STATS": {"Sets": {"Latency": 24.79347222222222, "Ops/sec": 2583.027777777778}}}