{"ALL STATS": {"Sets": {"Latency": 21.598783783783787, "Ops/sec": 1851.8513513513512}}, "configuration": {"ratio": "1:0"}}