{"configuration": {"ratio": "1:0"}, "ALL STATS": {"Sets": {"Latency": 24.6530985915493, "Ops/sec": 2597.7464788732395}}}