{"configuration": {"ratio": "0:1"}, "ALL STATS": {"Gets": {"Ops/sec": 2863.7837837837837, "Latency": 22.334864864864866}}}