{"ALL STATS": {"Gets": {"Latency": 21.606891891891895, "Ops/sec": 2960.4594594594596}}, "configuration": {"ratio": "0:1"}}