{"ALL STATS": {"Gets": {"Latency": 28.60135135135135, "Ops/sec": 2240.810810810811}}, "configuration": {"ratio": "0:1"}}