{"ALL STATS": {"Gets": {"Ops/sec": 2256.760563380282, "Latency": 28.39971830985915}}, "configuration": {"ratio": "0:1"}}