{"ALL STATS": {"Sets": {"Latency": 23.650555555555556, "Ops/sec": 2368.6944444444443}}, "configuration": {"ratio": "1:0"}}