{"ALL STATS": {"Sets": {"Ops/sec": 1512.8169014084508, "Latency": 41.70507042253521}}, "configuration": {"ratio": "1:0"}}