{"configuration": {"ratio": "1:0"}, "ALL STATS": {"Sets": {"Latency": 25.70216216216216, "Ops/sec": 2492.2972972972975}}}