{"ALL STATS": {"Sets": {"Latency": 23.634647887323943, "Ops/sec": 2625.112676056338}}, "configuration": {"ratio": "1:0"}}