{"ALL STATS": {"Sets": {"Ops/sec": 1485.6527777777778, "Latency": 43.16388888888889}}, "configuration": {"ratio": "1:0"}}