{"ALL STATS": {"Gets": {"Ops/sec": 2954.0405405405404, "Latency": 21.650945945945946}}, "configuration": {"ratio": "0:1"}}