{"ALL STATS": {"Sets": {"Ops/sec": 1525.4027777777778, "Latency": 42.010000000000005}}, "configuration": {"ratio": "1:0"}}