{"configuration": {"ratio": "1:0"}, "ALL STATS": {"Sets": {"Ops/sec": 1471.6891891891892, "Latency": 41.49486486486487}}}