{"configuration": {"ratio": "1:0"}, "ALL STATS": {"Sets": {"Ops/sec": 1494.1408450704225, "Latency": 41.554647887323945}}}