{"configuration": {"ratio": "0:1"}, "ALL STATS": {"Gets": {"Latency": 22.00084507042254, "Ops/sec": 2907.1267605633802}}}