{"configuration": {"ratio": "1:0"}, "ALL STATS": {"Sets": {"Ops/sec": 2716.4383561643835, "Latency": 23.566027397260275}}}