{"configuration": {"ratio": "0:1"}, "ALL STATS": {"Gets": {"Ops/sec": 2300.7567567567567, "Latency": 27.847837837837837}}}