requestType,queueLength,netthreadTime,queueTime,workerPreTime,memcachedRTT,workerPostTime, totalRequests
GET,1.5384615384615385,12549.33035566584,90609.28729764858,10873.672409311119,1024630.6311473473,13072.12436488243,84630
