client,netrecv_mean,netrecv_std
2,318638.4285714285,1916.7142857142899
4,471791.71428571426,2650.0
