client,netsend_mean,netsend_std
2,9497649.357142856,58416.5
4,14085113.57142857,78196.57142857183
