client,cpu_mean,cpu_std
2,7.813714285714283,0.006428571428571672
4,7.848214285714285,0.2592142857142843
