client,netsend_mean,netsend_std
2,166967.42857142858,554.8571428571449
4,163698.21428571426,484.35714285714494
