client,cpu_mean,cpu_std
2,10.392499999999998,0.4643571428571436
4,12.874142857142857,0.1418571428571438
