client,netsend_mean,netsend_std
2,880852.5714285714,11047.71428571426
4,1318060.4285714286,15855.571428571478
