client,cpu_mean,cpu_std
2,16.491642857142857,0.0137857142857154
4,15.874500000000001,0.06649999999999956
