client,netsend_mean,netsend_std
2,12352066.214285715,175386.78571428545
4,12596236.714285715,12605.0
