client,netrecv_mean,netrecv_std
2,450429.2857142857,6233.85714285713
4,457873.7857142857,568.7857142857101
