client,netrecv_mean,netrecv_std
2,4617249.285714285,23006.428571428638
4,4553825.285714285,14818.285714285914
