client,netrecv_mean,netrecv_std
2,27183945.214285716,339480.07142857276
4,40694248.0,491143.2857142836
