client,cpu_mean,cpu_std
2,25.951928571428574,0.950785714285713
4,42.162928571428566,0.14135714285714585
