requestType,queueLength,netthreadTime,queueTime,workerPreTime,memcachedRTT,workerPostTime, totalRequests
SET,2.0668804693526264,23446.775670571606,125654.18037701723,13826.993559320746,1911263.505758613,35781.26641613248,263171
