requestType,queueLength,netthreadTime,queueTime,workerPreTime,memcachedRTT,workerPostTime, totalRequests
GET,117.02216104360193,19206.77187160998,68707751.16087951,26691.515702343728,77550671.29369992,16216.853569377467,109697
