requestType,queueLength,netthreadTime,queueTime,workerPreTime,memcachedRTT,workerPostTime, totalRequests
GET,19.584643320363163,14982.196492866407,18714591.560072634,43398.28265629053,58425881.38458107,17562.288601815824,96375
