requestType,queueLength,netthreadTime,queueTime,workerPreTime,memcachedRTT,workerPostTime, totalRequests
SET,2.028322664620717,23847.05022883339,414967.4582507892,12575.462747298468,1915188.659731049,35420.76007038679,261981
