requestType,queueLength,netthreadTime,queueTime,workerPreTime,memcachedRTT,workerPostTime, totalRequests
GET,59.18045154064085,19403.036764544395,41132624.48185931,16737.247392001405,46389623.694847696,15625.525223464301,91066
