requestType,queueLength,netthreadTime,queueTime,workerPreTime,memcachedRTT,workerPostTime, totalRequests
SET,56.36405602691506,40385.427884157994,8425773.658837343,49970.88224228744,16544502.017738685,116415.3922900288,462492
