requestType,queueLength,netthreadTime,queueTime,workerPreTime,memcachedRTT,workerPostTime, totalRequests
SET,3.338790090859672,27700.78416711967,199810.52359711114,19442.80820377417,3493821.2747161607,46421.505847635315,321925
