requestType,queueLength,netthreadTime,queueTime,workerPreTime,memcachedRTT,workerPostTime, totalRequests
SET,47.328077932391324,23518.002251035206,9090097.083491314,18040.432607767565,11908930.19604606,50403.60399096004,334957
