requestType,queueLength,netthreadTime,queueTime,workerPreTime,memcachedRTT,workerPostTime, totalRequests
SET,1.3993171734547247,24942.392976641248,93696.94723565383,12422.456072541143,1102302.0611030112,30618.583208340762,190678
