requestType,queueLength,netthreadTime,queueTime,workerPreTime,memcachedRTT,workerPostTime, totalRequests
SET,5.765489767907771,37100.228399560176,342881.56188825687,42316.595042450244,5941064.40793692,78827.65340413095,388337
