requestType,queueLength,netthreadTime,queueTime,workerPreTime,memcachedRTT,workerPostTime, totalRequests
SET,34.748056108265246,25192.852800474153,7594391.199532902,14446.279183071561,9252073.273690078,43931.10679409565,283452
