requestType,queueLength,netthreadTime,queueTime,workerPreTime,memcachedRTT,workerPostTime, totalRequests
GET,35.53574227058007,14540.209841717598,25904372.73432288,17878.436183312064,31254814.556238387,16372.424340116864,89334
