requestType,queueLength,netthreadTime,queueTime,workerPreTime,memcachedRTT,workerPostTime, totalRequests
SET,34.84754401083344,24075.46571463745,7573567.552185154,12453.055609292836,9226286.483326005,40032.980369673416,284305
