requestType,queueLength,netthreadTime,queueTime,workerPreTime,memcachedRTT,workerPostTime, totalRequests
GET,72.0515769699766,18826.637862659154,51545942.95566248,27116.771369563547,62053112.16260752,17529.272550505884,91029
