requestType,queueLength,netthreadTime,queueTime,workerPreTime,memcachedRTT,workerPostTime, totalRequests
SET,5.487914102123494,38140.828415138356,336416.0718722988,42771.62991168599,6003321.541233168,79440.7388435863,384084
