requestType,queueLength,netthreadTime,queueTime,workerPreTime,memcachedRTT,workerPostTime, totalRequests
SET,127.12504746278744,24463.956529311974,27148030.962252714,13714.305325934363,28806519.44863046,44204.810208069895,287067
