requestType,queueLength,netthreadTime,queueTime,workerPreTime,memcachedRTT,workerPostTime, totalRequests
GET,41.48358164839326,18137.163795571894,29753628.6788007,47609.22467509675,65140239.81432253,17814.783619519134,108263
