requestType,queueLength,netthreadTime,queueTime,workerPreTime,memcachedRTT,workerPostTime, totalRequests
GET,2.871622690994596,15459.823249451718,170998.83648737255,14934.663614370662,7283777.521139976,15914.545219200072,88458
