requestType,queueLength,netthreadTime,queueTime,workerPreTime,memcachedRTT,workerPostTime, totalRequests
GET,7.6039232898912825,14801.840603686947,9909462.291219303,36723.173959529115,31212570.815855224,17762.132205640715,88854
