{"configuration": {"ratio": "1:0"}, "ALL STATS": {"Sets": {"Ops/sec": 2281.6666666666665, "Latency": 3.503166666666666}}}