{"ALL STATS": {"Sets": {"Ops/sec": 2441.0333333333333, "Latency": 6.553166666666668}}, "configuration": {"ratio": "1:0"}}