{"configuration": {"ratio": "1:0"}, "ALL STATS": {"Sets": {"Ops/sec": 2698.8688524590166, "Latency": 11.858688524590166}}}