{"ALL STATS": {"Gets": {"Latency": 48.67655737704919, "Ops/sec": 985.1967213114754}}, "configuration": {"ratio": "0:1"}}