{"ALL STATS": {"Sets": {"Ops/sec": 3108.0819672131147, "Latency": 20.66377049180328}}, "configuration": {"ratio": "1:0"}}