{"configuration": {"ratio": "1:0"}, "ALL STATS": {"Sets": {"Ops/sec": 2835.4262295081967, "Latency": 28.234918032786883}}}