{"configuration": {"ratio": "0:1"}, "ALL STATS": {"Gets": {"Latency": 1.9533333333333331, "Ops/sec": 1017.2833333333333}}}