{"ALL STATS": {"Sets": {"Ops/sec": 2808.688524590164, "Latency": 11.394754098360657}}, "configuration": {"ratio": "1:0"}}