{"ALL STATS": {"Gets": {"Ops/sec": 997.016393442623, "Latency": 48.10721311475409}}, "configuration": {"ratio": "0:1"}}