{"configuration": {"ratio": "0:1"}, "ALL STATS": {"Gets": {"Latency": 32.686885245901635, "Ops/sec": 979.5737704918033}}}