{"configuration": {"ratio": "0:1"}, "ALL STATS": {"Gets": {"Latency": 32.653770491803286, "Ops/sec": 979.4918032786885}}}