{"configuration": {"ratio": "1:0"}, "ALL STATS": {"Sets": {"Ops/sec": 2527.754098360656, "Latency": 25.34393442622951}}}