{"ALL STATS": {"Gets": {"Latency": 65.31819672131147, "Ops/sec": 978.8688524590164}}, "configuration": {"ratio": "0:1"}}