{"ALL STATS": {"Sets": {"Ops/sec": 2534.688524590164, "Latency": 25.269344262295085}}, "configuration": {"ratio": "1:0"}}