{"ALL STATS": {"Gets": {"Latency": 81.4939344262295, "Ops/sec": 980.8032786885246}}, "configuration": {"ratio": "0:1"}}