{"ALL STATS": {"Sets": {"Ops/sec": 2940.0833333333335, "Latency": 16.337999999999997}}, "configuration": {"ratio": "1:0"}}