{"configuration": {"ratio": "1:0"}, "ALL STATS": {"Sets": {"Latency": 22.379836065573773, "Ops/sec": 2862.967213114754}}}