{"configuration": {"ratio": "0:1"}, "ALL STATS": {"Gets": {"Latency": 49.203278688524584, "Ops/sec": 974.688524590164}}}