{"configuration": {"ratio": "0:1"}, "ALL STATS": {"Gets": {"Ops/sec": 978.1639344262295, "Latency": 8.161967213114753}}}