{"ALL STATS": {"Gets": {"Latency": 65.08049180327869, "Ops/sec": 982.5573770491803}}, "configuration": {"ratio": "0:1"}}