{"configuration": {"ratio": "0:1"}, "ALL STATS": {"Gets": {"Ops/sec": 985.6229508196722, "Latency": 32.46065573770492}}}