{"configuration": {"ratio": "1:0"}, "ALL STATS": {"Sets": {"Latency": 27.52709677419355, "Ops/sec": 2924.2258064516127}}}