{"configuration": {"ratio": "0:1"}, "ALL STATS": {"Gets": {"Ops/sec": 793.0833333333334, "Latency": 12.791166666666667}}}