{"ALL STATS": {"Gets": {"Latency": 20.24950819672131, "Ops/sec": 936.9016393442623}}, "configuration": {"ratio": "0:1"}}