{"configuration": {"ratio": "1:0"}, "ALL STATS": {"Sets": {"Ops/sec": 2826.655737704918, "Latency": 17.052131147540983}}}