{"ALL STATS": {"Sets": {"Latency": 33.424032258064514, "Ops/sec": 2396.983870967742}}, "configuration": {"ratio": "1:0"}}