{"configuration": {"ratio": "1:0"}, "ALL STATS": {"Sets": {"Latency": 12.375573770491801, "Ops/sec": 2587.590163934426}}}