{"ALL STATS": {"Sets": {"Latency": 3.5403333333333333, "Ops/sec": 2258.6833333333334}}, "configuration": {"ratio": "1:0"}}