{"configuration": {"ratio": "0:1"}, "ALL STATS": {"Gets": {"Latency": 32.58836065573771, "Ops/sec": 981.0327868852459}}}