{"configuration": {"ratio": "0:1"}, "ALL STATS": {"Gets": {"Latency": 65.75306451612903, "Ops/sec": 972.5322580645161}}}