{"ALL STATS": {"Gets": {"Ops/sec": 980.6935483870968, "Latency": 81.49048387096775}}, "configuration": {"ratio": "0:1"}}