{"configuration": {"ratio": "0:1"}, "ALL STATS": {"Gets": {"Ops/sec": 964.5737704918033, "Latency": 49.70311475409836}}}