{"configuration": {"ratio": "1:0"}, "ALL STATS": {"Sets": {"Latency": 3.387833333333333, "Ops/sec": 2359.116666666667}}}