{"ALL STATS": {"Sets": {"Ops/sec": 2436.2622950819673, "Latency": 19.70885245901639}}, "configuration": {"ratio": "1:0"}}