{"configuration": {"ratio": "1:0"}, "ALL STATS": {"Sets": {"Ops/sec": 2865.1967213114754, "Latency": 11.172295081967212}}}