{"ALL STATS": {"Sets": {"Latency": 16.028524590163933, "Ops/sec": 2997.1311475409834}}, "configuration": {"ratio": "1:0"}}