{"ALL STATS": {"Gets": {"Ops/sec": 976.9672131147541, "Latency": 32.723606557377046}}, "configuration": {"ratio": "0:1"}}