{"ALL STATS": {"Sets": {"Latency": 19.061311475409838, "Ops/sec": 2520.032786885246}}, "configuration": {"ratio": "1:0"}}