{"ALL STATS": {"Sets": {"Latency": 23.15693548387097, "Ops/sec": 2836.2741935483873}}, "configuration": {"ratio": "1:0"}}