{"configuration": {"ratio": "1:0"}, "ALL STATS": {"Sets": {"Latency": 13.646666666666665, "Ops/sec": 2350.766666666667}}}