{"configuration": {"ratio": "1:0"}, "ALL STATS": {"Sets": {"Latency": 36.30950819672131, "Ops/sec": 2204.934426229508}}}