{"configuration": {"ratio": "1:0"}, "ALL STATS": {"Sets": {"Latency": 17.99383333333333, "Ops/sec": 2678.5666666666666}}}