{"configuration": {"ratio": "0:1"}, "ALL STATS": {"Gets": {"Ops/sec": 978.0322580645161, "Latency": 65.36629032258065}}}