{"ALL STATS": {"Gets": {"Ops/sec": 974.6774193548387, "Latency": 65.60274193548388}}, "configuration": {"ratio": "0:1"}}