{"ALL STATS": {"Gets": {"Latency": 48.78803278688524, "Ops/sec": 983.016393442623}}, "configuration": {"ratio": "0:1"}}