{"ALL STATS": {"Sets": {"Latency": 21.492903225806455, "Ops/sec": 2981.032258064516}}, "configuration": {"ratio": "1:0"}}