{"ALL STATS": {"Sets": {"Latency": 30.936885245901642, "Ops/sec": 2707.311475409836}}, "configuration": {"ratio": "1:0"}}