{"ALL STATS": {"Sets": {"Latency": 13.565737704918032, "Ops/sec": 2364.44262295082}}, "configuration": {"ratio": "1:0"}}