{"configuration": {"ratio": "0:1"}, "ALL STATS": {"Gets": {"Latency": 66.23180327868852, "Ops/sec": 965.360655737705}}}