{"configuration": {"ratio": "1:0"}, "ALL STATS": {"Sets": {"Latency": 25.21213114754098, "Ops/sec": 2566.0491803278687}}}