{"configuration": {"ratio": "0:1"}, "ALL STATS": {"Gets": {"Ops/sec": 974.983606557377, "Latency": 32.78409836065574}}}