{"ALL STATS": {"Sets": {"Ops/sec": 1227.3166666666666, "Latency": 1.6268333333333334}}, "configuration": {"ratio": "1:0"}}