{"configuration": {"ratio": "0:1"}, "ALL STATS": {"Gets": {"Latency": 16.218032786885246, "Ops/sec": 985.2786885245902}}}