{"configuration": {"ratio": "1:0"}, "ALL STATS": {"Sets": {"Latency": 11.765573770491804, "Ops/sec": 2719.9508196721313}}}