{"configuration": {"ratio": "1:0"}, "ALL STATS": {"Sets": {"Latency": 36.274838709677425, "Ops/sec": 2207.483870967742}}}