{"configuration": {"ratio": "0:1"}, "ALL STATS": {"Gets": {"Latency": 81.6533870967742, "Ops/sec": 978.8387096774194}}}