{"ALL STATS": {"Sets": {"Latency": 19.561639344262296, "Ops/sec": 2456.3606557377047}}, "configuration": {"ratio": "1:0"}}