{"ALL STATS": {"Sets": {"Latency": 12.908196721311475, "Ops/sec": 2480.311475409836}}, "configuration": {"ratio": "1:0"}}