{"configuration": {"ratio": "1:0"}, "ALL STATS": {"Sets": {"Latency": 27.313278688524584, "Ops/sec": 2938.2131147540986}}}