{"ALL STATS": {"Gets": {"Ops/sec": 976.4754098360655, "Latency": 16.358852459016394}}, "configuration": {"ratio": "0:1"}}