{"configuration": {"ratio": "0:1"}, "ALL STATS": {"Gets": {"Latency": 48.77704918032787, "Ops/sec": 982.9672131147541}}}