{"configuration": {"ratio": "0:1"}, "ALL STATS": {"Gets": {"Latency": 81.58836065573773, "Ops/sec": 979.4918032786885}}}