{"ALL STATS": {"Gets": {"Ops/sec": 966.8360655737705, "Latency": 16.524426229508194}}, "configuration": {"ratio": "0:1"}}