{"configuration": {"ratio": "0:1"}, "ALL STATS": {"Gets": {"Ops/sec": 945.5666666666667, "Latency": 2.146333333333333}}}