{"ALL STATS": {"Sets": {"Latency": 18.73049180327869, "Ops/sec": 2565.409836065574}}, "configuration": {"ratio": "1:0"}}