{"configuration": {"ratio": "0:1"}, "ALL STATS": {"Gets": {"Ops/sec": 976.4918032786885, "Latency": 82.0993442622951}}}