{"ALL STATS": {"Gets": {"Latency": 33.331833333333336, "Ops/sec": 964.7666666666667}}, "configuration": {"ratio": "0:1"}}