{"ALL STATS": {"Gets": {"Latency": 81.77934426229508, "Ops/sec": 977.1803278688525}}, "configuration": {"ratio": "0:1"}}