{"ALL STATS": {"Gets": {"Ops/sec": 979.983870967742, "Latency": 81.5574193548387}}, "configuration": {"ratio": "0:1"}}