{"ALL STATS": {"Sets": {"Latency": 6.736166666666666, "Ops/sec": 2374.733333333333}}, "configuration": {"ratio": "1:0"}}