{"configuration": {"ratio": "0:1"}, "ALL STATS": {"Gets": {"Latency": 32.29316666666667, "Ops/sec": 989.6666666666666}}}