{"configuration": {"ratio": "1:0"}, "ALL STATS": {"Sets": {"Latency": 11.475833333333332, "Ops/sec": 2789.5666666666666}}}