{"configuration": {"ratio": "1:0"}, "ALL STATS": {"Sets": {"Ops/sec": 1146.3833333333334, "Latency": 1.7416666666666665}}}