{"configuration": {"ratio": "0:1"}, "ALL STATS": {"Gets": {"Latency": 16.297377049180326, "Ops/sec": 980.1803278688525}}}