{"ALL STATS": {"Sets": {"Ops/sec": 2971.8709677419356, "Latency": 26.953870967741935}}, "configuration": {"ratio": "1:0"}}