{"configuration": {"ratio": "1:0"}, "ALL STATS": {"Sets": {"Latency": 27.493225806451612, "Ops/sec": 2925.6290322580644}}}