{"configuration": {"ratio": "1:0"}, "ALL STATS": {"Sets": {"Latency": 20.994262295081963, "Ops/sec": 3050.6393442622953}}}