{"configuration": {"ratio": "0:1"}, "ALL STATS": {"Gets": {"Latency": 77.10278688524589, "Ops/sec": 871.8360655737705}}}