{"configuration": {"ratio": "0:1"}, "ALL STATS": {"Gets": {"Latency": 48.8472131147541, "Ops/sec": 981.5245901639345}}}