{"ALL STATS": {"Gets": {"Latency": 48.73393442622952, "Ops/sec": 984.1639344262295}}, "configuration": {"ratio": "0:1"}}