{"configuration": {"ratio": "1:0"}, "ALL STATS": {"Sets": {"Ops/sec": 2830.7704918032787, "Latency": 23.215737704918034}}}