{"configuration": {"ratio": "0:1"}, "ALL STATS": {"Gets": {"Latency": 16.39311475409836, "Ops/sec": 974.5573770491803}}}