{"ALL STATS": {"Gets": {"Latency": 49.004098360655725, "Ops/sec": 978.344262295082}}, "configuration": {"ratio": "0:1"}}