{"ALL STATS": {"Gets": {"Latency": 81.8167741935484, "Ops/sec": 976.7258064516129}}, "configuration": {"ratio": "0:1"}}