{"ALL STATS": {"Gets": {"Latency": 82.56786885245903, "Ops/sec": 968.0819672131148}}, "configuration": {"ratio": "0:1"}}