{"configuration": {"ratio": "1:0"}, "ALL STATS": {"Sets": {"Latency": 23.39262295081967, "Ops/sec": 2740.032786885246}}}