{"configuration": {"ratio": "1:0"}, "ALL STATS": {"Sets": {"Ops/sec": 2446.6721311475408, "Latency": 13.0872131147541}}}