{"configuration": {"ratio": "1:0"}, "ALL STATS": {"Sets": {"Latency": 12.375833333333333, "Ops/sec": 2587.3333333333335}}}