{"ALL STATS": {"Sets": {"Ops/sec": 2741.4918032786886, "Latency": 24.148032786885242}}, "configuration": {"ratio": "1:0"}}