{"ALL STATS": {"Sets": {"Latency": 11.13918032786885, "Ops/sec": 2873.1311475409834}}, "configuration": {"ratio": "1:0"}}