{"ALL STATS": {"Sets": {"Ops/sec": 2497.0163934426228, "Latency": 19.236393442622955}}, "configuration": {"ratio": "1:0"}}