{"configuration": {"ratio": "1:0"}, "ALL STATS": {"Sets": {"Ops/sec": 2764.3934426229507, "Latency": 28.976229508196724}}}