{"ALL STATS": {"Gets": {"Latency": 81.26290322580645, "Ops/sec": 983.7096774193549}}, "configuration": {"ratio": "0:1"}}