{"ALL STATS": {"Gets": {"Ops/sec": 1042.4918032786886, "Latency": 15.499672131147543}}, "configuration": {"ratio": "0:1"}}