{"configuration": {"ratio": "1:0"}, "ALL STATS": {"Sets": {"Ops/sec": 2317.6666666666665, "Latency": 13.829333333333334}}}