{"ALL STATS": {"Sets": {"Ops/sec": 2431.266666666667, "Latency": 6.5841666666666665}}, "configuration": {"ratio": "1:0"}}