{"ALL STATS": {"Gets": {"Latency": 48.954426229508194, "Ops/sec": 979.3770491803278}}, "configuration": {"ratio": "0:1"}}