{"configuration": {"ratio": "0:1"}, "ALL STATS": {"Gets": {"Ops/sec": 980.1147540983607, "Latency": 81.53868852459017}}}