{"configuration": {"ratio": "1:0"}, "ALL STATS": {"Sets": {"Latency": 23.227049180327874, "Ops/sec": 2758.8032786885246}}}