{"configuration": {"ratio": "1:0"}, "ALL STATS": {"Sets": {"Ops/sec": 2601.4590163934427, "Latency": 6.149180327868853}}}