{"configuration": {"ratio": "1:0"}, "ALL STATS": {"Sets": {"Latency": 1.7853333333333332, "Ops/sec": 1116.9166666666667}}}