{"ALL STATS": {"Gets": {"Ops/sec": 979.6065573770492, "Latency": 81.59573770491802}}, "configuration": {"ratio": "0:1"}}