{"configuration": {"ratio": "1:0"}, "ALL STATS": {"Sets": {"Latency": 29.461639344262288, "Ops/sec": 2796.4918032786886}}}