{"configuration": {"ratio": "0:1"}, "ALL STATS": {"Gets": {"Latency": 48.85934426229509, "Ops/sec": 981.2622950819672}}}