{"configuration": {"ratio": "1:0"}, "ALL STATS": {"Sets": {"Latency": 13.858360655737703, "Ops/sec": 2310.55737704918}}}