{"ALL STATS": {"Gets": {"Ops/sec": 959.5901639344262, "Latency": 49.96311475409836}}, "configuration": {"ratio": "0:1"}}