{"ALL STATS": {"Sets": {"Ops/sec": 2302.8709677419356, "Latency": 34.79064516129032}}, "configuration": {"ratio": "1:0"}}