{"ALL STATS": {"Sets": {"Latency": 28.564262295081967, "Ops/sec": 2803.0819672131147}}, "configuration": {"ratio": "1:0"}}