{"ALL STATS": {"Gets": {"Ops/sec": 993.360655737705, "Latency": 16.087213114754096}}, "configuration": {"ratio": "0:1"}}