{"ALL STATS": {"Gets": {"Ops/sec": 978.7868852459017, "Latency": 81.66262295081968}}, "configuration": {"ratio": "0:1"}}