{"ALL STATS": {"Sets": {"Ops/sec": 2423.032786885246, "Latency": 19.826393442622944}}, "configuration": {"ratio": "1:0"}}