{"ALL STATS": {"Gets": {"Latency": 81.37467741935487, "Ops/sec": 982.3064516129032}}, "configuration": {"ratio": "0:1"}}