{"ALL STATS": {"Gets": {"Ops/sec": 993.0983606557377, "Latency": 32.19639344262295}}, "configuration": {"ratio": "0:1"}}