{"configuration": {"ratio": "0:1"}, "ALL STATS": {"Gets": {"Ops/sec": 961.6833333333333, "Latency": 2.066666666666667}}}