{"configuration": {"ratio": "0:1"}, "ALL STATS": {"Gets": {"Latency": 80.90741935483872, "Ops/sec": 987.741935483871}}}