{"ALL STATS": {"Gets": {"Latency": 32.83032786885246, "Ops/sec": 973.5409836065573}}, "configuration": {"ratio": "0:1"}}