{"configuration": {"ratio": "0:1"}, "ALL STATS": {"Gets": {"Latency": 48.961967213114754, "Ops/sec": 979.2131147540983}}}