{"configuration": {"ratio": "0:1"}, "ALL STATS": {"Gets": {"Ops/sec": 992.9016393442623, "Latency": 32.197049180327866}}}