{"ALL STATS": {"Gets": {"Ops/sec": 985.2459016393443, "Latency": 64.90163934426229}}, "configuration": {"ratio": "0:1"}}