{"configuration": {"ratio": "0:1"}, "ALL STATS": {"Gets": {"Latency": 81.82064516129033, "Ops/sec": 976.8387096774194}}}