{"configuration": {"ratio": "0:1"}, "ALL STATS": {"Gets": {"Ops/sec": 827.4426229508197, "Latency": 11.255081967213115}}}