{"ALL STATS": {"Gets": {"Latency": 49.2511475409836, "Ops/sec": 973.8852459016393}}, "configuration": {"ratio": "0:1"}}