{"configuration": {"ratio": "1:0"}, "ALL STATS": {"Sets": {"Ops/sec": 2305.3606557377047, "Latency": 34.74508196721311}}}