{"ALL STATS": {"Gets": {"Ops/sec": 1002.4333333333333, "Latency": 7.964666666666668}}, "configuration": {"ratio": "0:1"}}