{"configuration": {"ratio": "0:1"}, "ALL STATS": {"Gets": {"Latency": 49.4555737704918, "Ops/sec": 969.6229508196722}}}