{"configuration": {"ratio": "1:0"}, "ALL STATS": {"Sets": {"Ops/sec": 2958.064516129032, "Latency": 21.642096774193547}}}