{"ALL STATS": {"Gets": {"Ops/sec": 967.688524590164, "Latency": 82.60704918032786}}, "configuration": {"ratio": "0:1"}}