{"configuration": {"ratio": "1:0"}, "ALL STATS": {"Sets": {"Ops/sec": 2727.0819672131147, "Latency": 5.869180327868851}}}