{"configuration": {"ratio": "0:1"}, "ALL STATS": {"Gets": {"Latency": 86.46790322580645, "Ops/sec": 953.3709677419355}}}