{"configuration": {"ratio": "1:0"}, "ALL STATS": {"Sets": {"Latency": 11.367377049180327, "Ops/sec": 2814.9508196721313}}}