{"configuration": {"ratio": "0:1"}, "ALL STATS": {"Gets": {"Ops/sec": 985.0833333333334, "Latency": 8.106666666666667}}}