{"ALL STATS": {"Gets": {"Ops/sec": 1000.8333333333334, "Latency": 1.9846666666666668}}, "configuration": {"ratio": "0:1"}}