{"configuration": {"ratio": "1:0"}, "ALL STATS": {"Sets": {"Ops/sec": 3025.8548387096776, "Latency": 26.448064516129033}}}