{"configuration": {"ratio": "0:1"}, "ALL STATS": {"Gets": {"Ops/sec": 978.360655737705, "Latency": 32.66852459016393}}}