{"configuration": {"ratio": "0:1"}, "ALL STATS": {"Gets": {"Latency": 82.30016393442621, "Ops/sec": 970.9672131147541}}}