{"configuration": {"ratio": "0:1"}, "ALL STATS": {"Gets": {"Ops/sec": 982.327868852459, "Latency": 48.819016393442624}}}