{"ALL STATS": {"Sets": {"Latency": 26.95606557377049, "Ops/sec": 2376.9180327868853}}, "configuration": {"ratio": "1:0"}}