{"ALL STATS": {"Gets": {"Latency": 48.518852459016394, "Ops/sec": 988.1803278688525}}, "configuration": {"ratio": "0:1"}}