{"ALL STATS": {"Gets": {"Ops/sec": 1050.9833333333333, "Latency": 7.687666666666667}}, "configuration": {"ratio": "0:1"}}