{"configuration": {"ratio": "1:0"}, "ALL STATS": {"Sets": {"Latency": 3.644833333333333, "Ops/sec": 2192.5666666666666}}}