{"ALL STATS": {"Sets": {"Ops/sec": 2979.0819672131147, "Latency": 16.12032786885246}}, "configuration": {"ratio": "1:0"}}