{"configuration": {"ratio": "0:1"}, "ALL STATS": {"Gets": {"Latency": 7.925409836065573, "Ops/sec": 1021.7049180327868}}}