{"ALL STATS": {"Sets": {"Latency": 1.6509999999999998, "Ops/sec": 1208.5166666666667}}, "configuration": {"ratio": "1:0"}}