{"ALL STATS": {"Sets": {"Ops/sec": 2834.622950819672, "Latency": 11.293934426229507}}, "configuration": {"ratio": "1:0"}}