{"configuration": {"ratio": "1:0"}, "ALL STATS": {"Sets": {"Latency": 25.27241935483871, "Ops/sec": 2560.5806451612902}}}