{"configuration": {"ratio": "0:1"}, "ALL STATS": {"Gets": {"Latency": 8.100000000000001, "Ops/sec": 992.7833333333333}}}