{"configuration": {"ratio": "0:1"}, "ALL STATS": {"Gets": {"Ops/sec": 1019.7213114754098, "Latency": 63.09524590163935}}}