{"configuration": {"ratio": "1:0"}, "ALL STATS": {"Sets": {"Latency": 5.809333333333334, "Ops/sec": 2753.2833333333333}}}