{"configuration": {"ratio": "0:1"}, "ALL STATS": {"Gets": {"Latency": 82.3027868852459, "Ops/sec": 972.5901639344262}}}