{"configuration": {"ratio": "1:0"}, "ALL STATS": {"Sets": {"Latency": 3.6424999999999996, "Ops/sec": 2197.2833333333333}}}