{"configuration": {"ratio": "1:0"}, "ALL STATS": {"Sets": {"Ops/sec": 2902.8852459016393, "Latency": 11.028032786885246}}}