{"ALL STATS": {"Sets": {"Ops/sec": 2528.622950819672, "Latency": 25.326229508196718}}, "configuration": {"ratio": "1:0"}}