{"ALL STATS": {"Sets": {"Latency": 13.83737704918033, "Ops/sec": 2316.1311475409834}}, "configuration": {"ratio": "1:0"}}