{"configuration": {"ratio": "0:1"}, "ALL STATS": {"Gets": {"Ops/sec": 957.3333333333334, "Latency": 2.075833333333333}}}