{"configuration": {"ratio": "1:0"}, "ALL STATS": {"Sets": {"Latency": 17.90283333333333, "Ops/sec": 2682.4666666666667}}}