{"ALL STATS": {"Sets": {"Ops/sec": 2988.2950819672133, "Latency": 16.073770491803277}}, "configuration": {"ratio": "1:0"}}