{"ALL STATS": {"Gets": {"Latency": 49.70459016393442, "Ops/sec": 964.5245901639345}}, "configuration": {"ratio": "0:1"}}