{"ALL STATS": {"Gets": {"Ops/sec": 986.5737704918033, "Latency": 64.80065573770493}}, "configuration": {"ratio": "0:1"}}