{"configuration": {"ratio": "0:1"}, "ALL STATS": {"Gets": {"Ops/sec": 982.4098360655738, "Latency": 65.08901639344262}}}