{"configuration": {"ratio": "1:0"}, "ALL STATS": {"Sets": {"Ops/sec": 2835.032786885246, "Latency": 5.642131147540983}}}