{"ALL STATS": {"Sets": {"Ops/sec": 2458.72131147541, "Latency": 19.543278688524584}}, "configuration": {"ratio": "1:0"}}