{"configuration": {"ratio": "0:1"}, "ALL STATS": {"Gets": {"Latency": 48.959836065573775, "Ops/sec": 979.2950819672132}}}