{"configuration": {"ratio": "0:1"}, "ALL STATS": {"Gets": {"Ops/sec": 986.3666666666667, "Latency": 2.0155000000000003}}}