{"configuration": {"ratio": "0:1"}, "ALL STATS": {"Gets": {"Ops/sec": 988.7166666666667, "Latency": 32.50016666666667}}}