{"configuration": {"ratio": "0:1"}, "ALL STATS": {"Gets": {"Latency": 48.455245901639344, "Ops/sec": 989.5901639344262}}}