{"ALL STATS": {"Sets": {"Ops/sec": 2183.7377049180327, "Latency": 22.02868852459017}}, "configuration": {"ratio": "1:0"}}