{"configuration": {"ratio": "1:0"}, "ALL STATS": {"Sets": {"Latency": 26.246065573770494, "Ops/sec": 3049.344262295082}}}