{"ALL STATS": {"Sets": {"Latency": 3.6441666666666657, "Ops/sec": 2194.1833333333334}}, "configuration": {"ratio": "1:0"}}