{"ALL STATS": {"Gets": {"Ops/sec": 976.2786885245902, "Latency": 49.11016393442623}}, "configuration": {"ratio": "0:1"}}