{"ALL STATS": {"Gets": {"Ops/sec": 1006.2666666666667, "Latency": 1.975166666666667}}, "configuration": {"ratio": "0:1"}}