{"ALL STATS": {"Gets": {"Latency": 17.88459016393443, "Ops/sec": 929.688524590164}}, "configuration": {"ratio": "0:1"}}