{"configuration": {"ratio": "0:1"}, "ALL STATS": {"Gets": {"Latency": 33.71573770491804, "Ops/sec": 958.9672131147541}}}