{"ALL STATS": {"Sets": {"Ops/sec": 2380.7049180327867, "Latency": 26.915737704918033}}, "configuration": {"ratio": "1:0"}}