{"configuration": {"ratio": "0:1"}, "ALL STATS": {"Gets": {"Latency": 2.0639999999999996, "Ops/sec": 963.2666666666667}}}