{"configuration": {"ratio": "1:0"}, "ALL STATS": {"Sets": {"Latency": 29.222622950819673, "Ops/sec": 2740.9836065573772}}}