{"ALL STATS": {"Gets": {"Ops/sec": 955.3666666666667, "Latency": 2.0806666666666667}}, "configuration": {"ratio": "0:1"}}