{"ALL STATS": {"Sets": {"Ops/sec": 2870.0833333333335, "Latency": 11.151499999999999}}, "configuration": {"ratio": "1:0"}}