{"ALL STATS": {"Gets": {"Latency": 8.122833333333332, "Ops/sec": 983.1333333333333}}, "configuration": {"ratio": "0:1"}}