{"ALL STATS": {"Gets": {"Latency": 32.48016393442623, "Ops/sec": 984.0491803278688}}, "configuration": {"ratio": "0:1"}}