{"configuration": {"ratio": "1:0"}, "ALL STATS": {"Sets": {"Ops/sec": 2303.7377049180327, "Latency": 34.77704918032787}}}