{"configuration": {"ratio": "0:1"}, "ALL STATS": {"Gets": {"Latency": 65.31606557377049, "Ops/sec": 978.7704918032787}}}