{"configuration": {"ratio": "1:0"}, "ALL STATS": {"Sets": {"Ops/sec": 2402.4333333333334, "Latency": 3.3313333333333333}}}