{"ALL STATS": {"Sets": {"Latency": 16.005409836065574, "Ops/sec": 3000.8852459016393}}, "configuration": {"ratio": "1:0"}}