{"ALL STATS": {"Gets": {"Latency": 8.244918032786886, "Ops/sec": 968.3770491803278}}, "configuration": {"ratio": "0:1"}}