{"configuration": {"ratio": "1:0"}, "ALL STATS": {"Sets": {"Ops/sec": 2873.483870967742, "Latency": 27.857741935483865}}}