{"ALL STATS": {"Sets": {"Latency": 1.6943333333333332, "Ops/sec": 1177.3833333333334}}, "configuration": {"ratio": "1:0"}}