{"configuration": {"ratio": "1:0"}, "ALL STATS": {"Sets": {"Latency": 16.778524590163933, "Ops/sec": 2861.311475409836}}}