{"ALL STATS": {"Gets": {"Ops/sec": 978.4677419354839, "Latency": 81.67935483870967}}, "configuration": {"ratio": "0:1"}}