{"configuration": {"ratio": "1:0"}, "ALL STATS": {"Sets": {"Ops/sec": 2270.934426229508, "Latency": 28.20229508196721}}}