{"configuration": {"ratio": "0:1"}, "ALL STATS": {"Gets": {"Ops/sec": 979.4426229508197, "Latency": 65.27803278688523}}}