{"ALL STATS": {"Sets": {"Latency": 6.4668333333333345, "Ops/sec": 2472.766666666667}}, "configuration": {"ratio": "1:0"}}