{"configuration": {"ratio": "0:1"}, "ALL STATS": {"Gets": {"Latency": 64.9616393442623, "Ops/sec": 984.5081967213115}}}