{"configuration": {"ratio": "0:1"}, "ALL STATS": {"Gets": {"Ops/sec": 981.5737704918033, "Latency": 32.56950819672131}}}