{"ALL STATS": {"Gets": {"Ops/sec": 959.5666666666667, "Latency": 2.073166666666667}}, "configuration": {"ratio": "0:1"}}