{"ALL STATS": {"Gets": {"Ops/sec": 985.7540983606557, "Latency": 32.42295081967213}}, "configuration": {"ratio": "0:1"}}