{"ALL STATS": {"Sets": {"Latency": 3.557213114754098, "Ops/sec": 2250.098360655738}}, "configuration": {"ratio": "1:0"}}