{"configuration": {"ratio": "0:1"}, "ALL STATS": {"Gets": {"Ops/sec": 976.7741935483871, "Latency": 65.45193548387097}}}