{"configuration": {"ratio": "1:0"}, "ALL STATS": {"Sets": {"Ops/sec": 2701.8166666666666, "Latency": 5.924333333333333}}}