{"configuration": {"ratio": "0:1"}, "ALL STATS": {"Gets": {"Ops/sec": 966.983606557377, "Latency": 49.5955737704918}}}