{"configuration": {"ratio": "0:1"}, "ALL STATS": {"Gets": {"Latency": 65.06704918032788, "Ops/sec": 982.7049180327868}}}