{"ALL STATS": {"Gets": {"Ops/sec": 996.8688524590164, "Latency": 80.5360655737705}}, "configuration": {"ratio": "0:1"}}