{"ALL STATS": {"Sets": {"Ops/sec": 2265.7049180327867, "Latency": 28.272295081967204}}, "configuration": {"ratio": "1:0"}}