{"configuration": {"ratio": "1:0"}, "ALL STATS": {"Sets": {"Ops/sec": 2887.8524590163934, "Latency": 16.631803278688526}}}