{"ALL STATS": {"Gets": {"Latency": 8.190983606557376, "Ops/sec": 974.9016393442623}}, "configuration": {"ratio": "0:1"}}