{"configuration": {"ratio": "0:1"}, "ALL STATS": {"Gets": {"Latency": 16.312950819672132, "Ops/sec": 979.2786885245902}}}