{"configuration": {"ratio": "0:1"}, "ALL STATS": {"Gets": {"Ops/sec": 956.8852459016393, "Latency": 86.6016393442623}}}