{"configuration": {"ratio": "1:0"}, "ALL STATS": {"Sets": {"Latency": 18.537868852459017, "Ops/sec": 2590.8688524590166}}}