{"configuration": {"ratio": "0:1"}, "ALL STATS": {"Gets": {"Latency": 2.0986666666666665, "Ops/sec": 948.4833333333333}}}