{"configuration": {"ratio": "0:1"}, "ALL STATS": {"Gets": {"Latency": 81.38612903225805, "Ops/sec": 982.3225806451613}}}