{"ALL STATS": {"Sets": {"Latency": 1.6923333333333337, "Ops/sec": 1179.6666666666667}}, "configuration": {"ratio": "1:0"}}