{"configuration": {"ratio": "0:1"}, "ALL STATS": {"Gets": {"Latency": 64.86147540983607, "Ops/sec": 985.672131147541}}}