{"configuration": {"ratio": "1:0"}, "ALL STATS": {"Sets": {"Latency": 22.74098360655738, "Ops/sec": 2913.1475409836066}}}