{"ALL STATS": {"Sets": {"Latency": 25.714032258064517, "Ops/sec": 2489.967741935484}}, "configuration": {"ratio": "1:0"}}