{"ALL STATS": {"Sets": {"Ops/sec": 2549.409836065574, "Latency": 25.12016393442623}}, "configuration": {"ratio": "1:0"}}