{"ALL STATS": {"Gets": {"Ops/sec": 984.1166666666667, "Latency": 8.111666666666666}}, "configuration": {"ratio": "0:1"}}