{"ALL STATS": {"Sets": {"Latency": 11.504262295081965, "Ops/sec": 2782.1311475409834}}, "configuration": {"ratio": "1:0"}}