{"ALL STATS": {"Sets": {"Latency": 26.4855737704918, "Ops/sec": 3021.5245901639346}}, "configuration": {"ratio": "1:0"}}