{"ALL STATS": {"Sets": {"Ops/sec": 1920.5666666666666, "Latency": 5.1225000000000005}}, "configuration": {"ratio": "1:0"}}