{"configuration": {"ratio": "0:1"}, "ALL STATS": {"Gets": {"Ops/sec": 980.9016393442623, "Latency": 48.89852459016393}}}