{"configuration": {"ratio": "0:1"}, "ALL STATS": {"Gets": {"Latency": 17.162131147540986, "Ops/sec": 954.3934426229508}}}