{"configuration": {"ratio": "0:1"}, "ALL STATS": {"Gets": {"Ops/sec": 977.5573770491803, "Latency": 16.342622950819674}}}