{"ALL STATS": {"Sets": {"Latency": 22.01754098360656, "Ops/sec": 2184.901639344262}}, "configuration": {"ratio": "1:0"}}