{"configuration": {"ratio": "0:1"}, "ALL STATS": {"Gets": {"Ops/sec": 964.360655737705, "Latency": 49.71409836065575}}}