{"configuration": {"ratio": "0:1"}, "ALL STATS": {"Gets": {"Latency": 64.94540983606558, "Ops/sec": 984.6229508196722}}}