{"configuration": {"ratio": "1:0"}, "ALL STATS": {"Sets": {"Ops/sec": 2863.451612903226, "Latency": 16.767580645161292}}}