{"ALL STATS": {"Sets": {"Ops/sec": 2908.8032786885246, "Latency": 10.99934426229508}}, "configuration": {"ratio": "1:0"}}