{"ALL STATS": {"Gets": {"Latency": 34.2327868852459, "Ops/sec": 948.1311475409836}}, "configuration": {"ratio": "0:1"}}