{"configuration": {"ratio": "0:1"}, "ALL STATS": {"Gets": {"Latency": 32.10032786885246, "Ops/sec": 998.2622950819672}}}