{"configuration": {"ratio": "1:0"}, "ALL STATS": {"Sets": {"Ops/sec": 2934.2131147540986, "Latency": 16.47327868852459}}}