{"ALL STATS": {"Sets": {"Latency": 6.60688524590164, "Ops/sec": 2420.9508196721313}}, "configuration": {"ratio": "1:0"}}