{"configuration": {"ratio": "1:0"}, "ALL STATS": {"Sets": {"Latency": 21.47491803278689, "Ops/sec": 2981.622950819672}}}