{"ALL STATS": {"Sets": {"Latency": 1.681166666666667, "Ops/sec": 1188.6333333333334}}, "configuration": {"ratio": "1:0"}}