{"ALL STATS": {"Sets": {"Latency": 27.872131147540987, "Ops/sec": 2874.311475409836}}, "configuration": {"ratio": "1:0"}}