{"configuration": {"ratio": "1:0"}, "ALL STATS": {"Sets": {"Ops/sec": 1094.9666666666667, "Latency": 1.8216666666666668}}}