{"ALL STATS": {"Gets": {"Latency": 64.71344262295082, "Ops/sec": 988.0327868852459}}, "configuration": {"ratio": "0:1"}}