{"configuration": {"ratio": "1:0"}, "ALL STATS": {"Sets": {"Ops/sec": 2407.6393442622953, "Latency": 6.645901639344264}}}