{"ALL STATS": {"Sets": {"Ops/sec": 2384.8360655737706, "Latency": 26.869508196721306}}, "configuration": {"ratio": "1:0"}}