{"configuration": {"ratio": "0:1"}, "ALL STATS": {"Gets": {"Latency": 81.14295081967215, "Ops/sec": 984.8852459016393}}}