{"ALL STATS": {"Sets": {"Latency": 25.532295081967213, "Ops/sec": 2509.0491803278687}}, "configuration": {"ratio": "1:0"}}