{"ALL STATS": {"Gets": {"Latency": 2.1148333333333333, "Ops/sec": 939.8166666666667}}, "configuration": {"ratio": "0:1"}}