{"ALL STATS": {"Gets": {"Latency": 64.79387096774192, "Ops/sec": 986.8387096774194}}, "configuration": {"ratio": "0:1"}}