{"ALL STATS": {"Sets": {"Latency": 3.5318333333333336, "Ops/sec": 2268.866666666667}}, "configuration": {"ratio": "1:0"}}