{"ALL STATS": {"Sets": {"Latency": 22.961803278688524, "Ops/sec": 2791.3606557377047}}, "configuration": {"ratio": "1:0"}}