{"configuration": {"ratio": "0:1"}, "ALL STATS": {"Gets": {"Latency": 1.9601666666666668, "Ops/sec": 1014.0333333333333}}}