{"configuration": {"ratio": "1:0"}, "ALL STATS": {"Sets": {"Ops/sec": 2100.483333333333, "Latency": 3.8063333333333333}}}