{"configuration": {"ratio": "1:0"}, "ALL STATS": {"Sets": {"Latency": 3.3854098360655738, "Ops/sec": 2364.0819672131147}}}