{"configuration": {"ratio": "0:1"}, "ALL STATS": {"Gets": {"Latency": 81.7888524590164, "Ops/sec": 976.9508196721312}}}