{"configuration": {"ratio": "0:1"}, "ALL STATS": {"Gets": {"Latency": 32.47459016393443, "Ops/sec": 984.5409836065573}}}