{"configuration": {"ratio": "0:1"}, "ALL STATS": {"Gets": {"Ops/sec": 985.9166666666666, "Latency": 8.097333333333331}}}