{"configuration": {"ratio": "0:1"}, "ALL STATS": {"Gets": {"Ops/sec": 963.0983606557377, "Latency": 33.18196721311475}}}