{"ALL STATS": {"Gets": {"Ops/sec": 979.2950819672132, "Latency": 65.28262295081967}}, "configuration": {"ratio": "0:1"}}