{"configuration": {"ratio": "1:0"}, "ALL STATS": {"Sets": {"Ops/sec": 2315.8688524590166, "Latency": 13.827213114754096}}}