{"configuration": {"ratio": "0:1"}, "ALL STATS": {"Gets": {"Ops/sec": 975.8196721311475, "Latency": 49.158032786885244}}}