{"configuration": {"ratio": "0:1"}, "ALL STATS": {"Gets": {"Ops/sec": 979.4666666666667, "Latency": 8.152333333333333}}}