{"ALL STATS": {"Gets": {"Ops/sec": 985.311475409836, "Latency": 32.44196721311476}}, "configuration": {"ratio": "0:1"}}