{"configuration": {"ratio": "0:1"}, "ALL STATS": {"Gets": {"Latency": 33.00983606557377, "Ops/sec": 968.2131147540983}}}