{"ALL STATS": {"Gets": {"Ops/sec": 978.7377049180328, "Latency": 48.99147540983606}}, "configuration": {"ratio": "0:1"}}