{"ALL STATS": {"Gets": {"Ops/sec": 976.5737704918033, "Latency": 8.18344262295082}}, "configuration": {"ratio": "0:1"}}