{"configuration": {"ratio": "0:1"}, "ALL STATS": {"Gets": {"Latency": 65.33903225806452, "Ops/sec": 978.5483870967741}}}