{"configuration": {"ratio": "0:1"}, "ALL STATS": {"Gets": {"Ops/sec": 994.5333333333333, "Latency": 1.998833333333333}}}