{"configuration": {"ratio": "0:1"}, "ALL STATS": {"Gets": {"Latency": 48.63393442622951, "Ops/sec": 985.9016393442623}}}