{"ALL STATS": {"Sets": {"Ops/sec": 2173.6721311475408, "Latency": 22.131311475409834}}, "configuration": {"ratio": "1:0"}}