{"ALL STATS": {"Sets": {"Ops/sec": 2325.7377049180327, "Latency": 13.778196721311478}}, "configuration": {"ratio": "1:0"}}