{"configuration": {"ratio": "1:0"}, "ALL STATS": {"Sets": {"Latency": 28.23258064516129, "Ops/sec": 2268.6774193548385}}}