{"ALL STATS": {"Gets": {"Latency": 65.34000000000002, "Ops/sec": 978.5737704918033}}, "configuration": {"ratio": "0:1"}}