{"ALL STATS": {"Sets": {"Ops/sec": 1152.6333333333334, "Latency": 1.7311666666666665}}, "configuration": {"ratio": "1:0"}}