{"ALL STATS": {"Gets": {"Latency": 48.97196721311475, "Ops/sec": 979.1803278688525}}, "configuration": {"ratio": "0:1"}}