{"configuration": {"ratio": "0:1"}, "ALL STATS": {"Gets": {"Latency": 81.23557377049178, "Ops/sec": 983.7377049180328}}}