{"configuration": {"ratio": "0:1"}, "ALL STATS": {"Gets": {"Latency": 6.997333333333333, "Ops/sec": 816.2833333333333}}}