{"ALL STATS": {"Sets": {"Latency": 3.695081967213115, "Ops/sec": 2165.3278688524592}}, "configuration": {"ratio": "1:0"}}