{"configuration": {"ratio": "1:0"}, "ALL STATS": {"Sets": {"Latency": 27.80354838709677, "Ops/sec": 2881.048387096774}}}