{"configuration": {"ratio": "0:1"}, "ALL STATS": {"Gets": {"Latency": 16.169500000000003, "Ops/sec": 990.4333333333333}}}