{"ALL STATS": {"Sets": {"Latency": 33.40245901639344, "Ops/sec": 2398.032786885246}}, "configuration": {"ratio": "1:0"}}