{"ALL STATS": {"Gets": {"Latency": 49.04081967213114, "Ops/sec": 977.8360655737705}}, "configuration": {"ratio": "0:1"}}