{"ALL STATS": {"Gets": {"Ops/sec": 999.4590163934427, "Latency": 32.108360655737705}}, "configuration": {"ratio": "0:1"}}