{"configuration": {"ratio": "1:0"}, "ALL STATS": {"Sets": {"Ops/sec": 2987.1639344262294, "Latency": 16.08295081967213}}}