{"configuration": {"ratio": "1:0"}, "ALL STATS": {"Sets": {"Ops/sec": 2736.2950819672133, "Latency": 23.41704918032787}}}