{"ALL STATS": {"Gets": {"Latency": 81.19934426229507, "Ops/sec": 984.5409836065573}}, "configuration": {"ratio": "0:1"}}