{"ALL STATS": {"Sets": {"Ops/sec": 2839.7166666666667, "Latency": 11.275166666666669}}, "configuration": {"ratio": "1:0"}}