{"configuration": {"ratio": "1:0"}, "ALL STATS": {"Sets": {"Latency": 11.958833333333335, "Ops/sec": 2676.2166666666667}}}