{"ALL STATS": {"Gets": {"Latency": 16.337704918032784, "Ops/sec": 977.8688524590164}}, "configuration": {"ratio": "0:1"}}