{"configuration": {"ratio": "0:1"}, "ALL STATS": {"Gets": {"Ops/sec": 953.3833333333333, "Latency": 2.0846666666666667}}}