{"ALL STATS": {"Sets": {"Ops/sec": 2255.8333333333335, "Latency": 7.096166666666667}}, "configuration": {"ratio": "1:0"}}