{"ALL STATS": {"Sets": {"Ops/sec": 2122.9333333333334, "Latency": 3.765833333333333}}, "configuration": {"ratio": "1:0"}}