{"ALL STATS": {"Gets": {"Latency": 19.38033333333334, "Ops/sec": 898.5333333333333}}, "configuration": {"ratio": "0:1"}}