{"configuration": {"ratio": "0:1"}, "ALL STATS": {"Gets": {"Latency": 2.0574999999999997, "Ops/sec": 966.1333333333333}}}