{"configuration": {"ratio": "1:0"}, "ALL STATS": {"Sets": {"Ops/sec": 1172.4166666666667, "Latency": 1.7041666666666666}}}