{"ALL STATS": {"Gets": {"Ops/sec": 979.672131147541, "Latency": 48.94245901639345}}, "configuration": {"ratio": "0:1"}}