{"ALL STATS": {"Gets": {"Latency": 48.37622950819672, "Ops/sec": 991.1311475409836}}, "configuration": {"ratio": "0:1"}}