{"configuration": {"ratio": "1:0"}, "ALL STATS": {"Sets": {"Ops/sec": 2911.5409836065573, "Latency": 27.497704918032788}}}