{"configuration": {"ratio": "0:1"}, "ALL STATS": {"Gets": {"Ops/sec": 996.311475409836, "Latency": 32.09065573770492}}}