{"configuration": {"ratio": "1:0"}, "ALL STATS": {"Sets": {"Ops/sec": 2840.44262295082, "Latency": 17.011803278688525}}}