{"ALL STATS": {"Gets": {"Latency": 31.835737704918028, "Ops/sec": 1009.9344262295082}}, "configuration": {"ratio": "0:1"}}