{"configuration": {"ratio": "1:0"}, "ALL STATS": {"Sets": {"Ops/sec": 2445.8852459016393, "Latency": 6.54688524590164}}}