{"configuration": {"ratio": "1:0"}, "ALL STATS": {"Sets": {"Latency": 11.324918032786883, "Ops/sec": 2826.7868852459014}}}