{"configuration": {"ratio": "1:0"}, "ALL STATS": {"Sets": {"Latency": 28.83754098360656, "Ops/sec": 2777.655737704918}}}