{"configuration": {"ratio": "1:0"}, "ALL STATS": {"Sets": {"Ops/sec": 1169.2333333333333, "Latency": 1.7071666666666665}}}