{"ALL STATS": {"Sets": {"Ops/sec": 2851.8196721311474, "Latency": 11.221147540983607}}, "configuration": {"ratio": "1:0"}}