{"configuration": {"ratio": "0:1"}, "ALL STATS": {"Gets": {"Ops/sec": 953.5245901639345, "Latency": 16.968852459016396}}}