{"ALL STATS": {"Sets": {"Ops/sec": 2999.1666666666665, "Latency": 21.35233333333333}}, "configuration": {"ratio": "1:0"}}