{"configuration": {"ratio": "0:1"}, "ALL STATS": {"Gets": {"Latency": 33.548032786885244, "Ops/sec": 952.7049180327868}}}