{"ALL STATS": {"Gets": {"Latency": 16.37639344262295, "Ops/sec": 975.655737704918}}, "configuration": {"ratio": "0:1"}}