{"configuration": {"ratio": "1:0"}, "ALL STATS": {"Sets": {"Ops/sec": 2184.3166666666666, "Latency": 3.6616666666666666}}}