{"ALL STATS": {"Gets": {"Ops/sec": 992.688524590164, "Latency": 64.40918032786885}}, "configuration": {"ratio": "0:1"}}