{"configuration": {"ratio": "1:0"}, "ALL STATS": {"Sets": {"Ops/sec": 1152.8666666666666, "Latency": 1.7311666666666667}}}