{"ALL STATS": {"Gets": {"Latency": 33.04573770491804, "Ops/sec": 967.344262295082}}, "configuration": {"ratio": "0:1"}}