{"ALL STATS": {"Gets": {"Ops/sec": 989.2333333333333, "Latency": 16.156166666666667}}, "configuration": {"ratio": "0:1"}}