{"configuration": {"ratio": "0:1"}, "ALL STATS": {"Gets": {"Latency": 65.31704918032787, "Ops/sec": 978.9016393442623}}}