{"configuration": {"ratio": "1:0"}, "ALL STATS": {"Sets": {"Latency": 1.6248333333333334, "Ops/sec": 1229.4333333333334}}}