{"ALL STATS": {"Gets": {"Latency": 1.9869999999999999, "Ops/sec": 1002.1333333333333}}, "configuration": {"ratio": "0:1"}}