{"configuration": {"ratio": "1:0"}, "ALL STATS": {"Sets": {"Ops/sec": 2207.5081967213114, "Latency": 36.27032786885246}}}