{"configuration": {"ratio": "0:1"}, "ALL STATS": {"Gets": {"Latency": 48.40606557377048, "Ops/sec": 990.7704918032787}}}