{"configuration": {"ratio": "0:1"}, "ALL STATS": {"Gets": {"Ops/sec": 998.1833333333333, "Latency": 16.044333333333334}}}