{"configuration": {"ratio": "0:1"}, "ALL STATS": {"Gets": {"Latency": 15.991475409836069, "Ops/sec": 1004.5245901639345}}}