{"ALL STATS": {"Sets": {"Ops/sec": 2576.8333333333335, "Latency": 6.208666666666667}}, "configuration": {"ratio": "1:0"}}