{"ALL STATS": {"Sets": {"Ops/sec": 2951.967213114754, "Latency": 16.274918032786886}}, "configuration": {"ratio": "1:0"}}