{"configuration": {"ratio": "1:0"}, "ALL STATS": {"Sets": {"Ops/sec": 2109.9166666666665, "Latency": 3.7886666666666664}}}