{"ALL STATS": {"Gets": {"Latency": 8.370833333333334, "Ops/sec": 953.9666666666667}}, "configuration": {"ratio": "0:1"}}