{"configuration": {"ratio": "1:0"}, "ALL STATS": {"Sets": {"Latency": 3.611803278688524, "Ops/sec": 2264.7868852459014}}}