{"ALL STATS": {"Sets": {"Ops/sec": 2774.3606557377047, "Latency": 28.86409836065574}}, "configuration": {"ratio": "1:0"}}