{"ALL STATS": {"Gets": {"Latency": 2.2158333333333333, "Ops/sec": 954.8833333333333}}, "configuration": {"ratio": "0:1"}}