{"ALL STATS": {"Sets": {"Ops/sec": 2970.3606557377047, "Latency": 21.572622950819667}}, "configuration": {"ratio": "1:0"}}