{"ALL STATS": {"Gets": {"Latency": 32.83147540983607, "Ops/sec": 973.4918032786885}}, "configuration": {"ratio": "0:1"}}