{"ALL STATS": {"Sets": {"Ops/sec": 1197.3666666666666, "Latency": 1.6686666666666665}}, "configuration": {"ratio": "1:0"}}