{"configuration": {"ratio": "1:0"}, "ALL STATS": {"Sets": {"Latency": 33.381311475409845, "Ops/sec": 2043.5901639344263}}}