{"configuration": {"ratio": "1:0"}, "ALL STATS": {"Sets": {"Ops/sec": 2963.1967213114754, "Latency": 27.08180327868853}}}