{"ALL STATS": {"Sets": {"Ops/sec": 2692.5081967213114, "Latency": 5.940819672131148}}, "configuration": {"ratio": "1:0"}}