{"ALL STATS": {"Sets": {"Latency": 1.7716666666666667, "Ops/sec": 1126.9166666666667}}, "configuration": {"ratio": "1:0"}}