{"configuration": {"ratio": "1:0"}, "ALL STATS": {"Sets": {"Ops/sec": 2522.233333333333, "Latency": 6.342833333333332}}}