{"configuration": {"ratio": "0:1"}, "ALL STATS": {"Gets": {"Latency": 1.983666666666667, "Ops/sec": 1004.4166666666666}}}