{"configuration": {"ratio": "0:1"}, "ALL STATS": {"Gets": {"Latency": 8.137166666666666, "Ops/sec": 990.7333333333333}}}