{"ALL STATS": {"Gets": {"Ops/sec": 979.2786885245902, "Latency": 81.62327868852459}}, "configuration": {"ratio": "0:1"}}