{"configuration": {"ratio": "0:1"}, "ALL STATS": {"Gets": {"Latency": 80.34885245901641, "Ops/sec": 998.4098360655738}}}