{"ALL STATS": {"Sets": {"Ops/sec": 3040.84375, "Latency": 26.315156249999998}}, "configuration": {"ratio": "1:0"}}