{"ALL STATS": {"Sets": {"Latency": 27.9755737704918, "Ops/sec": 2861.5245901639346}}, "configuration": {"ratio": "1:0"}}