{"configuration": {"ratio": "0:1"}, "ALL STATS": {"Gets": {"Latency": 16.296666666666663, "Ops/sec": 980.3166666666667}}}