{"configuration": {"ratio": "0:1"}, "ALL STATS": {"Gets": {"Ops/sec": 978.7213114754098, "Latency": 32.664426229508194}}}