{"configuration": {"ratio": "1:0"}, "ALL STATS": {"Sets": {"Latency": 7.124833333333332, "Ops/sec": 2246.616666666667}}}