{"configuration": {"ratio": "0:1"}, "ALL STATS": {"Gets": {"Ops/sec": 984.327868852459, "Latency": 64.96672131147541}}}