{"ALL STATS": {"Gets": {"Latency": 2.0323333333333333, "Ops/sec": 978.1666666666666}}, "configuration": {"ratio": "0:1"}}