{"configuration": {"ratio": "1:0"}, "ALL STATS": {"Sets": {"Latency": 1.7416666666666667, "Ops/sec": 1146.2333333333333}}}