{"configuration": {"ratio": "0:1"}, "ALL STATS": {"Gets": {"Ops/sec": 978.8852459016393, "Latency": 32.65311475409836}}}