{"configuration": {"ratio": "1:0"}, "ALL STATS": {"Sets": {"Ops/sec": 2687.2580645161293, "Latency": 23.841129032258067}}}