{"configuration": {"ratio": "0:1"}, "ALL STATS": {"Gets": {"Ops/sec": 980.5901639344262, "Latency": 65.20639344262294}}}