{"ALL STATS": {"Sets": {"Ops/sec": 2551.866666666667, "Latency": 6.269333333333333}}, "configuration": {"ratio": "1:0"}}