{"ALL STATS": {"Gets": {"Latency": 81.51451612903223, "Ops/sec": 980.5322580645161}}, "configuration": {"ratio": "0:1"}}