{"ALL STATS": {"Gets": {"Ops/sec": 977.2833333333333, "Latency": 16.348333333333336}}, "configuration": {"ratio": "0:1"}}