{"configuration": {"ratio": "1:0"}, "ALL STATS": {"Sets": {"Ops/sec": 2392.967213114754, "Latency": 6.687377049180327}}}