{"configuration": {"ratio": "1:0"}, "ALL STATS": {"Sets": {"Ops/sec": 2462.4262295081967, "Latency": 6.497377049180328}}}