{"ALL STATS": {"Sets": {"Ops/sec": 2875.883333333333, "Latency": 11.126833333333334}}, "configuration": {"ratio": "1:0"}}