{"ALL STATS": {"Sets": {"Latency": 12.2572131147541, "Ops/sec": 2611.55737704918}}, "configuration": {"ratio": "1:0"}}