{"configuration": {"ratio": "1:0"}, "ALL STATS": {"Sets": {"Ops/sec": 1205.3666666666666, "Latency": 1.6556666666666666}}}