{"ALL STATS": {"Sets": {"Ops/sec": 2595.3278688524592, "Latency": 19.122131147540983}}, "configuration": {"ratio": "1:0"}}