{"configuration": {"ratio": "0:1"}, "ALL STATS": {"Gets": {"Ops/sec": 976.7903225806451, "Latency": 81.83306451612904}}}