{"configuration": {"ratio": "0:1"}, "ALL STATS": {"Gets": {"Latency": 65.28327868852459, "Ops/sec": 979.327868852459}}}