{"configuration": {"ratio": "1:0"}, "ALL STATS": {"Sets": {"Latency": 33.428688524590164, "Ops/sec": 2395.7868852459014}}}