{"configuration": {"ratio": "0:1"}, "ALL STATS": {"Gets": {"Ops/sec": 977.2295081967213, "Latency": 32.71786885245901}}}