{"configuration": {"ratio": "0:1"}, "ALL STATS": {"Gets": {"Latency": 81.6948387096774, "Ops/sec": 978.1612903225806}}}