{"ALL STATS": {"Gets": {"Latency": 8.32032786885246, "Ops/sec": 959.6065573770492}}, "configuration": {"ratio": "0:1"}}