{"configuration": {"ratio": "0:1"}, "ALL STATS": {"Gets": {"Latency": 65.14629032258065, "Ops/sec": 981.5483870967741}}}