{"ALL STATS": {"Sets": {"Ops/sec": 2482.016666666667, "Latency": 6.445666666666668}}, "configuration": {"ratio": "1:0"}}