{"ALL STATS": {"Gets": {"Ops/sec": 952.5333333333333, "Latency": 2.0871666666666666}}, "configuration": {"ratio": "0:1"}}