{"configuration": {"ratio": "0:1"}, "ALL STATS": {"Gets": {"Latency": 32.50131147540983, "Ops/sec": 984.2459016393443}}}