{"ALL STATS": {"Gets": {"Latency": 48.85721311475409, "Ops/sec": 981.672131147541}}, "configuration": {"ratio": "0:1"}}