{"ALL STATS": {"Sets": {"Ops/sec": 2452.7049180327867, "Latency": 19.593442622950825}}, "configuration": {"ratio": "1:0"}}