{"configuration": {"ratio": "1:0"}, "ALL STATS": {"Sets": {"Latency": 13.831147540983608, "Ops/sec": 2315.409836065574}}}