{"configuration": {"ratio": "1:0"}, "ALL STATS": {"Sets": {"Latency": 1.7353333333333334, "Ops/sec": 1148.7166666666667}}}