{"configuration": {"ratio": "0:1"}, "ALL STATS": {"Gets": {"Ops/sec": 984.7377049180328, "Latency": 81.14852459016393}}}