{"ALL STATS": {"Sets": {"Ops/sec": 2431.5737704918033, "Latency": 19.748196721311476}}, "configuration": {"ratio": "1:0"}}