{"configuration": {"ratio": "0:1"}, "ALL STATS": {"Gets": {"Ops/sec": 965.0655737704918, "Latency": 66.26344262295082}}}