{"ALL STATS": {"Gets": {"Ops/sec": 984.1803278688525, "Latency": 16.239508196721314}}, "configuration": {"ratio": "0:1"}}