{"configuration": {"ratio": "1:0"}, "ALL STATS": {"Sets": {"Latency": 5.762833333333334, "Ops/sec": 2775.366666666667}}}