{"configuration": {"ratio": "0:1"}, "ALL STATS": {"Gets": {"Latency": 61.4516129032258, "Ops/sec": 1048.532258064516}}}