{"configuration": {"ratio": "0:1"}, "ALL STATS": {"Gets": {"Latency": 65.31688524590164, "Ops/sec": 978.7704918032787}}}