{"configuration": {"ratio": "1:0"}, "ALL STATS": {"Sets": {"Latency": 6.323500000000001, "Ops/sec": 2530.116666666667}}}