{"configuration": {"ratio": "0:1"}, "ALL STATS": {"Gets": {"Ops/sec": 987.3770491803278, "Latency": 16.185901639344266}}}