{"configuration": {"ratio": "0:1"}, "ALL STATS": {"Gets": {"Latency": 66.14459016393442, "Ops/sec": 966.5409836065573}}}