{"ALL STATS": {"Gets": {"Ops/sec": 983.9166666666666, "Latency": 2.0208333333333335}}, "configuration": {"ratio": "0:1"}}