{"ALL STATS": {"Gets": {"Latency": 48.53524590163934, "Ops/sec": 987.9180327868852}}, "configuration": {"ratio": "0:1"}}