{"configuration": {"ratio": "1:0"}, "ALL STATS": {"Sets": {"Ops/sec": 3019.934426229508, "Latency": 21.20196721311475}}}