{"ALL STATS": {"Gets": {"Latency": 16.144426229508195, "Ops/sec": 995.9672131147541}}, "configuration": {"ratio": "0:1"}}