{"ALL STATS": {"Gets": {"Latency": 48.2983606557377, "Ops/sec": 992.8360655737705}}, "configuration": {"ratio": "0:1"}}