requestType,queueLength,netthreadTime,queueTime,workerPreTime,memcachedRTT,workerPostTime, totalRequests
SET,35.65547828462271,70403.13275632715,3895295.6359790675,120101.40115962528,2151384.5234516347,322902.7130105167,534483
