requestType,queueLength,netthreadTime,queueTime,workerPreTime,memcachedRTT,workerPostTime, totalRequests
GET,117.13788210285895,32658.733439618278,42292692.079329275,46225.59942447833,5334246.273293646,23045.665615124122,176883
