requestType,queueLength,netthreadTime,queueTime,workerPreTime,memcachedRTT,workerPostTime, totalRequests
GET,1.6102116420265495,17262.40261722636,108865.76815422083,14301.57464068878,1067881.8958140386,17172.98675951017,174918
