requestType,queueLength,netthreadTime,queueTime,workerPreTime,memcachedRTT,workerPostTime, totalRequests
SET,26.728374153204793,78001.06975679065,2984916.6080315267,140349.07682630926,1957458.7627833507,354430.57831227203,491264
