requestType,queueLength,netthreadTime,queueTime,workerPreTime,memcachedRTT,workerPostTime, totalRequests
SET,5.382436613289193,76102.95640045554,510832.87902924616,81478.09740735788,1768035.9884730477,234741.1628205069,433766
