requestType,queueLength,netthreadTime,queueTime,workerPreTime,memcachedRTT,workerPostTime, totalRequests
GET,80.66328090498352,22240.84005390042,28487766.979192853,25404.380949145634,2652417.436797228,20688.370882449526,176622
