requestType,queueLength,netthreadTime,queueTime,workerPreTime,memcachedRTT,workerPostTime, totalRequests
GET,5.175859787237653,26069.669488793497,389638.75404514273,31821.440285719134,6556826.233931126,20620.027995045726,176817
