requestType,queueLength,netthreadTime,queueTime,workerPreTime,memcachedRTT,workerPostTime, totalRequests
GET,10.43757401982173,19960.284995438396,4497281.408136088,22702.617000900987,2641616.6749701086,21098.80916627473,176473
